spectrum_id,spectrum,category,wavenumbers,snr,resolution,artifacts
RS_0000,[0.47585903 0.47399301 0.47396588 ... 0.18962647 0.18957169 0.18996815],pharmaceutical,[ 100  102  104 ... 3194 3196 3198],125.1866258579162,2,"{'cosmic_spike': False, 'fluorescence': False}"
RS_0001,[0.         0.00056019 0.001365   ... 0.03792874 0.0374932  0.03779228],pharmaceutical,[ 100  102  104 ... 3194 3196 3198],130.65401849424194,2,"{'cosmic_spike': False, 'fluorescence': True}"
RS_0002,[0.02674333 0.02673678 0.02623422 ... 0.63023616 0.63153115 0.6345485 ],pharmaceutical,[ 100  102  104 ... 3194 3196 3198],135.75506232494013,2,"{'cosmic_spike': False, 'fluorescence': True}"
RS_0003,[0.08308331 0.08141413 0.08174349 ... 0.0015591  0.00084447 0.        ],pharmaceutical,[ 100  102  104 ... 3194 3196 3198],118.52678478022074,2,"{'cosmic_spike': False, 'fluorescence': True}"
RS_0004,"[0.00000000e+00 4.40434762e-05 6.76274592e-04 ... 4.61109391e-01
 4.61697089e-01 4.61049497e-01]",pharmaceutical,[ 100  102  104 ... 3194 3196 3198],89.58123759260059,2,"{'cosmic_spike': False, 'fluorescence': False}"
RS_0005,[0.03987845 0.03985981 0.03967745 ... 0.05772443 0.05714476 0.05683381],pharmaceutical,[ 100  102  104 ... 3194 3196 3198],146.98367626699059,2,"{'cosmic_spike': False, 'fluorescence': False}"
RS_0006,[0.6556566  0.56932853 0.55875455 ... 0.37103262 0.36819997 0.33798168],pharmaceutical,[ 100  102  104 ... 3194 3196 3198],13.889773427002652,2,"{'cosmic_spike': False, 'fluorescence': True}"
RS_0007,[0.00520303 0.         0.00511599 ... 1.         0.99534009 0.99774718],pharmaceutical,[ 100  102  104 ... 3194 3196 3198],41.999371661366894,2,"{'cosmic_spike': False, 'fluorescence': True}"
RS_0008,[0.15730175 0.17085592 0.17308173 ... 0.         0.01107698 0.01828896],pharmaceutical,[ 100  102  104 ... 3194 3196 3198],43.924480649580104,2,"{'cosmic_spike': False, 'fluorescence': False}"
RS_0009,[0.         0.00100361 0.00234634 ... 0.26615503 0.26468121 0.26302288],pharmaceutical,[ 100  102  104 ... 3194 3196 3198],97.88612044752901,2,"{'cosmic_spike': False, 'fluorescence': True}"
RS_0010,[0.00083353 0.         0.00179153 ... 0.48226306 0.48100785 0.48016053],pharmaceutical,[ 100  102  104 ... 3194 3196 3198],149.3346951077814,2,"{'cosmic_spike': False, 'fluorescence': False}"
RS_0011,"[2.46266598e-01 2.46828815e-01 2.48128583e-01 ... 1.27032993e-03
 0.00000000e+00 4.95757667e-05]",pharmaceutical,[ 100  102  104 ... 3194 3196 3198],48.43006875248464,2,"{'cosmic_spike': False, 'fluorescence': True}"
RS_0012,[0.08465178 0.08873082 0.0885142  ... 0.005804   0.00348648 0.        ],pharmaceutical,[ 100  102  104 ... 3194 3196 3198],105.65944796528034,2,"{'cosmic_spike': False, 'fluorescence': False}"
RS_0013,[0.65693985 0.65632238 0.65469019 ... 0.00091312 0.         0.00066782],pharmaceutical,[ 100  102  104 ... 3194 3196 3198],77.8488403113412,2,"{'cosmic_spike': False, 'fluorescence': False}"
RS_0014,[0.3671897  0.36709689 0.3673215  ... 0.00152941 0.00120006 0.        ],pharmaceutical,[ 100  102  104 ... 3194 3196 3198],142.66008656058668,2,"{'cosmic_spike': False, 'fluorescence': False}"
RS_0015,[0.00071257 0.         0.00188442 ... 0.47707186 0.47508883 0.47715402],pharmaceutical,[ 100  102  104 ... 3194 3196 3198],101.15485614085856,2,"{'cosmic_spike': True, 'fluorescence': True}"
RS_0016,"[0.00000000e+00 1.91759944e-04 2.49837033e-05 ... 5.27832697e-01
 5.18715405e-01 5.07985189e-01]",pharmaceutical,[ 100  102  104 ... 3194 3196 3198],48.18695247005601,2,"{'cosmic_spike': False, 'fluorescence': False}"
RS_0017,"[3.89237251e-04 1.70098756e-04 0.00000000e+00 ... 2.85289448e-01
 2.85279565e-01 2.85709762e-01]",pharmaceutical,[ 100  102  104 ... 3194 3196 3198],110.2245978328117,2,"{'cosmic_spike': False, 'fluorescence': False}"
RS_0018,[0.18727124 0.18966739 0.18923296 ... 0.00146342 0.00105707 0.        ],pharmaceutical,[ 100  102  104 ... 3194 3196 3198],80.39277042815482,2,"{'cosmic_spike': False, 'fluorescence': False}"
RS_0019,[0.         0.00095735 0.00182692 ... 0.94011978 0.94009577 0.93883595],pharmaceutical,[ 100  102  104 ... 3194 3196 3198],79.46945860866528,2,"{'cosmic_spike': False, 'fluorescence': False}"
RS_0020,[0.49346865 0.49257831 0.49237296 ... 0.10987463 0.10994612 0.11014272],pharmaceutical,[ 100  102  104 ... 3194 3196 3198],135.28273144565392,2,"{'cosmic_spike': False, 'fluorescence': False}"
RS_0021,[0.06596113 0.06668061 0.06641346 ... 0.69949713 0.70113194 0.70281876],pharmaceutical,[ 100  102  104 ... 3194 3196 3198],85.08737010766475,2,"{'cosmic_spike': False, 'fluorescence': False}"
RS_0022,[0.07022861 0.07041536 0.06881515 ... 0.47136231 0.47333998 0.47148304],pharmaceutical,[ 100  102  104 ... 3194 3196 3198],141.63978564952225,2,"{'cosmic_spike': False, 'fluorescence': False}"
RS_0023,"[7.07959566e-01 7.06643882e-01 7.04824876e-01 ... 7.74027855e-04
 8.90307957e-04 2.30289302e-04]",pharmaceutical,[ 100  102  104 ... 3194 3196 3198],112.38703529227651,2,"{'cosmic_spike': False, 'fluorescence': False}"
RS_0024,[0.94473933 0.94322105 0.94038405 ... 0.52486394 0.52505402 0.52660165],pharmaceutical,[ 100  102  104 ... 3194 3196 3198],111.71549240046188,2,"{'cosmic_spike': False, 'fluorescence': False}"
RS_0025,[0.82627725 0.82471266 0.82408902 ... 0.4612451  0.45832739 0.45550353],pharmaceutical,[ 100  102  104 ... 3194 3196 3198],131.7125933945877,2,"{'cosmic_spike': False, 'fluorescence': False}"
RS_0026,[0.         0.0020381  0.00130559 ... 0.7814755  0.78160892 0.78053913],pharmaceutical,[ 100  102  104 ... 3194 3196 3198],107.7328138258973,2,"{'cosmic_spike': False, 'fluorescence': True}"
RS_0027,[0.84751508 0.84627741 0.84266358 ... 0.5371084  0.52055337 0.50207042],pharmaceutical,[ 100  102  104 ... 3194 3196 3198],113.623114967357,2,"{'cosmic_spike': False, 'fluorescence': False}"
RS_0028,[0.00096371 0.         0.00214615 ... 0.74722574 0.74907132 0.74886584],pharmaceutical,[ 100  102  104 ... 3194 3196 3198],113.14913568673217,2,"{'cosmic_spike': False, 'fluorescence': False}"
RS_0029,[0.00040096 0.00063648 0.         ... 0.36312766 0.36249021 0.36364901],pharmaceutical,[ 100  102  104 ... 3194 3196 3198],137.99749710669306,2,"{'cosmic_spike': False, 'fluorescence': True}"
RS_0030,[0.0513765  0.05161385 0.05037331 ... 0.63069474 0.629499   0.62785884],pharmaceutical,[ 100  102  104 ... 3194 3196 3198],138.95665816380665,2,"{'cosmic_spike': False, 'fluorescence': True}"
RS_0031,[0.28387292 0.28217438 0.28346642 ... 0.0028147  0.         0.00505545],pharmaceutical,[ 100  102  104 ... 3194 3196 3198],40.76869082275364,2,"{'cosmic_spike': False, 'fluorescence': False}"
RS_0032,[0.62676279 0.62418904 0.62224896 ... 0.85710306 0.85950231 0.86234206],pharmaceutical,[ 100  102  104 ... 3194 3196 3198],103.73564315159079,2,"{'cosmic_spike': False, 'fluorescence': False}"
RS_0033,"[0.00000000e+00 1.95538458e-04 3.40398543e-04 ... 9.69493995e-01
 9.70264332e-01 9.71154160e-01]",pharmaceutical,[ 100  102  104 ... 3194 3196 3198],89.34230509613339,2,"{'cosmic_spike': False, 'fluorescence': False}"
RS_0034,[0.01107526 0.01046183 0.01047517 ... 0.86355088 0.86551952 0.86720342],pharmaceutical,[ 100  102  104 ... 3194 3196 3198],73.18971237342699,2,"{'cosmic_spike': False, 'fluorescence': False}"
RS_0035,[0.         0.00187886 0.00268638 ... 0.19491052 0.19375847 0.19341366],pharmaceutical,[ 100  102  104 ... 3194 3196 3198],76.63096680560517,2,"{'cosmic_spike': False, 'fluorescence': True}"
RS_0036,[0.00487735 0.01401027 0.02065677 ... 0.41281337 0.41887086 0.4284763 ],pharmaceutical,[ 100  102  104 ... 3194 3196 3198],27.674916898954365,2,"{'cosmic_spike': False, 'fluorescence': False}"
RS_0037,[0.44423293 0.47930992 0.46867219 ... 0.42908922 0.391807   0.43354275],pharmaceutical,[ 100  102  104 ... 3194 3196 3198],22.62180911830866,2,"{'cosmic_spike': False, 'fluorescence': True}"
RS_0038,[0.37842073 0.37798224 0.37644795 ... 0.00162068 0.00236157 0.0023351 ],pharmaceutical,[ 100  102  104 ... 3194 3196 3198],122.63152794405154,2,"{'cosmic_spike': False, 'fluorescence': False}"
RS_0039,[0.22114608 0.22063078 0.22366294 ... 0.0028901  0.00229319 0.        ],pharmaceutical,[ 100  102  104 ... 3194 3196 3198],112.05841038488046,2,"{'cosmic_spike': False, 'fluorescence': False}"
RS_0040,"[4.77659312e-04 0.00000000e+00 1.23524109e-03 ... 8.92484855e-01
 8.93121306e-01 8.94190902e-01]",pharmaceutical,[ 100  102  104 ... 3194 3196 3198],120.39771704694307,2,"{'cosmic_spike': False, 'fluorescence': False}"
RS_0041,"[4.57244444e-01 4.56527196e-01 4.57592245e-01 ... 1.15117342e-03
 0.00000000e+00 4.81534997e-05]",pharmaceutical,[ 100  102  104 ... 3194 3196 3198],60.11226912400213,2,"{'cosmic_spike': False, 'fluorescence': False}"
RS_0042,[0.0916839  0.08966334 0.09235573 ... 0.22169043 0.22052262 0.22226322],pharmaceutical,[ 100  102  104 ... 3194 3196 3198],38.77949191867114,2,"{'cosmic_spike': False, 'fluorescence': False}"
RS_0043,[0.29836564 0.29574527 0.29668021 ... 0.02657742 0.02806309 0.02785254],pharmaceutical,[ 100  102  104 ... 3194 3196 3198],105.66133723869987,2,"{'cosmic_spike': False, 'fluorescence': False}"
RS_0044,[1.         0.99821076 0.99636391 ... 0.16301586 0.16469032 0.16472438],pharmaceutical,[ 100  102  104 ... 3194 3196 3198],51.717472497529286,2,"{'cosmic_spike': False, 'fluorescence': False}"
RS_0045,[0.31977897 0.319636   0.31948948 ... 0.00281991 0.00155122 0.        ],pharmaceutical,[ 100  102  104 ... 3194 3196 3198],94.30170312944365,2,"{'cosmic_spike': False, 'fluorescence': False}"
RS_0046,[0.24511527 0.36136309 0.22058356 ... 0.62539541 0.6185124  0.74693838],pharmaceutical,[ 100  102  104 ... 3194 3196 3198],15.161054385077342,2,"{'cosmic_spike': False, 'fluorescence': False}"
RS_0047,[0.05987398 0.06102992 0.06113925 ... 0.00269718 0.00027674 0.        ],pharmaceutical,[ 100  102  104 ... 3194 3196 3198],62.40587546322704,2,"{'cosmic_spike': True, 'fluorescence': False}"
RS_0048,[0.         0.00224351 0.00397656 ... 0.11235092 0.11168858 0.1104758 ],pharmaceutical,[ 100  102  104 ... 3194 3196 3198],86.16640098482284,2,"{'cosmic_spike': False, 'fluorescence': False}"
RS_0049,[0.40290816 0.39974139 0.39959403 ... 0.74171646 0.74216929 0.74455492],pharmaceutical,[ 100  102  104 ... 3194 3196 3198],72.06807196117089,2,"{'cosmic_spike': False, 'fluorescence': True}"
RS_0050,[0.40619296 0.40576236 0.40678721 ... 0.00145542 0.00065243 0.        ],pharmaceutical,[ 100  102  104 ... 3194 3196 3198],60.10795377423487,2,"{'cosmic_spike': False, 'fluorescence': False}"
RS_0051,[0.1465251  0.12049771 0.16030016 ... 0.60782093 0.55947573 0.47987509],pharmaceutical,[ 100  102  104 ... 3194 3196 3198],20.99218182039273,2,"{'cosmic_spike': False, 'fluorescence': False}"
RS_0052,[0.14931089 0.14692957 0.14696382 ... 0.67896733 0.67976344 0.68221918],pharmaceutical,[ 100  102  104 ... 3194 3196 3198],86.62171776709486,2,"{'cosmic_spike': False, 'fluorescence': True}"
RS_0053,[0.         0.0010539  0.00234904 ... 0.76528124 0.76478117 0.76440681],pharmaceutical,[ 100  102  104 ... 3194 3196 3198],59.27532104068314,2,"{'cosmic_spike': False, 'fluorescence': False}"
RS_0054,[0.53051972 0.52787523 0.52890246 ... 0.00852943 0.00422696 0.        ],pharmaceutical,[ 100  102  104 ... 3194 3196 3198],82.2453882334875,2,"{'cosmic_spike': False, 'fluorescence': False}"
RS_0055,"[4.52355072e-04 0.00000000e+00 8.21656996e-04 ... 8.66047457e-01
 8.66570392e-01 8.67993102e-01]",pharmaceutical,[ 100  102  104 ... 3194 3196 3198],108.20805778739756,2,"{'cosmic_spike': False, 'fluorescence': False}"
RS_0056,[0.07595996 0.07621465 0.07564126 ... 0.43093189 0.43186731 0.43136333],pharmaceutical,[ 100  102  104 ... 3194 3196 3198],79.30867487396225,2,"{'cosmic_spike': False, 'fluorescence': True}"
RS_0057,[0.70676014 0.70531893 0.70410119 ... 0.31631126 0.31674397 0.31670468],pharmaceutical,[ 100  102  104 ... 3194 3196 3198],138.20864198583922,2,"{'cosmic_spike': False, 'fluorescence': False}"
RS_0058,[0.91913999 0.91958108 0.91790527 ... 0.00252724 0.00335236 0.        ],pharmaceutical,[ 100  102  104 ... 3194 3196 3198],45.49137475615738,2,"{'cosmic_spike': True, 'fluorescence': False}"
RS_0059,[0.79381199 0.79082704 0.80869304 ... 0.06412176 0.06811966 0.06837528],pharmaceutical,[ 100  102  104 ... 3194 3196 3198],32.54196609103833,2,"{'cosmic_spike': False, 'fluorescence': True}"
RS_0060,[0.29104748 0.2921111  0.29516733 ... 0.00302194 0.00086001 0.        ],pharmaceutical,[ 100  102  104 ... 3194 3196 3198],69.68118502929823,2,"{'cosmic_spike': False, 'fluorescence': True}"
RS_0061,[0.08877125 0.2317245  0.08623522 ... 0.36723272 0.46091835 0.34601481],pharmaceutical,[ 100  102  104 ... 3194 3196 3198],11.52828741217322,2,"{'cosmic_spike': False, 'fluorescence': False}"
RS_0062,[0.         0.00144888 0.00140422 ... 0.35786138 0.35639437 0.35619869],pharmaceutical,[ 100  102  104 ... 3194 3196 3198],52.27118213733036,2,"{'cosmic_spike': False, 'fluorescence': False}"
RS_0063,[0.50001205 0.43313764 0.49375295 ... 0.02344955 0.04972676 0.04430557],pharmaceutical,[ 100  102  104 ... 3194 3196 3198],16.01364803866879,2,"{'cosmic_spike': False, 'fluorescence': False}"
RS_0064,[0.00834438 0.00684176 0.00468181 ... 0.62662362 0.62151589 0.62513573],pharmaceutical,[ 100  102  104 ... 3194 3196 3198],35.18748113186751,2,"{'cosmic_spike': False, 'fluorescence': True}"
RS_0065,[0.42842833 0.4288496  0.42791476 ... 0.00259221 0.00103271 0.        ],pharmaceutical,[ 100  102  104 ... 3194 3196 3198],129.52788950586864,2,"{'cosmic_spike': False, 'fluorescence': True}"
RS_0066,[0.         0.00164931 0.00348449 ... 0.29225598 0.29310499 0.29171129],pharmaceutical,[ 100  102  104 ... 3194 3196 3198],85.88867411669001,2,"{'cosmic_spike': False, 'fluorescence': False}"
RS_0067,"[0.00000000e+00 8.84420873e-05 2.89972426e-04 ... 1.34732052e-01
 1.34985326e-01 1.34562823e-01]",pharmaceutical,[ 100  102  104 ... 3194 3196 3198],43.2734869076643,2,"{'cosmic_spike': False, 'fluorescence': False}"
RS_0068,[0.00216932 0.00247811 0.00238431 ... 0.00010579 0.00023126 0.        ],pharmaceutical,[ 100  102  104 ... 3194 3196 3198],135.64653615120775,2,"{'cosmic_spike': False, 'fluorescence': True}"
RS_0069,[0.07390627 0.131753   0.10059681 ... 0.67936517 0.68015936 0.67367867],pharmaceutical,[ 100  102  104 ... 3194 3196 3198],17.29308895658709,2,"{'cosmic_spike': False, 'fluorescence': False}"
RS_0070,"[0.00000000e+00 1.33633462e-03 3.75432738e-04 ... 7.20939985e-01
 7.21875747e-01 7.22931137e-01]",pharmaceutical,[ 100  102  104 ... 3194 3196 3198],132.8603122134909,2,"{'cosmic_spike': False, 'fluorescence': False}"
RS_0071,"[0.00000000e+00 2.36456739e-04 7.63958228e-04 ... 6.15073443e-01
 6.15092099e-01 6.13494612e-01]",pharmaceutical,[ 100  102  104 ... 3194 3196 3198],106.64388989148406,2,"{'cosmic_spike': False, 'fluorescence': True}"
RS_0072,"[1.55544474e-01 1.54836275e-01 1.55208590e-01 ... 3.31723746e-05
 0.00000000e+00 8.83649851e-04]",pharmaceutical,[ 100  102  104 ... 3194 3196 3198],121.6529766864569,2,"{'cosmic_spike': False, 'fluorescence': False}"
RS_0073,[0.10013515 0.09907642 0.10038187 ... 0.2232959  0.22379087 0.22287806],pharmaceutical,[ 100  102  104 ... 3194 3196 3198],55.998799383050496,2,"{'cosmic_spike': False, 'fluorescence': False}"
RS_0074,[1.         0.99866909 0.99753662 ... 0.15941319 0.16155903 0.16174544],pharmaceutical,[ 100  102  104 ... 3194 3196 3198],79.93602443165308,2,"{'cosmic_spike': False, 'fluorescence': True}"
RS_0075,[0.24397196 0.2429799  0.24271111 ... 0.6609202  0.66329207 0.66134517],pharmaceutical,[ 100  102  104 ... 3194 3196 3198],115.1467058196816,2,"{'cosmic_spike': False, 'fluorescence': False}"
RS_0076,[0.00172681 0.00111176 0.         ... 0.61311818 0.61393251 0.61458301],pharmaceutical,[ 100  102  104 ... 3194 3196 3198],109.00942011163504,2,"{'cosmic_spike': False, 'fluorescence': False}"
RS_0077,[0.8495017  0.84649436 0.84635847 ... 0.5103641  0.51120658 0.51068725],pharmaceutical,[ 100  102  104 ... 3194 3196 3198],100.25686520757132,2,"{'cosmic_spike': False, 'fluorescence': False}"
RS_0078,[0.59068056 0.62006511 0.58265074 ... 0.49680441 0.42741628 0.46011667],pharmaceutical,[ 100  102  104 ... 3194 3196 3198],26.845940643981002,2,"{'cosmic_spike': False, 'fluorescence': True}"
RS_0079,[0.89511822 0.8925554  0.89321117 ... 0.54930385 0.54741146 0.55122078],pharmaceutical,[ 100  102  104 ... 3194 3196 3198],110.2878233603961,2,"{'cosmic_spike': False, 'fluorescence': False}"
RS_0080,[0.85966677 0.86945431 0.87329774 ... 0.07490174 0.07523164 0.0626653 ],pharmaceutical,[ 100  102  104 ... 3194 3196 3198],32.44052426940547,2,"{'cosmic_spike': False, 'fluorescence': False}"
RS_0081,[0.00243392 0.00502679 0.00744681 ... 0.55429373 0.55178362 0.56100257],pharmaceutical,[ 100  102  104 ... 3194 3196 3198],40.09030681294939,2,"{'cosmic_spike': False, 'fluorescence': False}"
RS_0082,[0.9994983  1.         0.99613427 ... 0.59975078 0.6005364  0.60160593],pharmaceutical,[ 100  102  104 ... 3194 3196 3198],68.50555216667274,2,"{'cosmic_spike': False, 'fluorescence': False}"
RS_0083,[0.00196039 0.         0.00159243 ... 0.51322832 0.51200663 0.51229576],pharmaceutical,[ 100  102  104 ... 3194 3196 3198],132.2403955622176,2,"{'cosmic_spike': False, 'fluorescence': False}"
RS_0084,"[0.00000000e+00 1.81091043e-04 1.46180512e-03 ... 6.31528458e-01
 6.30514439e-01 6.30002187e-01]",pharmaceutical,[ 100  102  104 ... 3194 3196 3198],107.80439669031036,2,"{'cosmic_spike': False, 'fluorescence': False}"
RS_0085,[0.21478613 0.21281196 0.21331308 ... 0.19867104 0.19665627 0.1957515 ],pharmaceutical,[ 100  102  104 ... 3194 3196 3198],82.96526420346491,2,"{'cosmic_spike': False, 'fluorescence': True}"
RS_0086,[0.7338798  0.73309579 0.73304604 ... 0.00253021 0.00104013 0.        ],pharmaceutical,[ 100  102  104 ... 3194 3196 3198],140.48855865520636,2,"{'cosmic_spike': False, 'fluorescence': False}"
RS_0087,"[5.94467136e-01 5.95487780e-01 5.94697392e-01 ... 2.57459430e-04
 0.00000000e+00 4.72465168e-04]",pharmaceutical,[ 100  102  104 ... 3194 3196 3198],116.18801097486333,2,"{'cosmic_spike': False, 'fluorescence': True}"
RS_0088,[0.64874989 0.65651783 0.66140155 ... 0.04239257 0.04234538 0.02954182],pharmaceutical,[ 100  102  104 ... 3194 3196 3198],28.077486959482737,2,"{'cosmic_spike': False, 'fluorescence': False}"
RS_0089,"[5.97133660e-01 6.03497653e-01 6.00521830e-01 ... 1.95074171e-03
 1.65754775e-04 0.00000000e+00]",pharmaceutical,[ 100  102  104 ... 3194 3196 3198],44.49868086826977,2,"{'cosmic_spike': False, 'fluorescence': False}"
RS_0090,[0.86269338 0.83499309 0.85727897 ... 0.32147885 0.30319229 0.37817903],pharmaceutical,[ 100  102  104 ... 3194 3196 3198],14.706793146639995,2,"{'cosmic_spike': False, 'fluorescence': True}"
RS_0091,"[2.34189291e-01 2.05118532e-01 2.41386580e-01 ... 1.10453653e-04
 3.12194901e-02 8.25028460e-03]",pharmaceutical,[ 100  102  104 ... 3194 3196 3198],30.040433699925696,2,"{'cosmic_spike': False, 'fluorescence': False}"
RS_0092,[0.99847223 1.         0.99501101 ... 0.         0.00399532 0.00347747],pharmaceutical,[ 100  102  104 ... 3194 3196 3198],42.09636550134339,2,"{'cosmic_spike': False, 'fluorescence': True}"
RS_0093,[0.16894501 0.16909113 0.17138917 ... 0.34535899 0.34526602 0.34599784],pharmaceutical,[ 100  102  104 ... 3194 3196 3198],141.90266631910788,2,"{'cosmic_spike': False, 'fluorescence': False}"
RS_0094,"[0.00000000e+00 1.43877885e-04 2.25703165e-03 ... 1.88231474e-01
 1.84531909e-01 1.81566390e-01]",pharmaceutical,[ 100  102  104 ... 3194 3196 3198],139.41381297404874,2,"{'cosmic_spike': False, 'fluorescence': False}"
RS_0095,[0.3829419  0.38421975 0.39790117 ... 1.         0.9958307  0.99673434],pharmaceutical,[ 100  102  104 ... 3194 3196 3198],37.006370559155606,2,"{'cosmic_spike': False, 'fluorescence': False}"
RS_0096,[0.21615575 0.22573193 0.20914029 ... 0.53451361 0.50179035 0.49947147],pharmaceutical,[ 100  102  104 ... 3194 3196 3198],30.009985234385496,2,"{'cosmic_spike': False, 'fluorescence': False}"
RS_0097,"[9.45830295e-04 5.29527530e-04 0.00000000e+00 ... 7.56104414e-01
 7.55618823e-01 7.55368295e-01]",pharmaceutical,[ 100  102  104 ... 3194 3196 3198],132.60123423072577,2,"{'cosmic_spike': False, 'fluorescence': False}"
RS_0098,[0.60118706 0.60100026 0.60036939 ... 0.00330702 0.00083827 0.        ],pharmaceutical,[ 100  102  104 ... 3194 3196 3198],114.05103586704521,2,"{'cosmic_spike': True, 'fluorescence': False}"
RS_0099,[0.86804856 0.86531716 0.86461056 ... 0.00394831 0.00251654 0.        ],pharmaceutical,[ 100  102  104 ... 3194 3196 3198],54.8394798424753,2,"{'cosmic_spike': False, 'fluorescence': False}"
RS_0100,"[1.10422231e-04 2.53116271e-03 0.00000000e+00 ... 9.43787564e-01
 9.44087391e-01 9.46260334e-01]",pharmaceutical,[ 100  102  104 ... 3194 3196 3198],100.44217814480858,2,"{'cosmic_spike': False, 'fluorescence': False}"
RS_0101,[0.4305461  0.44195329 0.40870816 ... 0.03512739 0.04030996 0.02848838],pharmaceutical,[ 100  102  104 ... 3194 3196 3198],33.43028621610085,2,"{'cosmic_spike': False, 'fluorescence': True}"
RS_0102,[0.81765919 0.81515849 0.81340877 ... 0.34206429 0.34272207 0.34167353],pharmaceutical,[ 100  102  104 ... 3194 3196 3198],108.22557233857673,2,"{'cosmic_spike': False, 'fluorescence': False}"
RS_0103,[0.4125268  0.40844032 0.41037962 ... 0.24569334 0.24236377 0.24079219],pharmaceutical,[ 100  102  104 ... 3194 3196 3198],43.57818617889602,2,"{'cosmic_spike': False, 'fluorescence': False}"
RS_0104,[0.01283189 0.0123849  0.01208308 ... 0.99876891 1.         0.99444475],pharmaceutical,[ 100  102  104 ... 3194 3196 3198],120.42189376733464,2,"{'cosmic_spike': False, 'fluorescence': False}"
RS_0105,[0.77695605 0.7488521  0.74484532 ... 0.78571373 0.74972388 0.7904134 ],pharmaceutical,[ 100  102  104 ... 3194 3196 3198],26.496210835163915,2,"{'cosmic_spike': False, 'fluorescence': False}"
RS_0106,[0.24591286 0.22588298 0.2705975  ... 0.07584975 0.09150898 0.14372704],pharmaceutical,[ 100  102  104 ... 3194 3196 3198],14.19590712794805,2,"{'cosmic_spike': False, 'fluorescence': False}"
RS_0107,[0.01966019 0.01809036 0.01922543 ... 0.4046381  0.4069581  0.40671757],pharmaceutical,[ 100  102  104 ... 3194 3196 3198],77.91010964202303,2,"{'cosmic_spike': False, 'fluorescence': True}"
RS_0108,"[5.50316256e-04 7.50288589e-04 0.00000000e+00 ... 7.53708593e-01
 7.51755563e-01 7.49123380e-01]",pharmaceutical,[ 100  102  104 ... 3194 3196 3198],78.3772820086196,2,"{'cosmic_spike': True, 'fluorescence': False}"
RS_0109,[0.49453429 0.49697702 0.49163743 ... 0.23301671 0.23219094 0.23318991],pharmaceutical,[ 100  102  104 ... 3194 3196 3198],81.5518464999655,2,"{'cosmic_spike': False, 'fluorescence': True}"
RS_0110,[0.10728049 0.10647812 0.10875716 ... 0.00593577 0.00233567 0.        ],pharmaceutical,[ 100  102  104 ... 3194 3196 3198],71.29123913052534,2,"{'cosmic_spike': True, 'fluorescence': False}"
RS_0111,[0.2281475  0.24325396 0.23124059 ... 0.00458667 0.00033919 0.01035004],pharmaceutical,[ 100  102  104 ... 3194 3196 3198],32.467317334523685,2,"{'cosmic_spike': False, 'fluorescence': False}"
RS_0112,[0.49259538 0.49234865 0.49189244 ... 0.98400487 0.97850716 0.96922399],pharmaceutical,[ 100  102  104 ... 3194 3196 3198],43.471174206926236,2,"{'cosmic_spike': False, 'fluorescence': False}"
RS_0113,[0.43790842 0.43767143 0.43941278 ... 0.5105759  0.49910297 0.4960235 ],pharmaceutical,[ 100  102  104 ... 3194 3196 3198],34.51793067343948,2,"{'cosmic_spike': False, 'fluorescence': False}"
RS_0114,[1.         0.99851983 0.99810984 ... 0.02498362 0.02351518 0.02309943],pharmaceutical,[ 100  102  104 ... 3194 3196 3198],139.217606715219,2,"{'cosmic_spike': False, 'fluorescence': False}"
RS_0115,[0.45609582 0.45655966 0.45742475 ... 0.00181037 0.         0.00137228],pharmaceutical,[ 100  102  104 ... 3194 3196 3198],122.96551333040405,2,"{'cosmic_spike': False, 'fluorescence': False}"
RS_0116,[0.97880796 0.97676381 0.97763724 ... 0.00193628 0.00117712 0.        ],pharmaceutical,[ 100  102  104 ... 3194 3196 3198],68.89524593401474,2,"{'cosmic_spike': False, 'fluorescence': False}"
RS_0117,[0.00014614 0.00014509 0.         ... 0.13968686 0.14000144 0.14012489],pharmaceutical,[ 100  102  104 ... 3194 3196 3198],123.29921193075015,2,"{'cosmic_spike': False, 'fluorescence': False}"
RS_0118,[0.90613087 0.89517835 0.88666049 ... 0.03135648 0.04881621 0.08233128],pharmaceutical,[ 100  102  104 ... 3194 3196 3198],19.252958828146383,2,"{'cosmic_spike': False, 'fluorescence': False}"
RS_0119,[0.12068103 0.15754348 0.11668044 ... 0.95033481 0.95627499 0.95279604],pharmaceutical,[ 100  102  104 ... 3194 3196 3198],23.076023257507742,2,"{'cosmic_spike': False, 'fluorescence': True}"
RS_0120,[1.         0.99452114 0.99211698 ... 0.01156018 0.01097713 0.01324329],pharmaceutical,[ 100  102  104 ... 3194 3196 3198],46.21752153865903,2,"{'cosmic_spike': False, 'fluorescence': False}"
RS_0121,[0.         0.00148546 0.00093116 ... 0.67309745 0.65320781 0.63941479],pharmaceutical,[ 100  102  104 ... 3194 3196 3198],136.61748866106575,2,"{'cosmic_spike': False, 'fluorescence': False}"
RS_0122,[0.62693037 0.62488133 0.62374651 ... 0.96171646 0.96450132 0.96695314],pharmaceutical,[ 100  102  104 ... 3194 3196 3198],96.21030723931077,2,"{'cosmic_spike': False, 'fluorescence': False}"
RS_0123,[0.00114133 0.00142672 0.00063478 ... 0.06135348 0.06328597 0.06372217],pharmaceutical,[ 100  102  104 ... 3194 3196 3198],72.7054717536647,2,"{'cosmic_spike': False, 'fluorescence': False}"
RS_0124,[0.06593468 0.0263042  0.02149315 ... 0.56033911 0.57037607 0.56200964],pharmaceutical,[ 100  102  104 ... 3194 3196 3198],20.039791760015035,2,"{'cosmic_spike': False, 'fluorescence': False}"
RS_0125,[0.3289743  0.32772545 0.32567062 ... 0.99659696 0.99727026 1.        ],pharmaceutical,[ 100  102  104 ... 3194 3196 3198],141.66198637861459,2,"{'cosmic_spike': False, 'fluorescence': False}"
RS_0126,[0.89660003 0.89591301 0.89793208 ... 0.00685696 0.00834524 0.00999901],pharmaceutical,[ 100  102  104 ... 3194 3196 3198],45.69050808087216,2,"{'cosmic_spike': False, 'fluorescence': True}"
RS_0127,[0.39445822 0.393665   0.39362311 ... 0.59843959 0.59864947 0.59775826],pharmaceutical,[ 100  102  104 ... 3194 3196 3198],93.23253498772294,2,"{'cosmic_spike': False, 'fluorescence': True}"
RS_0128,[0.33093999 0.34292973 0.3491942  ... 0.01918737 0.01480836 0.        ],pharmaceutical,[ 100  102  104 ... 3194 3196 3198],29.099494747577314,2,"{'cosmic_spike': False, 'fluorescence': True}"
RS_0129,[0.41049657 0.35017558 0.33489887 ... 0.21000996 0.24939988 0.24637264],pharmaceutical,[ 100  102  104 ... 3194 3196 3198],26.42557527063444,2,"{'cosmic_spike': False, 'fluorescence': False}"
RS_0130,[0.36548183 0.36616622 0.36601079 ... 0.16420267 0.16664457 0.16644607],pharmaceutical,[ 100  102  104 ... 3194 3196 3198],59.6613543035079,2,"{'cosmic_spike': False, 'fluorescence': False}"
RS_0131,[0.         0.00171514 0.00206887 ... 0.20358311 0.20172807 0.20145734],pharmaceutical,[ 100  102  104 ... 3194 3196 3198],138.33961238851907,2,"{'cosmic_spike': True, 'fluorescence': False}"
RS_0132,[0.60295591 0.60289286 0.60418072 ... 0.0040334  0.00221182 0.00468775],pharmaceutical,[ 100  102  104 ... 3194 3196 3198],100.50502640228262,2,"{'cosmic_spike': False, 'fluorescence': False}"
RS_0133,[0.7881538  0.78775152 0.78756094 ... 0.00187608 0.         0.00101414],pharmaceutical,[ 100  102  104 ... 3194 3196 3198],46.88913738228226,2,"{'cosmic_spike': False, 'fluorescence': True}"
RS_0134,[0.22680686 0.2260595  0.22340445 ... 0.32262778 0.32190379 0.32240086],pharmaceutical,[ 100  102  104 ... 3194 3196 3198],134.60032948842127,2,"{'cosmic_spike': False, 'fluorescence': False}"
RS_0135,[0.         0.00091191 0.00086259 ... 0.08993717 0.0902704  0.09131306],pharmaceutical,[ 100  102  104 ... 3194 3196 3198],76.79015719376734,2,"{'cosmic_spike': True, 'fluorescence': True}"
RS_0136,[0.         0.0012562  0.00183436 ... 0.77222403 0.76427046 0.75559652],pharmaceutical,[ 100  102  104 ... 3194 3196 3198],102.13679079482019,2,"{'cosmic_spike': False, 'fluorescence': False}"
RS_0137,[0.00070729 0.         0.0008097  ... 0.33785575 0.33854374 0.33929134],pharmaceutical,[ 100  102  104 ... 3194 3196 3198],142.1434477422683,2,"{'cosmic_spike': False, 'fluorescence': False}"
RS_0138,[0.29546374 0.27646218 0.27172228 ... 0.04224411 0.01102396 0.00407653],pharmaceutical,[ 100  102  104 ... 3194 3196 3198],27.05716764589819,2,"{'cosmic_spike': False, 'fluorescence': True}"
RS_0139,[0.92720399 0.95342478 0.96520934 ... 0.05155027 0.04975972 0.03087412],pharmaceutical,[ 100  102  104 ... 3194 3196 3198],17.186335554946183,2,"{'cosmic_spike': False, 'fluorescence': False}"
RS_0140,[0.69060677 0.6714295  0.69296356 ... 0.01358126 0.03039035 0.01594008],pharmaceutical,[ 100  102  104 ... 3194 3196 3198],31.006650499356084,2,"{'cosmic_spike': False, 'fluorescence': True}"
RS_0141,[0.128523   0.11148074 0.0954032  ... 0.70116972 0.68653383 0.73591884],pharmaceutical,[ 100  102  104 ... 3194 3196 3198],13.696552869832995,2,"{'cosmic_spike': False, 'fluorescence': True}"
RS_0142,[0.50301005 0.63545174 0.53077836 ... 0.18675636 0.05254002 0.10084679],pharmaceutical,[ 100  102  104 ... 3194 3196 3198],17.505506846965886,2,"{'cosmic_spike': False, 'fluorescence': True}"
RS_0143,[0.04138854 0.         0.01702996 ... 0.32773415 0.32570633 0.33742761],pharmaceutical,[ 100  102  104 ... 3194 3196 3198],31.859118183256644,2,"{'cosmic_spike': False, 'fluorescence': False}"
RS_0144,[0.22027828 0.21821096 0.21727567 ... 0.79175961 0.79374137 0.79559454],pharmaceutical,[ 100  102  104 ... 3194 3196 3198],144.38156330298702,2,"{'cosmic_spike': False, 'fluorescence': False}"
RS_0145,[0.03836121 0.03812333 0.03024348 ... 0.53155937 0.50006038 0.52186853],pharmaceutical,[ 100  102  104 ... 3194 3196 3198],29.261421438096697,2,"{'cosmic_spike': False, 'fluorescence': False}"
RS_0146,[0.         0.0005844  0.00062984 ... 0.56394799 0.56343332 0.56424401],pharmaceutical,[ 100  102  104 ... 3194 3196 3198],72.22772357751246,2,"{'cosmic_spike': False, 'fluorescence': False}"
RS_0147,[0.65163158 0.65149213 0.64918222 ... 0.06751952 0.06762387 0.06845282],pharmaceutical,[ 100  102  104 ... 3194 3196 3198],67.33711398391176,2,"{'cosmic_spike': False, 'fluorescence': True}"
RS_0148,[0.00023104 0.00191295 0.00286509 ... 0.18324145 0.18365805 0.18342261],pharmaceutical,[ 100  102  104 ... 3194 3196 3198],120.68869883031972,2,"{'cosmic_spike': False, 'fluorescence': True}"
RS_0149,[0.         0.00112081 0.0024137  ... 0.5161655  0.51673413 0.51591167],pharmaceutical,[ 100  102  104 ... 3194 3196 3198],138.8553216895669,2,"{'cosmic_spike': False, 'fluorescence': True}"
RS_0150,[0.78007205 0.78278377 0.79286807 ... 0.01627541 0.0131854  0.0122093 ],pharmaceutical,[ 100  102  104 ... 3194 3196 3198],36.030617371950676,2,"{'cosmic_spike': False, 'fluorescence': True}"
RS_0151,[0.00256494 0.0017362  0.         ... 0.98045625 0.97008208 0.95528468],pharmaceutical,[ 100  102  104 ... 3194 3196 3198],92.29365836862435,2,"{'cosmic_spike': False, 'fluorescence': True}"
RS_0152,"[0.00000000e+00 1.06482094e-05 1.38294737e-03 ... 6.26204750e-01
 6.25393636e-01 6.25601024e-01]",pharmaceutical,[ 100  102  104 ... 3194 3196 3198],47.92018249782319,2,"{'cosmic_spike': False, 'fluorescence': False}"
RS_0153,[0.85294629 0.84259969 0.83573983 ... 0.42646697 0.42081967 0.41841506],pharmaceutical,[ 100  102  104 ... 3194 3196 3198],32.49050501699482,2,"{'cosmic_spike': False, 'fluorescence': False}"
RS_0154,[0.40361511 0.4015317  0.40226316 ... 0.63434556 0.63797514 0.64292472],pharmaceutical,[ 100  102  104 ... 3194 3196 3198],30.713366739975317,2,"{'cosmic_spike': False, 'fluorescence': True}"
RS_0155,"[7.17890273e-01 7.17121492e-01 7.18517557e-01 ... 6.46807652e-04
 6.58915237e-04 0.00000000e+00]",pharmaceutical,[ 100  102  104 ... 3194 3196 3198],101.69040806463894,2,"{'cosmic_spike': False, 'fluorescence': True}"
RS_0156,[0.61663094 0.59135217 0.60226932 ... 0.33576126 0.34297309 0.35583926],pharmaceutical,[ 100  102  104 ... 3194 3196 3198],32.56855487595461,2,"{'cosmic_spike': False, 'fluorescence': True}"
RS_0157,"[1.59139336e-01 1.57716772e-01 1.57668736e-01 ... 9.48440143e-05
 5.38055085e-04 0.00000000e+00]",pharmaceutical,[ 100  102  104 ... 3194 3196 3198],75.34191793497459,2,"{'cosmic_spike': False, 'fluorescence': True}"
RS_0158,[0.26683581 0.26661117 0.26575274 ... 0.30771302 0.30690208 0.30875474],pharmaceutical,[ 100  102  104 ... 3194 3196 3198],84.09027413761696,2,"{'cosmic_spike': False, 'fluorescence': False}"
RS_0159,"[3.00492410e-01 3.01622864e-01 3.00641677e-01 ... 0.00000000e+00
 1.57611671e-03 5.65024880e-06]",pharmaceutical,[ 100  102  104 ... 3194 3196 3198],58.25498765164625,2,"{'cosmic_spike': False, 'fluorescence': False}"
RS_0160,[0.28615295 0.28319144 0.28387816 ... 0.99417434 0.99854205 1.        ],pharmaceutical,[ 100  102  104 ... 3194 3196 3198],140.54900801754405,2,"{'cosmic_spike': False, 'fluorescence': False}"
RS_0161,[0.10614215 0.10674658 0.10708897 ... 0.12863282 0.13023888 0.12768249],pharmaceutical,[ 100  102  104 ... 3194 3196 3198],89.61870584207442,2,"{'cosmic_spike': False, 'fluorescence': False}"
RS_0162,[1.         0.99802909 0.99612188 ... 0.54188843 0.54268742 0.54380891],pharmaceutical,[ 100  102  104 ... 3194 3196 3198],118.81883654648817,2,"{'cosmic_spike': True, 'fluorescence': False}"
RS_0163,[0.01054353 0.01238256 0.         ... 0.45043974 0.45802892 0.45962414],pharmaceutical,[ 100  102  104 ... 3194 3196 3198],34.88932353380417,2,"{'cosmic_spike': False, 'fluorescence': False}"
RS_0164,[0.6558049  0.65714011 0.6598143  ... 0.00372458 0.00317424 0.        ],pharmaceutical,[ 100  102  104 ... 3194 3196 3198],60.07886913240501,2,"{'cosmic_spike': False, 'fluorescence': False}"
RS_0165,"[6.99784175e-01 7.00180419e-01 7.00132651e-01 ... 1.47799779e-03
 0.00000000e+00 6.35959058e-05]",pharmaceutical,[ 100  102  104 ... 3194 3196 3198],101.48027721354298,2,"{'cosmic_spike': False, 'fluorescence': False}"
RS_0166,[0.         0.00184927 0.00212743 ... 0.6330057  0.63232089 0.63228227],pharmaceutical,[ 100  102  104 ... 3194 3196 3198],122.12329889019497,2,"{'cosmic_spike': False, 'fluorescence': True}"
RS_0167,"[4.13997309e-01 4.16350433e-01 4.17652887e-01 ... 2.12738892e-03
 1.76015664e-04 0.00000000e+00]",pharmaceutical,[ 100  102  104 ... 3194 3196 3198],106.92379537063138,2,"{'cosmic_spike': False, 'fluorescence': False}"
RS_0168,[0.2158072  0.21422976 0.21354887 ... 0.69415762 0.69515202 0.69738601],pharmaceutical,[ 100  102  104 ... 3194 3196 3198],148.28337142129465,2,"{'cosmic_spike': False, 'fluorescence': False}"
RS_0169,[0.49505662 0.50455392 0.48726223 ... 0.17671185 0.18241551 0.        ],pharmaceutical,[ 100  102  104 ... 3194 3196 3198],14.635521705750596,2,"{'cosmic_spike': False, 'fluorescence': False}"
RS_0170,[0.         0.00120433 0.00228638 ... 0.64667334 0.64505915 0.64584905],pharmaceutical,[ 100  102  104 ... 3194 3196 3198],84.27332595145073,2,"{'cosmic_spike': False, 'fluorescence': False}"
RS_0171,[0.17944305 0.16267518 0.16463099 ... 0.86152443 0.87806142 0.86639283],pharmaceutical,[ 100  102  104 ... 3194 3196 3198],41.75489851022188,2,"{'cosmic_spike': False, 'fluorescence': False}"
RS_0172,[0.36335913 0.36297856 0.36286587 ... 0.00240989 0.00098777 0.        ],pharmaceutical,[ 100  102  104 ... 3194 3196 3198],64.81802429816835,2,"{'cosmic_spike': False, 'fluorescence': False}"
RS_0173,[1.         0.99819044 0.99679872 ... 0.11905452 0.10358084 0.0941785 ],pharmaceutical,[ 100  102  104 ... 3194 3196 3198],93.65465046092253,2,"{'cosmic_spike': False, 'fluorescence': False}"
RS_0174,[0.35094813 0.35070558 0.35232007 ... 0.12775343 0.12323893 0.12320254],pharmaceutical,[ 100  102  104 ... 3194 3196 3198],50.28417021821752,2,"{'cosmic_spike': False, 'fluorescence': True}"
RS_0175,[0.97066309 0.82257138 0.96230974 ... 0.11199354 0.11060025 0.10999121],pharmaceutical,[ 100  102  104 ... 3194 3196 3198],17.647464404413867,2,"{'cosmic_spike': False, 'fluorescence': False}"
RS_0176,[0.86181926 0.85481246 0.8537282  ... 0.07899172 0.03940307 0.04179081],pharmaceutical,[ 100  102  104 ... 3194 3196 3198],25.8671994145951,2,"{'cosmic_spike': False, 'fluorescence': True}"
RS_0177,[0.28042944 0.27982105 0.27917246 ... 0.79956606 0.79427846 0.78909781],pharmaceutical,[ 100  102  104 ... 3194 3196 3198],64.89209069529909,2,"{'cosmic_spike': False, 'fluorescence': True}"
RS_0178,[0.61071185 0.73061955 0.72724844 ... 0.31227372 0.26320358 0.3363494 ],pharmaceutical,[ 100  102  104 ... 3194 3196 3198],16.552459793599752,2,"{'cosmic_spike': False, 'fluorescence': False}"
RS_0179,[0.12591514 0.12367531 0.12132219 ... 0.89060694 0.89191035 0.8908558 ],pharmaceutical,[ 100  102  104 ... 3194 3196 3198],55.783237283863585,2,"{'cosmic_spike': False, 'fluorescence': False}"
RS_0180,[0.65004948 0.73509594 0.69606091 ... 0.77728862 0.77893829 0.70939873],pharmaceutical,[ 100  102  104 ... 3194 3196 3198],23.9431909767381,2,"{'cosmic_spike': False, 'fluorescence': False}"
RS_0181,[0.18446079 0.08574486 0.13112551 ... 0.74171813 0.73927459 0.7086124 ],pharmaceutical,[ 100  102  104 ... 3194 3196 3198],16.854626172850033,2,"{'cosmic_spike': False, 'fluorescence': False}"
RS_0182,[0.43351297 0.42810539 0.4311075  ... 0.01875919 0.00930132 0.        ],pharmaceutical,[ 100  102  104 ... 3194 3196 3198],41.13593028239994,2,"{'cosmic_spike': False, 'fluorescence': False}"
RS_0183,[0.70291928 0.7021022  0.70182835 ... 0.00123624 0.00079558 0.        ],pharmaceutical,[ 100  102  104 ... 3194 3196 3198],96.68380871268857,2,"{'cosmic_spike': False, 'fluorescence': False}"
RS_0184,"[0.00000000e+00 1.32792537e-04 1.75026443e-04 ... 1.69019741e-01
 1.64761890e-01 1.60499570e-01]",pharmaceutical,[ 100  102  104 ... 3194 3196 3198],104.1555906610479,2,"{'cosmic_spike': False, 'fluorescence': True}"
RS_0185,"[3.31954039e-01 3.31921864e-01 3.31766251e-01 ... 5.57679761e-04
 6.91945054e-05 0.00000000e+00]",pharmaceutical,[ 100  102  104 ... 3194 3196 3198],52.70965551075092,2,"{'cosmic_spike': True, 'fluorescence': False}"
RS_0186,[0.01450791 0.01455586 0.01398752 ... 0.99708089 0.99801278 1.        ],pharmaceutical,[ 100  102  104 ... 3194 3196 3198],113.21694899885544,2,"{'cosmic_spike': False, 'fluorescence': True}"
RS_0187,[0.         0.00120363 0.00315724 ... 0.50047865 0.49925311 0.49822374],pharmaceutical,[ 100  102  104 ... 3194 3196 3198],77.86864248427773,2,"{'cosmic_spike': False, 'fluorescence': False}"
RS_0188,[0.20405007 0.20403797 0.20384576 ... 0.02106374 0.02178984 0.02085286],pharmaceutical,[ 100  102  104 ... 3194 3196 3198],143.05010325087275,2,"{'cosmic_spike': False, 'fluorescence': False}"
RS_0189,[0.04462625 0.08064761 0.03773787 ... 0.72319172 0.8007882  0.79815063],pharmaceutical,[ 100  102  104 ... 3194 3196 3198],16.559721915761656,2,"{'cosmic_spike': False, 'fluorescence': False}"
RS_0190,"[2.61287839e-01 2.60955789e-01 2.60471646e-01 ... 0.00000000e+00
 9.59791279e-05 6.37567991e-05]",pharmaceutical,[ 100  102  104 ... 3194 3196 3198],79.683683671062,2,"{'cosmic_spike': False, 'fluorescence': True}"
RS_0191,[0.         0.00194539 0.00397081 ... 0.31835379 0.31724818 0.31680338],pharmaceutical,[ 100  102  104 ... 3194 3196 3198],56.15118705045232,2,"{'cosmic_spike': False, 'fluorescence': False}"
RS_0192,[0.05918995 0.05842404 0.05694526 ... 0.0006824  0.         0.00111388],pharmaceutical,[ 100  102  104 ... 3194 3196 3198],114.29030930302822,2,"{'cosmic_spike': False, 'fluorescence': False}"
RS_0193,[0.96407019 0.96218103 0.96035523 ... 0.00834989 0.00901692 0.01015315],pharmaceutical,[ 100  102  104 ... 3194 3196 3198],81.50119230689064,2,"{'cosmic_spike': False, 'fluorescence': True}"
RS_0194,[0.62555361 0.62596056 0.62665752 ... 0.0014763  0.         0.00111962],pharmaceutical,[ 100  102  104 ... 3194 3196 3198],116.69659771067118,2,"{'cosmic_spike': False, 'fluorescence': False}"
RS_0195,"[6.30103185e-01 6.27491040e-01 6.29437993e-01 ... 0.00000000e+00
 4.82804747e-04 4.40137301e-04]",pharmaceutical,[ 100  102  104 ... 3194 3196 3198],58.119585020061834,2,"{'cosmic_spike': False, 'fluorescence': True}"
RS_0196,[0.10760358 0.11112165 0.11299827 ... 0.00258461 0.         0.00229138],pharmaceutical,[ 100  102  104 ... 3194 3196 3198],26.275343323766386,2,"{'cosmic_spike': False, 'fluorescence': False}"
RS_0197,[0.47203019 0.47009832 0.47096351 ... 0.26449669 0.24835882 0.23190411],pharmaceutical,[ 100  102  104 ... 3194 3196 3198],59.24138611435606,2,"{'cosmic_spike': False, 'fluorescence': True}"
RS_0198,[0.10579506 0.12042088 0.09803805 ... 0.99119398 0.9950862  0.99293215],pharmaceutical,[ 100  102  104 ... 3194 3196 3198],33.6754712953596,2,"{'cosmic_spike': False, 'fluorescence': True}"
RS_0199,[0.01943608 0.01896425 0.01993352 ... 0.11838388 0.11609329 0.11809196],pharmaceutical,[ 100  102  104 ... 3194 3196 3198],118.4307130847317,2,"{'cosmic_spike': True, 'fluorescence': False}"
RS_0200,[0.93736458 0.93724337 0.92629683 ... 0.17438684 0.1769617  0.17382127],pharmaceutical,[ 100  102  104 ... 3194 3196 3198],49.67562572696155,2,"{'cosmic_spike': False, 'fluorescence': True}"
RS_0201,"[5.65912481e-01 5.64453946e-01 5.64835061e-01 ... 3.46167891e-04
 7.30566018e-04 0.00000000e+00]",pharmaceutical,[ 100  102  104 ... 3194 3196 3198],126.17857331799328,2,"{'cosmic_spike': False, 'fluorescence': False}"
RS_0202,"[6.80941706e-01 6.81096790e-01 6.80568913e-01 ... 1.25053851e-03
 5.36794582e-04 0.00000000e+00]",pharmaceutical,[ 100  102  104 ... 3194 3196 3198],144.70544836206943,2,"{'cosmic_spike': False, 'fluorescence': False}"
RS_0203,[0.1920025  0.19174811 0.19471448 ... 0.00243727 0.00187349 0.        ],pharmaceutical,[ 100  102  104 ... 3194 3196 3198],117.45958602440601,2,"{'cosmic_spike': False, 'fluorescence': False}"
RS_0204,[0.1212384  0.11908308 0.11961011 ... 0.75941462 0.76040378 0.76390048],pharmaceutical,[ 100  102  104 ... 3194 3196 3198],123.81485894076913,2,"{'cosmic_spike': False, 'fluorescence': True}"
RS_0205,"[2.25908717e-02 1.18882048e-05 2.86952769e-02 ... 1.00000000e+00
 9.74946697e-01 9.72941404e-01]",pharmaceutical,[ 100  102  104 ... 3194 3196 3198],34.073998815133756,2,"{'cosmic_spike': False, 'fluorescence': False}"
RS_0206,[0.00200933 0.0051598  0.04242086 ... 0.57778341 0.58067348 0.59866751],pharmaceutical,[ 100  102  104 ... 3194 3196 3198],27.225763741555923,2,"{'cosmic_spike': False, 'fluorescence': False}"
RS_0207,[0.0460644  0.04588838 0.04593505 ... 0.00079386 0.00076295 0.00097185],pharmaceutical,[ 100  102  104 ... 3194 3196 3198],145.40118082253537,2,"{'cosmic_spike': False, 'fluorescence': False}"
RS_0208,[0.         0.00110123 0.0028142  ... 0.50310563 0.49881381 0.49437738],pharmaceutical,[ 100  102  104 ... 3194 3196 3198],67.54363350320733,2,"{'cosmic_spike': False, 'fluorescence': False}"
RS_0209,[0.00722861 0.00765213 0.006457   ... 0.99708967 1.         0.99927482],pharmaceutical,[ 100  102  104 ... 3194 3196 3198],106.34217970036767,2,"{'cosmic_spike': False, 'fluorescence': False}"
RS_0210,[0.7504748  0.75029944 0.75107132 ... 0.00300989 0.00124864 0.        ],pharmaceutical,[ 100  102  104 ... 3194 3196 3198],67.77026143937002,2,"{'cosmic_spike': False, 'fluorescence': True}"
RS_0211,[1.         0.99934237 0.99782103 ... 0.19119284 0.17528548 0.16152179],pharmaceutical,[ 100  102  104 ... 3194 3196 3198],103.60095061079376,2,"{'cosmic_spike': False, 'fluorescence': False}"
RS_0212,[0.         0.00113635 0.00298876 ... 0.09400141 0.08929736 0.09016235],pharmaceutical,[ 100  102  104 ... 3194 3196 3198],100.81579315810603,2,"{'cosmic_spike': False, 'fluorescence': True}"
RS_0213,[0.         0.00022109 0.00225641 ... 0.17626475 0.17531771 0.17484911],pharmaceutical,[ 100  102  104 ... 3194 3196 3198],141.27075663620025,2,"{'cosmic_spike': False, 'fluorescence': True}"
RS_0214,"[1.89722699e-01 1.92079248e-01 1.92329770e-01 ... 0.00000000e+00
 5.31633381e-04 1.81284640e-04]",pharmaceutical,[ 100  102  104 ... 3194 3196 3198],59.223313856919894,2,"{'cosmic_spike': False, 'fluorescence': False}"
RS_0215,[0.77832912 0.75963804 0.69210625 ... 0.76141646 0.79837448 0.89499427],pharmaceutical,[ 100  102  104 ... 3194 3196 3198],10.678311856756054,2,"{'cosmic_spike': False, 'fluorescence': False}"
RS_0216,[0.20484675 0.20474176 0.20437523 ... 0.0146917  0.01450664 0.01455106],pharmaceutical,[ 100  102  104 ... 3194 3196 3198],100.84039079726081,2,"{'cosmic_spike': False, 'fluorescence': False}"
RS_0217,[0.75540131 0.75428204 0.75421709 ... 0.03619663 0.03731989 0.0379449 ],pharmaceutical,[ 100  102  104 ... 3194 3196 3198],70.36745375730113,2,"{'cosmic_spike': False, 'fluorescence': False}"
RS_0218,"[0.00000000e+00 2.84542573e-04 5.16068912e-04 ... 9.69911221e-01
 9.71138491e-01 9.72273074e-01]",pharmaceutical,[ 100  102  104 ... 3194 3196 3198],96.48441926005927,2,"{'cosmic_spike': False, 'fluorescence': True}"
RS_0219,[0.5515585  0.55081699 0.55124348 ... 0.0026335  0.00080391 0.        ],pharmaceutical,[ 100  102  104 ... 3194 3196 3198],87.15015692436869,2,"{'cosmic_spike': False, 'fluorescence': False}"
RS_0220,[0.00386278 0.00337857 0.00413065 ... 0.99713623 0.99852529 1.        ],pharmaceutical,[ 100  102  104 ... 3194 3196 3198],142.28532382304905,2,"{'cosmic_spike': False, 'fluorescence': True}"
RS_0221,[0.         0.00158333 0.00118161 ... 0.86160555 0.86257605 0.86174492],pharmaceutical,[ 100  102  104 ... 3194 3196 3198],53.16720001773865,2,"{'cosmic_spike': False, 'fluorescence': False}"
RS_0222,[0.39460774 0.39730294 0.39624126 ... 0.00339323 0.00137005 0.        ],pharmaceutical,[ 100  102  104 ... 3194 3196 3198],58.62218529066786,2,"{'cosmic_spike': False, 'fluorescence': True}"
RS_0223,[0.73174154 0.72909331 0.7267333  ... 0.32868319 0.3284286  0.33013555],pharmaceutical,[ 100  102  104 ... 3194 3196 3198],100.44360611257872,2,"{'cosmic_spike': False, 'fluorescence': False}"
RS_0224,[0.24587732 0.24653171 0.24815766 ... 0.16727468 0.15370144 0.13841375],pharmaceutical,[ 100  102  104 ... 3194 3196 3198],123.36147476343274,2,"{'cosmic_spike': False, 'fluorescence': True}"
RS_0225,[0.         0.00149463 0.00122937 ... 0.85986709 0.86086833 0.8611913 ],pharmaceutical,[ 100  102  104 ... 3194 3196 3198],76.1711938473427,2,"{'cosmic_spike': False, 'fluorescence': False}"
RS_0226,[0.05095811 0.03898023 0.02409156 ... 0.93234512 0.94961299 1.        ],pharmaceutical,[ 100  102  104 ... 3194 3196 3198],31.048823757718125,2,"{'cosmic_spike': False, 'fluorescence': False}"
RS_0227,[0.         0.0008454  0.00123131 ... 0.46797674 0.46869719 0.46821932],pharmaceutical,[ 100  102  104 ... 3194 3196 3198],104.89607701166338,2,"{'cosmic_spike': False, 'fluorescence': True}"
RS_0228,[0.02855929 0.02818067 0.0280685  ... 0.16200604 0.16239246 0.1626632 ],pharmaceutical,[ 100  102  104 ... 3194 3196 3198],134.8233786527339,2,"{'cosmic_spike': False, 'fluorescence': False}"
RS_0229,[0.00081053 0.00585597 0.         ... 0.41648308 0.42293413 0.41810607],pharmaceutical,[ 100  102  104 ... 3194 3196 3198],38.65617366499213,2,"{'cosmic_spike': False, 'fluorescence': False}"
RS_0230,[0.33339968 0.33442587 0.33521016 ... 0.00276646 0.00089134 0.        ],pharmaceutical,[ 100  102  104 ... 3194 3196 3198],106.10140423946113,2,"{'cosmic_spike': False, 'fluorescence': True}"
RS_0231,[0.33560097 0.33609049 0.33423676 ... 0.333318   0.3333272  0.33260782],pharmaceutical,[ 100  102  104 ... 3194 3196 3198],69.85840737258685,2,"{'cosmic_spike': False, 'fluorescence': True}"
RS_0232,"[9.82828275e-01 9.83435768e-01 9.82026585e-01 ... 1.12407577e-03
 4.03401150e-04 0.00000000e+00]",pharmaceutical,[ 100  102  104 ... 3194 3196 3198],149.85899450717702,2,"{'cosmic_spike': False, 'fluorescence': False}"
RS_0233,[0.13797163 0.14188097 0.14317227 ... 0.98897892 0.98885023 1.        ],pharmaceutical,[ 100  102  104 ... 3194 3196 3198],42.13342744867364,2,"{'cosmic_spike': False, 'fluorescence': False}"
RS_0234,[0.67032618 0.67119865 0.67150307 ... 0.57423602 0.55860446 0.54251383],pharmaceutical,[ 100  102  104 ... 3194 3196 3198],47.35649306691263,2,"{'cosmic_spike': False, 'fluorescence': False}"
RS_0235,[0.01941362 0.02014857 0.0218002  ... 0.00473807 0.00210243 0.        ],pharmaceutical,[ 100  102  104 ... 3194 3196 3198],101.36075671530568,2,"{'cosmic_spike': False, 'fluorescence': True}"
RS_0236,[0.09229832 0.09266828 0.09412839 ... 0.00382275 0.00028781 0.        ],pharmaceutical,[ 100  102  104 ... 3194 3196 3198],104.3969834424265,2,"{'cosmic_spike': True, 'fluorescence': False}"
RS_0237,[0.28238469 0.28611236 0.28405447 ... 0.00320122 0.00220109 0.        ],pharmaceutical,[ 100  102  104 ... 3194 3196 3198],133.59263519301746,2,"{'cosmic_spike': False, 'fluorescence': False}"
RS_0238,"[1.30897367e-03 5.63405143e-04 0.00000000e+00 ... 7.13399037e-01
 7.15273377e-01 7.15519618e-01]",pharmaceutical,[ 100  102  104 ... 3194 3196 3198],116.98905125896717,2,"{'cosmic_spike': False, 'fluorescence': False}"
RS_0239,[0.07803289 0.07762251 0.07978084 ... 0.0077557  0.00316476 0.        ],pharmaceutical,[ 100  102  104 ... 3194 3196 3198],56.33884167186588,2,"{'cosmic_spike': False, 'fluorescence': False}"
RS_0240,[0.94680185 0.94525469 0.94326915 ... 0.29342928 0.29316686 0.29342151],pharmaceutical,[ 100  102  104 ... 3194 3196 3198],138.17898374876762,2,"{'cosmic_spike': False, 'fluorescence': True}"
RS_0241,[0.         0.00118568 0.00177966 ... 0.81655844 0.81712844 0.81955454],pharmaceutical,[ 100  102  104 ... 3194 3196 3198],130.71000317388433,2,"{'cosmic_spike': False, 'fluorescence': False}"
RS_0242,[0.00390805 0.00365327 0.0035621  ... 0.99735946 0.99921735 1.        ],pharmaceutical,[ 100  102  104 ... 3194 3196 3198],96.62988864000822,2,"{'cosmic_spike': False, 'fluorescence': True}"
RS_0243,[0.18242641 0.211747   0.11745849 ... 0.09265089 0.01222125 0.12443391],pharmaceutical,[ 100  102  104 ... 3194 3196 3198],24.54349946020515,2,"{'cosmic_spike': False, 'fluorescence': False}"
RS_0244,[0.65813827 0.65607425 0.65485401 ... 0.15644649 0.15774921 0.15829931],pharmaceutical,[ 100  102  104 ... 3194 3196 3198],86.49030444077202,2,"{'cosmic_spike': False, 'fluorescence': False}"
RS_0245,[0.35596566 0.35800579 0.35846301 ... 0.00137666 0.00176358 0.        ],pharmaceutical,[ 100  102  104 ... 3194 3196 3198],130.01814346893195,2,"{'cosmic_spike': False, 'fluorescence': True}"
RS_0246,[0.67429449 0.6724464  0.67252638 ... 0.02667968 0.02761966 0.02887098],pharmaceutical,[ 100  102  104 ... 3194 3196 3198],111.48133749766549,2,"{'cosmic_spike': False, 'fluorescence': True}"
RS_0247,[0.07166015 0.07103106 0.07027397 ... 0.99657152 0.99910974 1.        ],pharmaceutical,[ 100  102  104 ... 3194 3196 3198],114.48570917528419,2,"{'cosmic_spike': False, 'fluorescence': False}"
RS_0248,[0.72247231 0.73014318 0.67634783 ... 0.12363301 0.14050198 0.13052645],pharmaceutical,[ 100  102  104 ... 3194 3196 3198],19.576212955576906,2,"{'cosmic_spike': False, 'fluorescence': False}"
RS_0249,[0.09809746 0.10351258 0.10339274 ... 0.75086748 0.75481245 0.75880429],pharmaceutical,[ 100  102  104 ... 3194 3196 3198],45.65087521812126,2,"{'cosmic_spike': False, 'fluorescence': False}"
RS_0250,[0.         0.00134457 0.00146377 ... 0.11879067 0.11621287 0.1173437 ],pharmaceutical,[ 100  102  104 ... 3194 3196 3198],136.01490846851797,2,"{'cosmic_spike': False, 'fluorescence': False}"
RS_0251,[0.03704819 0.03591355 0.0369003  ... 0.85986583 0.8537538  0.84438986],pharmaceutical,[ 100  102  104 ... 3194 3196 3198],97.93420314959273,2,"{'cosmic_spike': False, 'fluorescence': False}"
RS_0252,[0.75444416 0.75362192 0.75092543 ... 0.2596952  0.25784453 0.25892019],pharmaceutical,[ 100  102  104 ... 3194 3196 3198],128.37011946582572,2,"{'cosmic_spike': False, 'fluorescence': False}"
RS_0253,"[8.62939476e-01 8.62370775e-01 8.61065410e-01 ... 1.03578622e-03
 7.26124486e-04 0.00000000e+00]",pharmaceutical,[ 100  102  104 ... 3194 3196 3198],114.64949639282446,2,"{'cosmic_spike': False, 'fluorescence': False}"
RS_0254,[0.08052444 0.08135301 0.08076379 ... 0.99579611 0.99801466 1.        ],pharmaceutical,[ 100  102  104 ... 3194 3196 3198],72.54761716295818,2,"{'cosmic_spike': False, 'fluorescence': True}"
RS_0255,[0.72875691 0.73173973 0.72514545 ... 0.01268018 0.00214474 0.00975808],pharmaceutical,[ 100  102  104 ... 3194 3196 3198],29.379445479541143,2,"{'cosmic_spike': False, 'fluorescence': False}"
RS_0256,[0.         0.00296665 0.00478958 ... 0.1461008  0.14563681 0.14416755],pharmaceutical,[ 100  102  104 ... 3194 3196 3198],130.498312322549,2,"{'cosmic_spike': False, 'fluorescence': False}"
RS_0257,[0.         0.00137735 0.00265604 ... 0.44763964 0.44558357 0.44617309],pharmaceutical,[ 100  102  104 ... 3194 3196 3198],144.99299625130072,2,"{'cosmic_spike': False, 'fluorescence': True}"
RS_0258,[0.         0.0016842  0.00350678 ... 0.14167462 0.1395621  0.13863997],pharmaceutical,[ 100  102  104 ... 3194 3196 3198],86.5780255840058,2,"{'cosmic_spike': True, 'fluorescence': True}"
RS_0259,[0.19784101 0.31666978 0.25040437 ... 0.06786654 0.17508976 0.13531669],pharmaceutical,[ 100  102  104 ... 3194 3196 3198],17.744522813552294,2,"{'cosmic_spike': True, 'fluorescence': False}"
RS_0260,"[0.00000000e+00 1.55233137e-04 1.18978906e-03 ... 4.49397466e-01
 4.49895582e-01 4.50102640e-01]",pharmaceutical,[ 100  102  104 ... 3194 3196 3198],139.84360805949274,2,"{'cosmic_spike': False, 'fluorescence': True}"
RS_0261,"[2.89206721e-01 2.88372915e-01 2.87112720e-01 ... 0.00000000e+00
 1.16282167e-04 3.97099909e-04]",pharmaceutical,[ 100  102  104 ... 3194 3196 3198],64.00384568729851,2,"{'cosmic_spike': True, 'fluorescence': False}"
RS_0262,"[0.00000000e+00 1.23137794e-04 1.06093100e-03 ... 4.44206246e-01
 4.43598545e-01 4.44033648e-01]",pharmaceutical,[ 100  102  104 ... 3194 3196 3198],113.39271657878626,2,"{'cosmic_spike': False, 'fluorescence': False}"
RS_0263,[0.         0.00342557 0.00381876 ... 0.35728346 0.35701061 0.35691048],pharmaceutical,[ 100  102  104 ... 3194 3196 3198],70.16537553833089,2,"{'cosmic_spike': False, 'fluorescence': True}"
RS_0264,[1.         0.99448448 0.99438541 ... 0.74632844 0.74753925 0.75037456],pharmaceutical,[ 100  102  104 ... 3194 3196 3198],83.9216589779135,2,"{'cosmic_spike': False, 'fluorescence': False}"
RS_0265,[0.00504461 0.00529603 0.00518243 ... 0.26298393 0.26340913 0.26384387],pharmaceutical,[ 100  102  104 ... 3194 3196 3198],144.18670423435202,2,"{'cosmic_spike': False, 'fluorescence': False}"
RS_0266,[0.81486494 0.8084107  0.80380774 ... 0.         0.00225223 0.00335657],pharmaceutical,[ 100  102  104 ... 3194 3196 3198],34.0822282485416,2,"{'cosmic_spike': False, 'fluorescence': False}"
RS_0267,[0.23309335 0.28100199 0.26794729 ... 0.88003182 0.9144678  0.92108776],pharmaceutical,[ 100  102  104 ... 3194 3196 3198],27.03418334742542,2,"{'cosmic_spike': False, 'fluorescence': False}"
RS_0268,[0.37862905 0.37904866 0.38048949 ... 0.00860685 0.00526594 0.        ],pharmaceutical,[ 100  102  104 ... 3194 3196 3198],101.72674274625828,2,"{'cosmic_spike': False, 'fluorescence': True}"
RS_0269,[0.50452136 0.50488256 0.50606838 ... 0.00208875 0.00107651 0.        ],pharmaceutical,[ 100  102  104 ... 3194 3196 3198],54.88566296454961,2,"{'cosmic_spike': False, 'fluorescence': False}"
RS_0270,[0.         0.00122603 0.00375066 ... 0.06726034 0.0669303  0.06589691],pharmaceutical,[ 100  102  104 ... 3194 3196 3198],95.60382501009754,2,"{'cosmic_spike': False, 'fluorescence': False}"
RS_0271,"[0.00000000e+00 3.34490301e-04 2.87582710e-04 ... 5.05065447e-01
 5.05197639e-01 5.04733317e-01]",pharmaceutical,[ 100  102  104 ... 3194 3196 3198],124.64380903692005,2,"{'cosmic_spike': False, 'fluorescence': False}"
RS_0272,[0.00159628 0.00567645 0.00091936 ... 0.29412118 0.29320418 0.29707703],pharmaceutical,[ 100  102  104 ... 3194 3196 3198],44.95741191283745,2,"{'cosmic_spike': False, 'fluorescence': False}"
RS_0273,[0.02770834 0.04536181 0.06252954 ... 0.87919608 0.87124451 0.92220858],pharmaceutical,[ 100  102  104 ... 3194 3196 3198],25.893401778171064,2,"{'cosmic_spike': False, 'fluorescence': False}"
RS_0274,[0.26914552 0.26952578 0.27122968 ... 0.00182533 0.001731   0.        ],pharmaceutical,[ 100  102  104 ... 3194 3196 3198],136.90632984341917,2,"{'cosmic_spike': False, 'fluorescence': False}"
RS_0275,"[0.00000000e+00 1.99075850e-05 9.47501046e-04 ... 9.97784246e-01
 9.98528103e-01 1.00000000e+00]",pharmaceutical,[ 100  102  104 ... 3194 3196 3198],87.46664232676328,2,"{'cosmic_spike': False, 'fluorescence': True}"
RS_0276,[0.76014387 0.78022555 0.77357313 ... 0.         0.00419857 0.00427681],pharmaceutical,[ 100  102  104 ... 3194 3196 3198],34.026447955543276,2,"{'cosmic_spike': False, 'fluorescence': False}"
RS_0277,"[1.83156604e-04 0.00000000e+00 1.85395880e-03 ... 8.18348636e-01
 8.20242580e-01 8.19960008e-01]",pharmaceutical,[ 100  102  104 ... 3194 3196 3198],51.74969033130894,2,"{'cosmic_spike': False, 'fluorescence': False}"
RS_0278,[0.26894434 0.27101434 0.27264219 ... 0.00287835 0.         0.00096051],pharmaceutical,[ 100  102  104 ... 3194 3196 3198],120.98523483945056,2,"{'cosmic_spike': False, 'fluorescence': False}"
RS_0279,[0.14825106 0.14980642 0.15049481 ... 0.00222    0.00018087 0.        ],pharmaceutical,[ 100  102  104 ... 3194 3196 3198],84.6768519630128,2,"{'cosmic_spike': False, 'fluorescence': False}"
RS_0280,[0.00263085 0.00504174 0.00446246 ... 0.7399921  0.74600518 0.74265479],pharmaceutical,[ 100  102  104 ... 3194 3196 3198],45.288262471979735,2,"{'cosmic_spike': False, 'fluorescence': True}"
RS_0281,[0.80967902 0.81422506 0.80564323 ... 0.00418496 0.00304155 0.00489873],pharmaceutical,[ 100  102  104 ... 3194 3196 3198],44.65715190205923,2,"{'cosmic_spike': False, 'fluorescence': True}"
RS_0282,[0.43888983 0.43527103 0.43596374 ... 0.54393637 0.5335843  0.52653793],pharmaceutical,[ 100  102  104 ... 3194 3196 3198],63.45811913286677,2,"{'cosmic_spike': False, 'fluorescence': False}"
RS_0283,[0.11229843 0.05819071 0.13943943 ... 0.35501433 0.3725723  0.28070345],pharmaceutical,[ 100  102  104 ... 3194 3196 3198],17.71689085072157,2,"{'cosmic_spike': False, 'fluorescence': False}"
RS_0284,[1.         0.95517253 0.97778373 ... 0.01423539 0.053863   0.01380198],pharmaceutical,[ 100  102  104 ... 3194 3196 3198],25.956516083778375,2,"{'cosmic_spike': False, 'fluorescence': True}"
RS_0285,[0.06388117 0.06391454 0.06417999 ... 0.00270227 0.00114879 0.        ],pharmaceutical,[ 100  102  104 ... 3194 3196 3198],99.49588632337249,2,"{'cosmic_spike': False, 'fluorescence': True}"
RS_0286,[0.15824007 0.15733823 0.15754414 ... 0.90315001 0.89955131 0.89647809],pharmaceutical,[ 100  102  104 ... 3194 3196 3198],144.93735987866955,2,"{'cosmic_spike': False, 'fluorescence': True}"
RS_0287,[0.29259352 0.30527533 0.3245382  ... 0.04925215 0.02444926 0.0024689 ],pharmaceutical,[ 100  102  104 ... 3194 3196 3198],18.821373267600087,2,"{'cosmic_spike': False, 'fluorescence': False}"
RS_0288,[0.00176594 0.         0.00387222 ... 0.47029025 0.47566407 0.47525767],pharmaceutical,[ 100  102  104 ... 3194 3196 3198],36.332816417073346,2,"{'cosmic_spike': False, 'fluorescence': True}"
RS_0289,[0.60104475 0.55527737 0.55639892 ... 0.4798158  0.44629375 0.45623609],pharmaceutical,[ 100  102  104 ... 3194 3196 3198],22.49355291947377,2,"{'cosmic_spike': False, 'fluorescence': True}"
RS_0290,[0.99840944 1.         0.99741917 ... 0.14612364 0.14839797 0.15049834],pharmaceutical,[ 100  102  104 ... 3194 3196 3198],41.79144675456948,2,"{'cosmic_spike': False, 'fluorescence': True}"
RS_0291,[0.85578931 0.85468097 0.85268113 ... 0.44168706 0.4424515  0.44314628],pharmaceutical,[ 100  102  104 ... 3194 3196 3198],67.30288145970715,2,"{'cosmic_spike': False, 'fluorescence': False}"
RS_0292,"[5.25313593e-04 1.47660041e-04 0.00000000e+00 ... 6.56649716e-01
 6.57686412e-01 6.57687302e-01]",pharmaceutical,[ 100  102  104 ... 3194 3196 3198],64.39705711296983,2,"{'cosmic_spike': False, 'fluorescence': False}"
RS_0293,[0.05654251 0.04470195 0.04050684 ... 0.66360695 0.71492608 0.70112356],pharmaceutical,[ 100  102  104 ... 3194 3196 3198],21.223161037856762,2,"{'cosmic_spike': False, 'fluorescence': True}"
RS_0294,[0.01335825 0.01502022 0.01618456 ... 0.65744878 0.65775146 0.66035375],pharmaceutical,[ 100  102  104 ... 3194 3196 3198],125.84497778692212,2,"{'cosmic_spike': False, 'fluorescence': True}"
RS_0295,[0.         0.0009486  0.00227482 ... 0.72081674 0.71568078 0.70954418],pharmaceutical,[ 100  102  104 ... 3194 3196 3198],73.21601863607069,2,"{'cosmic_spike': False, 'fluorescence': False}"
RS_0296,"[2.48627927e-01 2.49174904e-01 2.48085417e-01 ... 4.60194457e-05
 6.31203819e-04 0.00000000e+00]",pharmaceutical,[ 100  102  104 ... 3194 3196 3198],117.78016143022383,2,"{'cosmic_spike': True, 'fluorescence': True}"
RS_0297,[0.83106496 0.83055245 0.82940339 ... 0.05670775 0.05781397 0.05841776],pharmaceutical,[ 100  102  104 ... 3194 3196 3198],123.15623899685403,2,"{'cosmic_spike': False, 'fluorescence': True}"
RS_0298,"[8.01703999e-01 7.99910289e-01 8.00699673e-01 ... 5.75212945e-04
 3.53888303e-04 7.89866236e-04]",pharmaceutical,[ 100  102  104 ... 3194 3196 3198],56.4341881667254,2,"{'cosmic_spike': False, 'fluorescence': False}"
RS_0299,[0.00078531 0.00846976 0.00843998 ... 0.29478024 0.28254948 0.28662115],pharmaceutical,[ 100  102  104 ... 3194 3196 3198],33.400927101747314,2,"{'cosmic_spike': False, 'fluorescence': False}"
RS_0300,[0.6765497  0.67339124 0.67101262 ... 0.99564995 0.99678385 1.        ],pharmaceutical,[ 100  102  104 ... 3194 3196 3198],99.13911747225401,2,"{'cosmic_spike': False, 'fluorescence': True}"
RS_0301,[0.51574363 0.51468442 0.51174168 ... 0.57003467 0.56936884 0.57206438],pharmaceutical,[ 100  102  104 ... 3194 3196 3198],122.81502459819575,2,"{'cosmic_spike': False, 'fluorescence': True}"
RS_0302,[0.07742084 0.07728698 0.07718034 ... 0.01645253 0.01631714 0.01651645],pharmaceutical,[ 100  102  104 ... 3194 3196 3198],86.7064374918493,2,"{'cosmic_spike': False, 'fluorescence': True}"
RS_0303,[0.28432427 0.28037627 0.27807211 ... 0.69238466 0.68645866 0.69086077],pharmaceutical,[ 100  102  104 ... 3194 3196 3198],29.995975300097594,2,"{'cosmic_spike': False, 'fluorescence': False}"
RS_0304,[0.         0.00100659 0.00245753 ... 0.33928073 0.33828689 0.33706553],pharmaceutical,[ 100  102  104 ... 3194 3196 3198],85.72202774907672,2,"{'cosmic_spike': False, 'fluorescence': True}"
RS_0305,[0.         0.00132793 0.00101166 ... 0.73726369 0.73687421 0.7369222 ],pharmaceutical,[ 100  102  104 ... 3194 3196 3198],93.67583638349018,2,"{'cosmic_spike': False, 'fluorescence': False}"
RS_0306,[0.27988294 0.27961404 0.27960509 ... 0.64346903 0.64512605 0.64450836],pharmaceutical,[ 100  102  104 ... 3194 3196 3198],101.18780452942461,2,"{'cosmic_spike': False, 'fluorescence': True}"
RS_0307,[0.00087438 0.         0.00112341 ... 0.51850784 0.50896659 0.50207735],pharmaceutical,[ 100  102  104 ... 3194 3196 3198],133.29346391418392,2,"{'cosmic_spike': False, 'fluorescence': False}"
RS_0308,[0.11584252 0.11502078 0.11718392 ... 0.00038768 0.00393549 0.        ],pharmaceutical,[ 100  102  104 ... 3194 3196 3198],55.49475077043599,2,"{'cosmic_spike': False, 'fluorescence': True}"
RS_0309,"[0.00000000e+00 1.43959702e-04 3.12575748e-04 ... 2.03161046e-01
 2.03145811e-01 2.03164449e-01]",pharmaceutical,[ 100  102  104 ... 3194 3196 3198],119.88623652812097,2,"{'cosmic_spike': False, 'fluorescence': True}"
RS_0310,"[0.00000000e+00 1.85063628e-04 2.83522040e-03 ... 2.25051274e-01
 2.22853352e-01 2.21701800e-01]",pharmaceutical,[ 100  102  104 ... 3194 3196 3198],84.15611128364357,2,"{'cosmic_spike': False, 'fluorescence': False}"
RS_0311,[0.10410897 0.09293214 0.0868244  ... 0.98926101 0.97037848 0.99009657],pharmaceutical,[ 100  102  104 ... 3194 3196 3198],30.526713026526316,2,"{'cosmic_spike': False, 'fluorescence': False}"
RS_0312,[0.25186963 0.25220426 0.25186915 ... 0.35323987 0.3534731  0.35343931],pharmaceutical,[ 100  102  104 ... 3194 3196 3198],75.79587125184673,2,"{'cosmic_spike': False, 'fluorescence': True}"
RS_0313,[0.35143987 0.35038104 0.35032704 ... 0.49477256 0.49628426 0.49775275],pharmaceutical,[ 100  102  104 ... 3194 3196 3198],81.59526669165288,2,"{'cosmic_spike': False, 'fluorescence': False}"
RS_0314,[0.         0.00095383 0.00114308 ... 0.76753774 0.76818105 0.76887883],pharmaceutical,[ 100  102  104 ... 3194 3196 3198],103.21022186573529,2,"{'cosmic_spike': False, 'fluorescence': True}"
RS_0315,[0.64917393 0.64770264 0.64457304 ... 0.06034033 0.06132076 0.06194053],pharmaceutical,[ 100  102  104 ... 3194 3196 3198],71.59282502811446,2,"{'cosmic_spike': False, 'fluorescence': False}"
RS_0316,[0.68348053 0.68679875 0.67865202 ... 0.60145545 0.59720469 0.5905104 ],pharmaceutical,[ 100  102  104 ... 3194 3196 3198],38.4130592019998,2,"{'cosmic_spike': False, 'fluorescence': False}"
RS_0317,[0.00232358 0.         0.00183164 ... 0.03489237 0.03398721 0.03330988],pharmaceutical,[ 100  102  104 ... 3194 3196 3198],108.80209135447124,2,"{'cosmic_spike': False, 'fluorescence': False}"
RS_0318,"[6.10150849e-04 2.29258308e-04 5.85567545e-05 ... 9.37616106e-01
 9.36883741e-01 9.35339084e-01]",pharmaceutical,[ 100  102  104 ... 3194 3196 3198],126.73521561592403,2,"{'cosmic_spike': False, 'fluorescence': False}"
RS_0319,[0.55549267 0.55332869 0.55240089 ... 0.41173705 0.41393166 0.41401601],pharmaceutical,[ 100  102  104 ... 3194 3196 3198],137.5355342272041,2,"{'cosmic_spike': False, 'fluorescence': False}"
RS_0320,[0.31372185 0.34900368 0.3549056  ... 0.02886335 0.01521491 0.00930305],pharmaceutical,[ 100  102  104 ... 3194 3196 3198],30.887214647666607,2,"{'cosmic_spike': False, 'fluorescence': False}"
RS_0321,[0.24411491 0.24457902 0.24563262 ... 0.00448024 0.00224349 0.        ],pharmaceutical,[ 100  102  104 ... 3194 3196 3198],107.74863202224535,2,"{'cosmic_spike': False, 'fluorescence': False}"
RS_0322,[0.48976087 0.48950734 0.48720851 ... 0.05377094 0.05335313 0.05446503],pharmaceutical,[ 100  102  104 ... 3194 3196 3198],143.29542966144413,2,"{'cosmic_spike': False, 'fluorescence': False}"
RS_0323,[0.10693273 0.06390418 0.0576272  ... 0.73702343 0.68461284 0.73332175],pharmaceutical,[ 100  102  104 ... 3194 3196 3198],20.9969483076351,2,"{'cosmic_spike': False, 'fluorescence': False}"
RS_0324,[0.0661959  0.06656138 0.0660959  ... 0.00035292 0.0004066  0.0001545 ],pharmaceutical,[ 100  102  104 ... 3194 3196 3198],119.3986372305489,2,"{'cosmic_spike': False, 'fluorescence': False}"
RS_0325,[0.01253993 0.01494492 0.01637957 ... 0.00437878 0.00352549 0.        ],pharmaceutical,[ 100  102  104 ... 3194 3196 3198],61.746688913451635,2,"{'cosmic_spike': False, 'fluorescence': True}"
RS_0326,[0.00243311 0.         0.00346711 ... 0.3335966  0.32540576 0.31753701],pharmaceutical,[ 100  102  104 ... 3194 3196 3198],123.25641465043753,2,"{'cosmic_spike': False, 'fluorescence': False}"
RS_0327,"[4.87261966e-01 4.87346965e-01 4.88412486e-01 ... 1.56276679e-03
 0.00000000e+00 6.20238275e-05]",pharmaceutical,[ 100  102  104 ... 3194 3196 3198],145.39849010128833,2,"{'cosmic_spike': False, 'fluorescence': False}"
RS_0328,[0.00053471 0.00116625 0.         ... 0.51915949 0.52051277 0.52039503],pharmaceutical,[ 100  102  104 ... 3194 3196 3198],127.9654860598002,2,"{'cosmic_spike': False, 'fluorescence': False}"
RS_0329,[0.         0.00113853 0.00309677 ... 0.13134978 0.12932594 0.12742018],pharmaceutical,[ 100  102  104 ... 3194 3196 3198],123.15970500065697,2,"{'cosmic_spike': False, 'fluorescence': True}"
RS_0330,[0.         0.00159553 0.00261732 ... 0.63926632 0.63814106 0.63686178],pharmaceutical,[ 100  102  104 ... 3194 3196 3198],42.79540820137725,2,"{'cosmic_spike': False, 'fluorescence': True}"
RS_0331,[1.         0.98277869 0.99677844 ... 0.66759059 0.64592772 0.67563569],pharmaceutical,[ 100  102  104 ... 3194 3196 3198],34.279572294788046,2,"{'cosmic_spike': False, 'fluorescence': False}"
RS_0332,[0.35935519 0.36170277 0.3621101  ... 0.01195303 0.00426861 0.        ],pharmaceutical,[ 100  102  104 ... 3194 3196 3198],71.75663694760198,2,"{'cosmic_spike': False, 'fluorescence': False}"
RS_0333,[0.         0.00201274 0.00198005 ... 0.58496194 0.5842509  0.58630516],pharmaceutical,[ 100  102  104 ... 3194 3196 3198],120.35268341168296,2,"{'cosmic_spike': False, 'fluorescence': True}"
RS_0334,[0.22480807 0.23584408 0.23280938 ... 0.13914033 0.1397355  0.14199209],pharmaceutical,[ 100  102  104 ... 3194 3196 3198],43.414454524961656,2,"{'cosmic_spike': False, 'fluorescence': False}"
RS_0335,[0.00504072 0.00439497 0.00227612 ... 0.99907248 0.9976301  1.        ],pharmaceutical,[ 100  102  104 ... 3194 3196 3198],51.03288732473696,2,"{'cosmic_spike': False, 'fluorescence': True}"
RS_0336,[0.         0.00080371 0.00244254 ... 0.63952364 0.63914016 0.63831346],pharmaceutical,[ 100  102  104 ... 3194 3196 3198],134.5983434750678,2,"{'cosmic_spike': False, 'fluorescence': False}"
RS_0337,[0.6764099  0.64707383 0.69019901 ... 0.0454177  0.06519117 0.056213  ],pharmaceutical,[ 100  102  104 ... 3194 3196 3198],27.910611716952126,2,"{'cosmic_spike': False, 'fluorescence': True}"
RS_0338,[1.         0.99862795 0.99829226 ... 0.00445098 0.00111332 0.        ],pharmaceutical,[ 100  102  104 ... 3194 3196 3198],63.28600633741247,2,"{'cosmic_spike': False, 'fluorescence': False}"
RS_0339,[0.13312177 0.13994017 0.131952   ... 0.04446055 0.04989132 0.05412608],pharmaceutical,[ 100  102  104 ... 3194 3196 3198],27.010515380062753,2,"{'cosmic_spike': False, 'fluorescence': False}"
RS_0340,[0.0011957  0.00145757 0.00182848 ... 0.04682353 0.03788976 0.03558344],pharmaceutical,[ 100  102  104 ... 3194 3196 3198],91.5331603708791,2,"{'cosmic_spike': False, 'fluorescence': False}"
RS_0341,[0.28980177 0.28869177 0.28790633 ... 0.70864876 0.6883502  0.66983671],pharmaceutical,[ 100  102  104 ... 3194 3196 3198],104.48981105156588,2,"{'cosmic_spike': False, 'fluorescence': True}"
RS_0342,[0.39101509 0.38962705 0.38951479 ... 0.03138312 0.00714862 0.01881478],pharmaceutical,[ 100  102  104 ... 3194 3196 3198],39.818305650986645,2,"{'cosmic_spike': False, 'fluorescence': False}"
RS_0343,[0.70509298 0.70550105 0.70275659 ... 0.00105946 0.00085997 0.        ],pharmaceutical,[ 100  102  104 ... 3194 3196 3198],106.89305729965712,2,"{'cosmic_spike': False, 'fluorescence': True}"
RS_0344,[0.71129362 0.69829668 0.67940919 ... 0.03483125 0.06854234 0.0322826 ],pharmaceutical,[ 100  102  104 ... 3194 3196 3198],20.131598408080514,2,"{'cosmic_spike': False, 'fluorescence': False}"
RS_0345,[0.63939337 0.51016439 0.5276113  ... 0.70565235 0.63256864 0.7225146 ],pharmaceutical,[ 100  102  104 ... 3194 3196 3198],11.517491954471682,2,"{'cosmic_spike': False, 'fluorescence': True}"
RS_0346,[0.00191296 0.00190474 0.00081239 ... 0.40583821 0.40434339 0.40496687],pharmaceutical,[ 100  102  104 ... 3194 3196 3198],129.23126048205785,2,"{'cosmic_spike': False, 'fluorescence': True}"
RS_0347,[0.00069889 0.         0.00173124 ... 0.01858889 0.01967349 0.01861485],pharmaceutical,[ 100  102  104 ... 3194 3196 3198],85.99521727237463,2,"{'cosmic_spike': False, 'fluorescence': False}"
RS_0348,[0.67187106 0.68015016 0.66498076 ... 0.06533637 0.03249954 0.01220201],pharmaceutical,[ 100  102  104 ... 3194 3196 3198],31.774278981447967,2,"{'cosmic_spike': False, 'fluorescence': False}"
RS_0349,[0.00104056 0.00229215 0.00140359 ... 0.41966016 0.41982586 0.42090949],pharmaceutical,[ 100  102  104 ... 3194 3196 3198],87.487999756061,2,"{'cosmic_spike': False, 'fluorescence': False}"
RS_0350,[0.24610038 0.246714   0.2478547  ... 0.0057159  0.00367962 0.        ],pharmaceutical,[ 100  102  104 ... 3194 3196 3198],72.6858461243722,2,"{'cosmic_spike': False, 'fluorescence': False}"
RS_0351,[1.         0.99775738 0.99739647 ... 0.06180585 0.0616736  0.06368584],pharmaceutical,[ 100  102  104 ... 3194 3196 3198],147.5270551221597,2,"{'cosmic_spike': True, 'fluorescence': True}"
RS_0352,[0.         0.00030725 0.00049109 ... 0.18344015 0.1761949  0.16834168],pharmaceutical,[ 100  102  104 ... 3194 3196 3198],135.5851320062074,2,"{'cosmic_spike': False, 'fluorescence': False}"
RS_0353,"[4.29687837e-04 0.00000000e+00 1.32198258e-03 ... 7.92189391e-01
 7.92677006e-01 7.92365084e-01]",pharmaceutical,[ 100  102  104 ... 3194 3196 3198],81.7238737088247,2,"{'cosmic_spike': False, 'fluorescence': True}"
RS_0354,[0.0185916  0.01938026 0.02062823 ... 0.00229139 0.00126051 0.        ],pharmaceutical,[ 100  102  104 ... 3194 3196 3198],83.97171897850923,2,"{'cosmic_spike': False, 'fluorescence': False}"
RS_0355,[0.16509915 0.16598175 0.16545148 ... 0.00150642 0.0016858  0.        ],pharmaceutical,[ 100  102  104 ... 3194 3196 3198],111.14889836569269,2,"{'cosmic_spike': False, 'fluorescence': True}"
RS_0356,[0.9108525  0.91094045 0.9062586  ... 0.27993407 0.27905855 0.27761932],pharmaceutical,[ 100  102  104 ... 3194 3196 3198],124.36373719265822,2,"{'cosmic_spike': False, 'fluorescence': True}"
RS_0357,"[7.63954583e-01 7.64038378e-01 7.64226339e-01 ... 1.40614210e-03
 3.72661821e-04 0.00000000e+00]",pharmaceutical,[ 100  102  104 ... 3194 3196 3198],55.570371287185516,2,"{'cosmic_spike': False, 'fluorescence': False}"
RS_0358,[0.00125658 0.         0.00320402 ... 0.16016509 0.16176626 0.16226984],pharmaceutical,[ 100  102  104 ... 3194 3196 3198],49.84215339166863,2,"{'cosmic_spike': False, 'fluorescence': False}"
RS_0359,[1.         0.99914761 0.9968616  ... 0.3354139  0.33518268 0.33690341],pharmaceutical,[ 100  102  104 ... 3194 3196 3198],87.62151956275257,2,"{'cosmic_spike': False, 'fluorescence': False}"
RS_0360,[0.22401074 0.22343007 0.22115724 ... 0.00231041 0.00207366 0.        ],pharmaceutical,[ 100  102  104 ... 3194 3196 3198],122.56280729838325,2,"{'cosmic_spike': False, 'fluorescence': False}"
RS_0361,"[0.00000000e+00 6.76559111e-04 1.98294903e-03 ... 7.79427517e-01
 7.80129204e-01 7.80037306e-01]",pharmaceutical,[ 100  102  104 ... 3194 3196 3198],120.43205680446846,2,"{'cosmic_spike': False, 'fluorescence': False}"
RS_0362,[0.51198817 0.51124355 0.51021392 ... 0.00206915 0.00229893 0.00102708],pharmaceutical,[ 100  102  104 ... 3194 3196 3198],46.57840330064413,2,"{'cosmic_spike': False, 'fluorescence': False}"
RS_0363,[0.49223507 0.49353311 0.49142116 ... 0.02828877 0.02040649 0.0345689 ],pharmaceutical,[ 100  102  104 ... 3194 3196 3198],42.00173954970317,2,"{'cosmic_spike': False, 'fluorescence': False}"
RS_0364,[0.97215097 0.96496438 0.98697538 ... 0.02304971 0.02934574 0.02935632],pharmaceutical,[ 100  102  104 ... 3194 3196 3198],26.712504690608267,2,"{'cosmic_spike': False, 'fluorescence': True}"
RS_0365,"[4.90559664e-01 4.92293754e-01 4.90029165e-01 ... 9.27500643e-03
 1.02075334e-04 0.00000000e+00]",pharmaceutical,[ 100  102  104 ... 3194 3196 3198],44.7749180352111,2,"{'cosmic_spike': False, 'fluorescence': False}"
RS_0366,"[6.22496474e-01 6.22896987e-01 6.23922802e-01 ... 2.16732904e-03
 5.85524837e-04 0.00000000e+00]",pharmaceutical,[ 100  102  104 ... 3194 3196 3198],101.93813819156911,2,"{'cosmic_spike': False, 'fluorescence': True}"
RS_0367,[0.24145825 0.24036426 0.23950295 ... 0.99628636 0.9975686  1.        ],pharmaceutical,[ 100  102  104 ... 3194 3196 3198],90.85083570154313,2,"{'cosmic_spike': False, 'fluorescence': True}"
RS_0368,[0.         0.00180213 0.00315032 ... 0.28163972 0.28059191 0.28029449],pharmaceutical,[ 100  102  104 ... 3194 3196 3198],85.55350812657882,2,"{'cosmic_spike': False, 'fluorescence': False}"
RS_0369,[0.70415321 0.70311254 0.70110474 ... 0.50896419 0.50836935 0.5122663 ],pharmaceutical,[ 100  102  104 ... 3194 3196 3198],112.6607166301695,2,"{'cosmic_spike': False, 'fluorescence': False}"
RS_0370,[0.         0.00372075 0.00230729 ... 0.86640194 0.8580829  0.85742368],pharmaceutical,[ 100  102  104 ... 3194 3196 3198],39.784083996422424,2,"{'cosmic_spike': False, 'fluorescence': False}"
RS_0371,"[6.85201502e-01 6.84554863e-01 6.85925614e-01 ... 1.92675265e-04
 2.99135832e-04 0.00000000e+00]",pharmaceutical,[ 100  102  104 ... 3194 3196 3198],78.2522607617523,2,"{'cosmic_spike': False, 'fluorescence': False}"
RS_0372,"[0.00000000e+00 3.96427344e-04 2.06369649e-04 ... 8.12971401e-01
 8.14171317e-01 8.14617765e-01]",pharmaceutical,[ 100  102  104 ... 3194 3196 3198],146.81104888931011,2,"{'cosmic_spike': False, 'fluorescence': True}"
RS_0373,[0.80878831 0.80714331 0.80582122 ... 0.42065642 0.42003781 0.42076315],pharmaceutical,[ 100  102  104 ... 3194 3196 3198],120.20793215950623,2,"{'cosmic_spike': False, 'fluorescence': True}"
RS_0374,[0.84302711 0.84372305 0.84358491 ... 0.00590651 0.         0.00091279],pharmaceutical,[ 100  102  104 ... 3194 3196 3198],105.65987787219476,2,"{'cosmic_spike': False, 'fluorescence': True}"
RS_0375,[0.08471571 0.08404371 0.08470989 ... 0.26165163 0.262031   0.26397468],pharmaceutical,[ 100  102  104 ... 3194 3196 3198],103.92556951990512,2,"{'cosmic_spike': False, 'fluorescence': False}"
RS_0376,"[6.65661470e-04 2.27371269e-03 6.72903416e-05 ... 5.12120765e-01
 5.11697453e-01 5.13606937e-01]",pharmaceutical,[ 100  102  104 ... 3194 3196 3198],137.8083282022903,2,"{'cosmic_spike': True, 'fluorescence': False}"
RS_0377,[0.06429036 0.06539654 0.06483379 ... 0.80440509 0.80555821 0.80560227],pharmaceutical,[ 100  102  104 ... 3194 3196 3198],47.813834344194774,2,"{'cosmic_spike': True, 'fluorescence': False}"
RS_0378,[0.05359482 0.06929005 0.04917146 ... 0.07984984 0.07161898 0.09769273],pharmaceutical,[ 100  102  104 ... 3194 3196 3198],16.86813743708204,2,"{'cosmic_spike': False, 'fluorescence': False}"
RS_0379,[0.         0.00147837 0.00317128 ... 0.20253029 0.20000449 0.19923284],pharmaceutical,[ 100  102  104 ... 3194 3196 3198],107.92740828492428,2,"{'cosmic_spike': False, 'fluorescence': False}"
RS_0380,[0.93215377 0.92824875 0.93192262 ... 0.01762038 0.02245427 0.        ],pharmaceutical,[ 100  102  104 ... 3194 3196 3198],38.65151081378346,2,"{'cosmic_spike': False, 'fluorescence': True}"
RS_0381,[0.01949581 0.03411394 0.03228183 ... 0.30928181 0.29013649 0.2911268 ],pharmaceutical,[ 100  102  104 ... 3194 3196 3198],22.427441177160397,2,"{'cosmic_spike': False, 'fluorescence': False}"
RS_0382,[0.         0.00032356 0.00240106 ... 0.32072689 0.31971236 0.31871097],pharmaceutical,[ 100  102  104 ... 3194 3196 3198],138.9203005347658,2,"{'cosmic_spike': False, 'fluorescence': False}"
RS_0383,[0.54574458 0.5468774  0.54704805 ... 0.00193923 0.00213144 0.        ],pharmaceutical,[ 100  102  104 ... 3194 3196 3198],90.7267919969977,2,"{'cosmic_spike': False, 'fluorescence': True}"
RS_0384,[0.17255186 0.1197695  0.25156453 ... 0.62443629 0.56160468 0.52658968],pharmaceutical,[ 100  102  104 ... 3194 3196 3198],12.930736699474295,2,"{'cosmic_spike': False, 'fluorescence': True}"
RS_0385,"[9.24286429e-04 1.67641009e-04 1.36357073e-03 ... 7.28846574e-01
 7.29854046e-01 7.29434895e-01]",pharmaceutical,[ 100  102  104 ... 3194 3196 3198],145.4956601086542,2,"{'cosmic_spike': True, 'fluorescence': False}"
RS_0386,[0.91971414 0.90512666 0.88172256 ... 0.         0.16476043 0.19834735],pharmaceutical,[ 100  102  104 ... 3194 3196 3198],14.33179738397034,2,"{'cosmic_spike': False, 'fluorescence': False}"
RS_0387,[0.         0.0010406  0.00152812 ... 0.80166873 0.79905353 0.79715045],pharmaceutical,[ 100  102  104 ... 3194 3196 3198],149.6963117691117,2,"{'cosmic_spike': False, 'fluorescence': True}"
RS_0388,[0.4276588  0.34542767 0.35727115 ... 0.         0.08670204 0.05034757],pharmaceutical,[ 100  102  104 ... 3194 3196 3198],19.721537659900314,2,"{'cosmic_spike': False, 'fluorescence': True}"
RS_0389,[0.         0.0013282  0.00167046 ... 0.71204236 0.70483587 0.6978534 ],pharmaceutical,[ 100  102  104 ... 3194 3196 3198],53.33275650072143,2,"{'cosmic_spike': False, 'fluorescence': False}"
RS_0390,[0.         0.00219661 0.00137334 ... 0.61707175 0.61717757 0.61657432],pharmaceutical,[ 100  102  104 ... 3194 3196 3198],126.20102216926855,2,"{'cosmic_spike': False, 'fluorescence': True}"
RS_0391,[0.30126176 0.30046195 0.30057164 ... 0.99509917 0.99719247 1.        ],pharmaceutical,[ 100  102  104 ... 3194 3196 3198],148.22128078395696,2,"{'cosmic_spike': False, 'fluorescence': False}"
RS_0392,[0.00126854 0.         0.00554413 ... 0.74055971 0.73281549 0.73841378],pharmaceutical,[ 100  102  104 ... 3194 3196 3198],42.47801893073898,2,"{'cosmic_spike': True, 'fluorescence': False}"
RS_0393,[0.19413106 0.19480999 0.19562563 ... 0.21401127 0.21659889 0.21757607],pharmaceutical,[ 100  102  104 ... 3194 3196 3198],149.72553519236945,2,"{'cosmic_spike': False, 'fluorescence': True}"
RS_0394,[0.81965832 0.8186858  0.81696986 ... 0.12088067 0.12060387 0.12079797],pharmaceutical,[ 100  102  104 ... 3194 3196 3198],78.4880535523938,2,"{'cosmic_spike': False, 'fluorescence': True}"
RS_0395,[0.         0.00102729 0.00047709 ... 0.46898503 0.47058057 0.46874166],pharmaceutical,[ 100  102  104 ... 3194 3196 3198],143.25712513875206,2,"{'cosmic_spike': False, 'fluorescence': True}"
RS_0396,[0.20917766 0.20734816 0.20678689 ... 0.98205888 0.98350999 0.98522156],pharmaceutical,[ 100  102  104 ... 3194 3196 3198],59.850068939998366,2,"{'cosmic_spike': True, 'fluorescence': False}"
RS_0397,"[5.14205431e-01 5.13438045e-01 5.12875907e-01 ... 1.37668505e-04
 2.62828690e-04 2.72586935e-04]",pharmaceutical,[ 100  102  104 ... 3194 3196 3198],139.60582730232153,2,"{'cosmic_spike': False, 'fluorescence': False}"
RS_0398,[0.31391447 0.31608654 0.31394878 ... 0.0014046  0.00366133 0.        ],pharmaceutical,[ 100  102  104 ... 3194 3196 3198],75.01829226970872,2,"{'cosmic_spike': False, 'fluorescence': False}"
RS_0399,"[1.04191135e-03 6.97060905e-04 0.00000000e+00 ... 8.56500662e-01
 8.57580502e-01 8.58467615e-01]",pharmaceutical,[ 100  102  104 ... 3194 3196 3198],77.94550895112778,2,"{'cosmic_spike': False, 'fluorescence': False}"
RS_0400,[0.50655116 0.27972095 0.52712948 ... 0.88515569 0.8820621  0.8991819 ],pharmaceutical,[ 100  102  104 ... 3194 3196 3198],13.007479246750385,2,"{'cosmic_spike': False, 'fluorescence': False}"
RS_0401,[0.         0.00109053 0.00161972 ... 0.4740699  0.47320916 0.47182962],pharmaceutical,[ 100  102  104 ... 3194 3196 3198],137.14030098230097,2,"{'cosmic_spike': False, 'fluorescence': False}"
RS_0402,[0.00261426 0.02371798 0.01929176 ... 0.64144021 0.66552162 0.68084362],pharmaceutical,[ 100  102  104 ... 3194 3196 3198],31.455675413924503,2,"{'cosmic_spike': False, 'fluorescence': False}"
RS_0403,"[6.68450679e-01 6.88660999e-01 6.89897470e-01 ... 4.51731046e-02
 4.20573815e-05 6.66597881e-02]",pharmaceutical,[ 100  102  104 ... 3194 3196 3198],12.958986515361694,2,"{'cosmic_spike': False, 'fluorescence': True}"
RS_0404,[0.28467738 0.28378094 0.2829079  ... 0.35254066 0.35102696 0.35377678],pharmaceutical,[ 100  102  104 ... 3194 3196 3198],149.09379696141627,2,"{'cosmic_spike': False, 'fluorescence': False}"
RS_0405,[0.04287852 0.04371919 0.04285976 ... 0.75298124 0.75342408 0.75441728],pharmaceutical,[ 100  102  104 ... 3194 3196 3198],136.35626099500965,2,"{'cosmic_spike': False, 'fluorescence': False}"
RS_0406,"[0.00000000e+00 7.98054030e-04 1.98987928e-03 ... 9.07405720e-01
 9.08547218e-01 9.08416290e-01]",pharmaceutical,[ 100  102  104 ... 3194 3196 3198],89.26274336642425,2,"{'cosmic_spike': False, 'fluorescence': True}"
RS_0407,[0.06090842 0.06112238 0.05840669 ... 0.5598441  0.55359812 0.54855011],pharmaceutical,[ 100  102  104 ... 3194 3196 3198],140.39689545220625,2,"{'cosmic_spike': False, 'fluorescence': False}"
RS_0408,[0.15051882 0.14907749 0.15007499 ... 0.2754087  0.27541969 0.27193719],pharmaceutical,[ 100  102  104 ... 3194 3196 3198],136.22097492567184,2,"{'cosmic_spike': False, 'fluorescence': False}"
RS_0409,"[6.15917676e-01 6.14699898e-01 6.15710910e-01 ... 5.24478845e-04
 1.02561776e-03 0.00000000e+00]",pharmaceutical,[ 100  102  104 ... 3194 3196 3198],137.03765287468278,2,"{'cosmic_spike': False, 'fluorescence': False}"
RS_0410,[0.43340822 0.43226541 0.43360756 ... 0.00867937 0.01680027 0.01430756],pharmaceutical,[ 100  102  104 ... 3194 3196 3198],22.72372604397396,2,"{'cosmic_spike': False, 'fluorescence': False}"
RS_0411,[0.00168945 0.00167443 0.00169119 ... 0.10263244 0.10274652 0.10287436],pharmaceutical,[ 100  102  104 ... 3194 3196 3198],132.54920305997547,2,"{'cosmic_spike': False, 'fluorescence': True}"
RS_0412,[0.43597639 0.46744478 0.52564321 ... 0.00649531 0.09241366 0.06954092],pharmaceutical,[ 100  102  104 ... 3194 3196 3198],18.559728655727906,2,"{'cosmic_spike': False, 'fluorescence': True}"
RS_0413,[0.         0.00160099 0.00485742 ... 0.52192489 0.52166582 0.52217309],pharmaceutical,[ 100  102  104 ... 3194 3196 3198],73.43210371573767,2,"{'cosmic_spike': False, 'fluorescence': True}"
RS_0414,"[6.08002740e-01 6.06606723e-01 6.07258611e-01 ... 4.81042425e-04
 0.00000000e+00 2.43910895e-04]",pharmaceutical,[ 100  102  104 ... 3194 3196 3198],139.67383525231386,2,"{'cosmic_spike': True, 'fluorescence': True}"
RS_0415,[1.         0.99661933 0.9963399  ... 0.05683395 0.05723768 0.05701761],pharmaceutical,[ 100  102  104 ... 3194 3196 3198],104.56223116888377,2,"{'cosmic_spike': False, 'fluorescence': True}"
RS_0416,[0.04425084 0.04461517 0.04439978 ... 0.71092704 0.67417191 0.64345789],pharmaceutical,[ 100  102  104 ... 3194 3196 3198],54.68582661157118,2,"{'cosmic_spike': False, 'fluorescence': False}"
RS_0417,[0.         0.00234869 0.00168223 ... 0.68777066 0.68435    0.68314071],pharmaceutical,[ 100  102  104 ... 3194 3196 3198],101.06364241314816,2,"{'cosmic_spike': False, 'fluorescence': True}"
RS_0418,[0.53071009 0.5314971  0.5311258  ... 0.00248058 0.00129423 0.        ],pharmaceutical,[ 100  102  104 ... 3194 3196 3198],90.40966254365084,2,"{'cosmic_spike': False, 'fluorescence': True}"
RS_0419,[0.31172921 0.31065991 0.31019279 ... 0.14812698 0.14781793 0.14847849],pharmaceutical,[ 100  102  104 ... 3194 3196 3198],79.55559251610082,2,"{'cosmic_spike': False, 'fluorescence': False}"
RS_0420,"[1.00000000e+00 9.98866373e-01 9.98119227e-01 ... 4.09154639e-04
 1.95912828e-04 0.00000000e+00]",pharmaceutical,[ 100  102  104 ... 3194 3196 3198],106.5083807522997,2,"{'cosmic_spike': False, 'fluorescence': True}"
RS_0421,[0.01168172 0.01092189 0.01156694 ... 0.67003399 0.67135679 0.67270154],pharmaceutical,[ 100  102  104 ... 3194 3196 3198],103.54966726639178,2,"{'cosmic_spike': False, 'fluorescence': False}"
RS_0422,[0.67413623 0.67457078 0.67206027 ... 0.07322468 0.07604444 0.07628237],pharmaceutical,[ 100  102  104 ... 3194 3196 3198],127.64144403668443,2,"{'cosmic_spike': False, 'fluorescence': False}"
RS_0423,"[0.00000000e+00 3.61809333e-04 1.86503071e-04 ... 1.90139754e-01
 1.92582033e-01 1.91846114e-01]",pharmaceutical,[ 100  102  104 ... 3194 3196 3198],81.82841277667941,2,"{'cosmic_spike': False, 'fluorescence': True}"
RS_0424,[0.1933343  0.1928448  0.1925727  ... 0.07487658 0.07526616 0.07542269],pharmaceutical,[ 100  102  104 ... 3194 3196 3198],86.8429000350603,2,"{'cosmic_spike': False, 'fluorescence': False}"
RS_0425,[0.00656032 0.00604002 0.00708106 ... 0.00188739 0.00090514 0.        ],pharmaceutical,[ 100  102  104 ... 3194 3196 3198],135.4427664503093,2,"{'cosmic_spike': False, 'fluorescence': True}"
RS_0426,[0.56239903 0.56280396 0.56260354 ... 0.00170434 0.00096149 0.        ],pharmaceutical,[ 100  102  104 ... 3194 3196 3198],137.3615709917591,2,"{'cosmic_spike': False, 'fluorescence': False}"
RS_0427,[0.         0.00138978 0.00219787 ... 0.70764117 0.70803699 0.70847865],pharmaceutical,[ 100  102  104 ... 3194 3196 3198],75.37570011364775,2,"{'cosmic_spike': False, 'fluorescence': False}"
RS_0428,[0.         0.00270914 0.00265314 ... 0.41055778 0.40841113 0.40969253],pharmaceutical,[ 100  102  104 ... 3194 3196 3198],131.47497393778644,2,"{'cosmic_spike': False, 'fluorescence': True}"
RS_0429,[0.41323413 0.41330466 0.41340833 ... 0.50269539 0.49850552 0.49392895],pharmaceutical,[ 100  102  104 ... 3194 3196 3198],83.96271317735173,2,"{'cosmic_spike': False, 'fluorescence': False}"
RS_0430,[0.25482036 0.25381452 0.25371341 ... 0.00102918 0.00156612 0.        ],pharmaceutical,[ 100  102  104 ... 3194 3196 3198],108.36093173681022,2,"{'cosmic_spike': False, 'fluorescence': True}"
RS_0431,[0.98980897 0.98907973 0.9924724  ... 0.02689608 0.         0.06522802],pharmaceutical,[ 100  102  104 ... 3194 3196 3198],27.827271921569483,2,"{'cosmic_spike': False, 'fluorescence': False}"
RS_0432,[0.00135053 0.00277338 0.00357082 ... 0.49555234 0.49481519 0.49287502],pharmaceutical,[ 100  102  104 ... 3194 3196 3198],34.95126339781568,2,"{'cosmic_spike': False, 'fluorescence': True}"
RS_0433,[0.11099674 0.1284723  0.04707971 ... 0.27569744 0.30090962 0.35442403],pharmaceutical,[ 100  102  104 ... 3194 3196 3198],19.156075636533124,2,"{'cosmic_spike': False, 'fluorescence': True}"
RS_0434,[0.68445112 0.68466147 0.68222896 ... 0.75101566 0.75327611 0.75461603],pharmaceutical,[ 100  102  104 ... 3194 3196 3198],129.5402156768384,2,"{'cosmic_spike': False, 'fluorescence': False}"
RS_0435,"[6.77614253e-01 6.76666469e-01 6.75443143e-01 ... 4.20621527e-04
 1.16855579e-03 6.73216365e-04]",pharmaceutical,[ 100  102  104 ... 3194 3196 3198],110.54468701741705,2,"{'cosmic_spike': True, 'fluorescence': False}"
RS_0436,"[0.00000000e+00 1.09772716e-04 8.54901896e-04 ... 8.65629415e-01
 8.65772707e-01 8.66804805e-01]",pharmaceutical,[ 100  102  104 ... 3194 3196 3198],131.1920049615414,2,"{'cosmic_spike': False, 'fluorescence': False}"
RS_0437,[1.         0.99044755 0.96768319 ... 0.06587612 0.11079434 0.08671194],pharmaceutical,[ 100  102  104 ... 3194 3196 3198],17.135327304016357,2,"{'cosmic_spike': False, 'fluorescence': False}"
RS_0438,"[1.83369733e-04 0.00000000e+00 9.41071227e-04 ... 9.98344585e-01
 9.99156105e-01 1.00000000e+00]",pharmaceutical,[ 100  102  104 ... 3194 3196 3198],73.99480475905966,2,"{'cosmic_spike': False, 'fluorescence': False}"
RS_0439,[0.         0.00073269 0.00178336 ... 0.48061141 0.4795046  0.47890919],pharmaceutical,[ 100  102  104 ... 3194 3196 3198],98.78712208224665,2,"{'cosmic_spike': True, 'fluorescence': False}"
RS_0440,[0.6334724  0.62053826 0.62309973 ... 0.49588297 0.50653285 0.49746049],pharmaceutical,[ 100  102  104 ... 3194 3196 3198],33.00248966121964,2,"{'cosmic_spike': False, 'fluorescence': False}"
RS_0441,[0.57977138 0.58001063 0.57857389 ... 0.00182419 0.00164211 0.        ],pharmaceutical,[ 100  102  104 ... 3194 3196 3198],52.48381904365225,2,"{'cosmic_spike': False, 'fluorescence': False}"
RS_0442,[0.         0.00114763 0.00307255 ... 0.45118288 0.45092186 0.4507618 ],pharmaceutical,[ 100  102  104 ... 3194 3196 3198],86.98071608655177,2,"{'cosmic_spike': False, 'fluorescence': False}"
RS_0443,[0.52559571 0.53434181 0.54823401 ... 0.04180472 0.05658481 0.0243478 ],pharmaceutical,[ 100  102  104 ... 3194 3196 3198],27.042773329487368,2,"{'cosmic_spike': False, 'fluorescence': True}"
RS_0444,[0.61926435 0.75967856 0.76124368 ... 0.09555875 0.14189125 0.14791551],pharmaceutical,[ 100  102  104 ... 3194 3196 3198],16.82439097130088,2,"{'cosmic_spike': False, 'fluorescence': True}"
RS_0445,[0.21461722 0.21494516 0.21761478 ... 0.001967   0.00228711 0.        ],pharmaceutical,[ 100  102  104 ... 3194 3196 3198],78.9938160032373,2,"{'cosmic_spike': False, 'fluorescence': True}"
RS_0446,[0.         0.00075716 0.00108263 ... 0.33329672 0.33310896 0.33314021],pharmaceutical,[ 100  102  104 ... 3194 3196 3198],71.10412112558501,2,"{'cosmic_spike': False, 'fluorescence': False}"
RS_0447,[0.02750346 0.02887773 0.02825733 ... 0.7730223  0.7701375  0.76976618],pharmaceutical,[ 100  102  104 ... 3194 3196 3198],65.94086899133599,2,"{'cosmic_spike': False, 'fluorescence': False}"
RS_0448,[0.54824047 0.54775512 0.5450145  ... 0.3965411  0.39004415 0.38163607],pharmaceutical,[ 100  102  104 ... 3194 3196 3198],83.2681624478417,2,"{'cosmic_spike': False, 'fluorescence': False}"
RS_0449,[0.06082148 0.0476487  0.05510297 ... 0.12365752 0.11852319 0.1085198 ],pharmaceutical,[ 100  102  104 ... 3194 3196 3198],24.336943381188533,2,"{'cosmic_spike': False, 'fluorescence': False}"
RS_0450,[0.10813591 0.10908041 0.11090792 ... 0.00395383 0.00290369 0.        ],pharmaceutical,[ 100  102  104 ... 3194 3196 3198],138.8692123032965,2,"{'cosmic_spike': False, 'fluorescence': True}"
RS_0451,[0.0013211  0.         0.0014289  ... 0.47785287 0.47735452 0.47628697],pharmaceutical,[ 100  102  104 ... 3194 3196 3198],48.0127908549097,2,"{'cosmic_spike': False, 'fluorescence': False}"
RS_0452,[0.74822663 0.78021545 0.75875465 ... 0.43890611 0.47675602 0.43946934],pharmaceutical,[ 100  102  104 ... 3194 3196 3198],20.502920666516825,2,"{'cosmic_spike': False, 'fluorescence': False}"
RS_0453,[0.01697435 0.01637132 0.01610836 ... 0.47050695 0.4726122  0.47219985],pharmaceutical,[ 100  102  104 ... 3194 3196 3198],116.72965852629638,2,"{'cosmic_spike': False, 'fluorescence': False}"
RS_0454,[0.65664195 0.65489769 0.65472413 ... 0.00383597 0.00178293 0.        ],pharmaceutical,[ 100  102  104 ... 3194 3196 3198],95.15268541256118,2,"{'cosmic_spike': False, 'fluorescence': True}"
RS_0455,"[0.00000000e+00 2.71735985e-04 1.55565822e-04 ... 2.43524284e-01
 2.42343488e-01 2.40632522e-01]",pharmaceutical,[ 100  102  104 ... 3194 3196 3198],64.03274246889063,2,"{'cosmic_spike': False, 'fluorescence': False}"
RS_0456,[0.92848336 0.90214718 0.89600511 ... 0.01882021 0.0793898  0.02273437],pharmaceutical,[ 100  102  104 ... 3194 3196 3198],28.225948780396102,2,"{'cosmic_spike': False, 'fluorescence': False}"
RS_0457,"[0.00000000e+00 6.43103430e-04 9.71623733e-04 ... 9.19044092e-01
 9.18661310e-01 9.19195475e-01]",pharmaceutical,[ 100  102  104 ... 3194 3196 3198],89.61304926718347,2,"{'cosmic_spike': False, 'fluorescence': False}"
RS_0458,[0.03014475 0.02915817 0.02608423 ... 0.99077553 0.99594985 0.99204057],pharmaceutical,[ 100  102  104 ... 3194 3196 3198],40.47907196963091,2,"{'cosmic_spike': False, 'fluorescence': False}"
RS_0459,[0.62873222 0.6057377  0.6347547  ... 0.10086296 0.18022231 0.12852755],pharmaceutical,[ 100  102  104 ... 3194 3196 3198],24.512173613084116,2,"{'cosmic_spike': True, 'fluorescence': True}"
RS_0460,[0.2074404  0.20607616 0.20461563 ... 0.6229149  0.62262999 0.62355533],pharmaceutical,[ 100  102  104 ... 3194 3196 3198],132.64773683029847,2,"{'cosmic_spike': False, 'fluorescence': False}"
RS_0461,[0.00736249 0.00889735 0.         ... 0.49373583 0.47809914 0.46580734],pharmaceutical,[ 100  102  104 ... 3194 3196 3198],37.67240545338526,2,"{'cosmic_spike': True, 'fluorescence': False}"
RS_0462,"[3.30927247e-04 0.00000000e+00 1.19203423e-03 ... 4.83349272e-01
 4.83173777e-01 4.83014792e-01]",pharmaceutical,[ 100  102  104 ... 3194 3196 3198],51.65440935620873,2,"{'cosmic_spike': False, 'fluorescence': False}"
RS_0463,[0.61239401 0.635724   0.6087004  ... 0.03090563 0.         0.0476903 ],pharmaceutical,[ 100  102  104 ... 3194 3196 3198],26.46809593623432,2,"{'cosmic_spike': False, 'fluorescence': False}"
RS_0464,[0.01528316 0.01642703 0.01510157 ... 0.07990126 0.07917129 0.08530087],pharmaceutical,[ 100  102  104 ... 3194 3196 3198],14.310665195560677,2,"{'cosmic_spike': False, 'fluorescence': False}"
RS_0465,[0.60293853 0.61256032 0.60839677 ... 0.00521916 0.00172034 0.00787667],pharmaceutical,[ 100  102  104 ... 3194 3196 3198],31.616957102679667,2,"{'cosmic_spike': False, 'fluorescence': False}"
RS_0466,[0.36726772 0.3657725  0.36831823 ... 0.0015142  0.00062764 0.        ],pharmaceutical,[ 100  102  104 ... 3194 3196 3198],73.93612940110825,2,"{'cosmic_spike': False, 'fluorescence': True}"
RS_0467,"[0.00000000e+00 1.50583627e-04 1.68127388e-03 ... 5.30531963e-01
 5.30687425e-01 5.30294201e-01]",pharmaceutical,[ 100  102  104 ... 3194 3196 3198],126.21503835840878,2,"{'cosmic_spike': False, 'fluorescence': False}"
RS_0468,"[0.00000000e+00 3.79023803e-04 1.74172979e-03 ... 7.86258642e-01
 7.86407661e-01 7.86253567e-01]",pharmaceutical,[ 100  102  104 ... 3194 3196 3198],80.17262462951746,2,"{'cosmic_spike': False, 'fluorescence': False}"
RS_0469,[1.         0.9990066  0.99744519 ... 0.02771078 0.02680186 0.02572622],pharmaceutical,[ 100  102  104 ... 3194 3196 3198],83.07321077701523,2,"{'cosmic_spike': True, 'fluorescence': True}"
RS_0470,[0.01354341 0.01376767 0.01245217 ... 0.65655601 0.65810821 0.65854654],pharmaceutical,[ 100  102  104 ... 3194 3196 3198],128.33276049240945,2,"{'cosmic_spike': False, 'fluorescence': False}"
RS_0471,[0.52792004 0.52859258 0.52897727 ... 0.00066121 0.00094732 0.        ],pharmaceutical,[ 100  102  104 ... 3194 3196 3198],87.7579216110177,2,"{'cosmic_spike': False, 'fluorescence': True}"
RS_0472,[0.6832834  0.65357957 0.61569082 ... 0.03860965 0.08491576 0.06934543],pharmaceutical,[ 100  102  104 ... 3194 3196 3198],12.940387159598018,2,"{'cosmic_spike': False, 'fluorescence': False}"
RS_0473,[0.11684948 0.11781882 0.11849522 ... 0.00342625 0.00398594 0.        ],pharmaceutical,[ 100  102  104 ... 3194 3196 3198],51.1952905856947,2,"{'cosmic_spike': False, 'fluorescence': False}"
RS_0474,"[1.00000000e+00 9.99998374e-01 9.98372573e-01 ... 2.38278960e-03
 5.53152959e-04 0.00000000e+00]",pharmaceutical,[ 100  102  104 ... 3194 3196 3198],134.8785128670395,2,"{'cosmic_spike': False, 'fluorescence': False}"
RS_0475,[0.16191535 0.16239813 0.1628987  ... 0.00104086 0.00060849 0.        ],pharmaceutical,[ 100  102  104 ... 3194 3196 3198],108.4569286313746,2,"{'cosmic_spike': False, 'fluorescence': False}"
RS_0476,"[3.34071756e-04 0.00000000e+00 5.00629083e-04 ... 6.47228732e-01
 6.52756760e-01 6.54970616e-01]",pharmaceutical,[ 100  102  104 ... 3194 3196 3198],32.327340237444474,2,"{'cosmic_spike': False, 'fluorescence': False}"
RS_0477,[0.09875116 0.1002916  0.10008829 ... 0.10177071 0.08680362 0.07440433],pharmaceutical,[ 100  102  104 ... 3194 3196 3198],134.88164759170655,2,"{'cosmic_spike': False, 'fluorescence': False}"
RS_0478,[0.08547651 0.08664616 0.08704735 ... 0.         0.00116254 0.00041217],pharmaceutical,[ 100  102  104 ... 3194 3196 3198],113.96290582895288,2,"{'cosmic_spike': False, 'fluorescence': False}"
RS_0479,"[5.94412089e-01 5.94950035e-01 5.93682437e-01 ... 6.61494133e-04
 3.99015150e-04 0.00000000e+00]",pharmaceutical,[ 100  102  104 ... 3194 3196 3198],130.21563823710466,2,"{'cosmic_spike': False, 'fluorescence': False}"
RS_0480,"[6.78187599e-01 6.78071320e-01 6.77095446e-01 ... 5.56754371e-04
 8.90385409e-04 0.00000000e+00]",pharmaceutical,[ 100  102  104 ... 3194 3196 3198],104.62358503117406,2,"{'cosmic_spike': False, 'fluorescence': False}"
RS_0481,[0.06146681 0.18062196 0.09241072 ... 0.7647244  0.75997922 0.67450062],pharmaceutical,[ 100  102  104 ... 3194 3196 3198],15.189972032578316,2,"{'cosmic_spike': True, 'fluorescence': False}"
RS_0482,[0.34980767 0.35027032 0.34856068 ... 0.29088897 0.29060304 0.29107273],pharmaceutical,[ 100  102  104 ... 3194 3196 3198],82.8930450719416,2,"{'cosmic_spike': False, 'fluorescence': True}"
RS_0483,[0.74282195 0.73997639 0.73974356 ... 0.05895667 0.06069999 0.05928521],pharmaceutical,[ 100  102  104 ... 3194 3196 3198],115.10075958891133,2,"{'cosmic_spike': False, 'fluorescence': True}"
RS_0484,[0.09888257 0.1014943  0.10145146 ... 0.88057364 0.88378508 0.88078692],pharmaceutical,[ 100  102  104 ... 3194 3196 3198],48.59692091273921,2,"{'cosmic_spike': False, 'fluorescence': True}"
RS_0485,[0.03258373 0.00420445 0.01844942 ... 0.60052586 0.59232921 0.56449858],pharmaceutical,[ 100  102  104 ... 3194 3196 3198],21.641762314371817,2,"{'cosmic_spike': False, 'fluorescence': False}"
RS_0486,[0.4333504  0.43238721 0.43026329 ... 0.00530621 0.00521383 0.00449343],pharmaceutical,[ 100  102  104 ... 3194 3196 3198],135.50914029480225,2,"{'cosmic_spike': True, 'fluorescence': True}"
RS_0487,[0.53712898 0.53902388 0.53771952 ... 0.00068291 0.00175606 0.        ],pharmaceutical,[ 100  102  104 ... 3194 3196 3198],50.45504790012966,2,"{'cosmic_spike': False, 'fluorescence': False}"
RS_0488,[1.         0.9534834  0.98039724 ... 0.19481673 0.21656852 0.2275091 ],pharmaceutical,[ 100  102  104 ... 3194 3196 3198],25.22048630926001,2,"{'cosmic_spike': False, 'fluorescence': True}"
RS_0489,[0.79326578 0.79069825 0.79208406 ... 0.10613919 0.10555359 0.10604842],pharmaceutical,[ 100  102  104 ... 3194 3196 3198],122.57205621101191,2,"{'cosmic_spike': False, 'fluorescence': False}"
RS_0490,[0.55347535 0.55163189 0.55140244 ... 0.84610345 0.84959576 0.85015326],pharmaceutical,[ 100  102  104 ... 3194 3196 3198],138.48384435723003,2,"{'cosmic_spike': False, 'fluorescence': True}"
RS_0491,[0.70573435 0.70546623 0.71007104 ... 0.10250211 0.09651585 0.08443962],pharmaceutical,[ 100  102  104 ... 3194 3196 3198],42.11483964347286,2,"{'cosmic_spike': False, 'fluorescence': False}"
RS_0492,[0.9109654  0.90987009 0.90865137 ... 0.21218219 0.21174468 0.21318546],pharmaceutical,[ 100  102  104 ... 3194 3196 3198],126.29954036857339,2,"{'cosmic_spike': False, 'fluorescence': False}"
RS_0493,[0.23894801 0.23607246 0.23846814 ... 0.46408019 0.4582931  0.45756417],pharmaceutical,[ 100  102  104 ... 3194 3196 3198],64.92399424379951,2,"{'cosmic_spike': False, 'fluorescence': False}"
RS_0494,[0.91784489 0.91771561 0.9181887  ... 0.0020916  0.         0.00207568],pharmaceutical,[ 100  102  104 ... 3194 3196 3198],45.80625320687052,2,"{'cosmic_spike': False, 'fluorescence': False}"
RS_0495,[0.         0.00192809 0.00335831 ... 0.60769245 0.60675636 0.60675919],pharmaceutical,[ 100  102  104 ... 3194 3196 3198],107.54374468932821,2,"{'cosmic_spike': False, 'fluorescence': False}"
RS_0496,[0.1576051  0.15661884 0.15535404 ... 0.6922796  0.69427563 0.69823195],pharmaceutical,[ 100  102  104 ... 3194 3196 3198],49.9587061171142,2,"{'cosmic_spike': False, 'fluorescence': True}"
RS_0497,"[6.51645979e-01 6.52253303e-01 6.52209251e-01 ... 4.58253511e-04
 4.83404371e-04 0.00000000e+00]",pharmaceutical,[ 100  102  104 ... 3194 3196 3198],64.33649283819031,2,"{'cosmic_spike': False, 'fluorescence': False}"
RS_0498,"[0.00000000e+00 3.09280301e-04 9.85040100e-04 ... 7.50136178e-01
 7.50422775e-01 7.50916669e-01]",pharmaceutical,[ 100  102  104 ... 3194 3196 3198],82.12102368068666,2,"{'cosmic_spike': False, 'fluorescence': False}"
RS_0499,[0.00107634 0.00208905 0.00190766 ... 0.35246994 0.35530547 0.3562412 ],pharmaceutical,[ 100  102  104 ... 3194 3196 3198],87.89666619355313,2,"{'cosmic_spike': False, 'fluorescence': False}"
RS_0500,[0.95235641 0.99588794 0.96399445 ... 0.214853   0.19228598 0.26523542],pharmaceutical,[ 100  102  104 ... 3194 3196 3198],22.20085145340081,2,"{'cosmic_spike': False, 'fluorescence': True}"
RS_0501,[0.05946073 0.05729967 0.05743762 ... 0.17664955 0.17502848 0.17545834],pharmaceutical,[ 100  102  104 ... 3194 3196 3198],90.87624319298546,2,"{'cosmic_spike': False, 'fluorescence': False}"
RS_0502,[0.2803816  0.28295356 0.28029091 ... 0.96742602 0.96707491 0.97212432],pharmaceutical,[ 100  102  104 ... 3194 3196 3198],87.44906426714738,2,"{'cosmic_spike': False, 'fluorescence': False}"
RS_0503,[0.49632102 0.4974447  0.49812687 ... 0.04017952 0.04079764 0.0415854 ],pharmaceutical,[ 100  102  104 ... 3194 3196 3198],56.95430284794512,2,"{'cosmic_spike': False, 'fluorescence': True}"
RS_0504,[0.07966954 0.0899082  0.10998774 ... 0.         0.0065778  0.01310106],pharmaceutical,[ 100  102  104 ... 3194 3196 3198],38.24052618778431,2,"{'cosmic_spike': False, 'fluorescence': False}"
RS_0505,"[0.00000000e+00 1.58465982e-03 2.70423916e-05 ... 4.57847747e-01
 4.56307266e-01 4.58027082e-01]",pharmaceutical,[ 100  102  104 ... 3194 3196 3198],41.195115116319926,2,"{'cosmic_spike': True, 'fluorescence': True}"
RS_0506,[0.68688043 0.6861047  0.68601633 ... 0.40669914 0.40617968 0.40699279],pharmaceutical,[ 100  102  104 ... 3194 3196 3198],69.05768333829786,2,"{'cosmic_spike': False, 'fluorescence': True}"
RS_0507,[0.48093611 0.4807541  0.47986634 ... 0.07755516 0.06941923 0.05843692],pharmaceutical,[ 100  102  104 ... 3194 3196 3198],124.08351376393155,2,"{'cosmic_spike': False, 'fluorescence': False}"
RS_0508,[0.45234775 0.45186436 0.45076845 ... 0.02633388 0.02661931 0.02658957],pharmaceutical,[ 100  102  104 ... 3194 3196 3198],94.39989943226439,2,"{'cosmic_spike': False, 'fluorescence': True}"
RS_0509,[0.17715625 0.1770432  0.17728563 ... 0.00056814 0.00019992 0.        ],pharmaceutical,[ 100  102  104 ... 3194 3196 3198],62.955828931882316,2,"{'cosmic_spike': False, 'fluorescence': False}"
RS_0510,[0.         0.00502214 0.00596303 ... 0.90064068 0.90255738 0.90410691],pharmaceutical,[ 100  102  104 ... 3194 3196 3198],98.32851003876621,2,"{'cosmic_spike': False, 'fluorescence': False}"
RS_0511,[0.         0.00026611 0.00161546 ... 0.25809931 0.25617638 0.25528017],pharmaceutical,[ 100  102  104 ... 3194 3196 3198],103.47705282589479,2,"{'cosmic_spike': False, 'fluorescence': True}"
RS_0512,"[0.00000000e+00 4.80233938e-04 2.53978029e-03 ... 7.80896596e-01
 7.79998653e-01 7.82694831e-01]",pharmaceutical,[ 100  102  104 ... 3194 3196 3198],44.391362057992,2,"{'cosmic_spike': False, 'fluorescence': False}"
RS_0513,[0.95798402 0.9548526  0.95207379 ... 0.98215934 0.98304437 0.98606228],pharmaceutical,[ 100  102  104 ... 3194 3196 3198],137.21069730338434,2,"{'cosmic_spike': False, 'fluorescence': False}"
RS_0514,[0.24826499 0.24842928 0.22954128 ... 0.01076695 0.01312869 0.        ],pharmaceutical,[ 100  102  104 ... 3194 3196 3198],37.26559662367,2,"{'cosmic_spike': False, 'fluorescence': False}"
RS_0515,[0.13012389 0.13197207 0.13206809 ... 0.00212897 0.00161887 0.        ],pharmaceutical,[ 100  102  104 ... 3194 3196 3198],119.87174034336876,2,"{'cosmic_spike': False, 'fluorescence': True}"
RS_0516,[0.11952816 0.11914067 0.11900312 ... 0.03355328 0.03372325 0.03379616],pharmaceutical,[ 100  102  104 ... 3194 3196 3198],95.27433139108129,2,"{'cosmic_spike': False, 'fluorescence': False}"
RS_0517,[0.22440491 0.22377538 0.22656041 ... 0.36019046 0.36059405 0.36162347],pharmaceutical,[ 100  102  104 ... 3194 3196 3198],95.87785608642811,2,"{'cosmic_spike': True, 'fluorescence': False}"
RS_0518,[0.36335206 0.36427801 0.3634885  ... 0.0021815  0.00046078 0.        ],pharmaceutical,[ 100  102  104 ... 3194 3196 3198],54.15152061906672,2,"{'cosmic_spike': True, 'fluorescence': False}"
RS_0519,[0.29596559 0.29154373 0.29744961 ... 0.01985931 0.00675783 0.00500497],pharmaceutical,[ 100  102  104 ... 3194 3196 3198],33.84796122274396,2,"{'cosmic_spike': False, 'fluorescence': False}"
RS_0520,[0.18354796 0.18451885 0.18376471 ... 0.00207815 0.00052334 0.        ],pharmaceutical,[ 100  102  104 ... 3194 3196 3198],91.60233208841031,2,"{'cosmic_spike': False, 'fluorescence': True}"
RS_0521,"[1.26544552e-04 0.00000000e+00 1.50213244e-03 ... 9.98908014e-01
 9.99572714e-01 1.00000000e+00]",pharmaceutical,[ 100  102  104 ... 3194 3196 3198],67.50236216307039,2,"{'cosmic_spike': False, 'fluorescence': False}"
RS_0522,[0.10538199 0.10613706 0.10803808 ... 0.44901448 0.44997329 0.45155191],pharmaceutical,[ 100  102  104 ... 3194 3196 3198],128.06817393894588,2,"{'cosmic_spike': False, 'fluorescence': True}"
RS_0523,[0.         0.0010155  0.00171347 ... 0.52235592 0.5225743  0.52059807],pharmaceutical,[ 100  102  104 ... 3194 3196 3198],101.29626624802367,2,"{'cosmic_spike': False, 'fluorescence': False}"
RS_0524,"[6.78623526e-05 0.00000000e+00 3.35872084e-04 ... 9.10500885e-01
 9.09534642e-01 9.12207054e-01]",pharmaceutical,[ 100  102  104 ... 3194 3196 3198],136.34677329117483,2,"{'cosmic_spike': False, 'fluorescence': False}"
RS_0525,[0.02594797 0.02861688 0.03065292 ... 0.44050625 0.44088679 0.44043718],pharmaceutical,[ 100  102  104 ... 3194 3196 3198],67.11474423994059,2,"{'cosmic_spike': False, 'fluorescence': False}"
RS_0526,"[2.28645938e-01 2.30008514e-01 2.29892472e-01 ... 1.30574345e-03
 8.54831431e-06 0.00000000e+00]",pharmaceutical,[ 100  102  104 ... 3194 3196 3198],145.87158156951816,2,"{'cosmic_spike': False, 'fluorescence': False}"
RS_0527,[1.         0.99896943 0.99578648 ... 0.10405098 0.10451857 0.10371719],pharmaceutical,[ 100  102  104 ... 3194 3196 3198],58.412334090359764,2,"{'cosmic_spike': False, 'fluorescence': False}"
RS_0528,[0.05603821 0.05484631 0.05849299 ... 0.76495003 0.76425511 0.76879042],pharmaceutical,[ 100  102  104 ... 3194 3196 3198],143.9111788950304,2,"{'cosmic_spike': False, 'fluorescence': False}"
RS_0529,[0.         0.00238826 0.0058574  ... 0.54231747 0.53849453 0.54238519],pharmaceutical,[ 100  102  104 ... 3194 3196 3198],48.92946440125386,2,"{'cosmic_spike': False, 'fluorescence': True}"
RS_0530,[0.         0.00192758 0.00333849 ... 0.05877561 0.05878586 0.05688944],pharmaceutical,[ 100  102  104 ... 3194 3196 3198],149.86368430139632,2,"{'cosmic_spike': False, 'fluorescence': False}"
RS_0531,[0.57289759 0.59348545 0.58801645 ... 0.01631732 0.03547902 0.        ],pharmaceutical,[ 100  102  104 ... 3194 3196 3198],29.597449878379646,2,"{'cosmic_spike': False, 'fluorescence': False}"
RS_0532,[0.         0.00154644 0.00384495 ... 0.40248447 0.40513594 0.40015885],pharmaceutical,[ 100  102  104 ... 3194 3196 3198],144.11161510079054,2,"{'cosmic_spike': False, 'fluorescence': False}"
RS_0533,[0.         0.00118092 0.00211235 ... 0.06739426 0.06718087 0.06710945],pharmaceutical,[ 100  102  104 ... 3194 3196 3198],54.03333394264828,2,"{'cosmic_spike': False, 'fluorescence': False}"
RS_0534,[0.00109961 0.         0.00114184 ... 0.47484476 0.47409356 0.4726273 ],pharmaceutical,[ 100  102  104 ... 3194 3196 3198],50.08936497648918,2,"{'cosmic_spike': False, 'fluorescence': True}"
RS_0535,[0.         0.08749649 0.19128365 ... 0.34196805 0.2827863  0.22392518],pharmaceutical,[ 100  102  104 ... 3194 3196 3198],16.615309875631716,2,"{'cosmic_spike': False, 'fluorescence': False}"
RS_0536,[0.15288751 0.15333545 0.15195313 ... 0.1298637  0.13078003 0.1306777 ],pharmaceutical,[ 100  102  104 ... 3194 3196 3198],116.16194953404627,2,"{'cosmic_spike': False, 'fluorescence': True}"
RS_0537,[0.47244863 0.44330328 0.48672986 ... 0.27109954 0.24580673 0.15817338],pharmaceutical,[ 100  102  104 ... 3194 3196 3198],14.474152783970585,2,"{'cosmic_spike': False, 'fluorescence': False}"
RS_0538,[0.51006096 0.51043688 0.51168664 ... 0.739384   0.74159425 0.74432193],pharmaceutical,[ 100  102  104 ... 3194 3196 3198],132.8529680909508,2,"{'cosmic_spike': False, 'fluorescence': True}"
RS_0539,[0.05660473 0.0429489  0.0776034  ... 0.75075955 0.75573758 0.7958931 ],pharmaceutical,[ 100  102  104 ... 3194 3196 3198],19.551671590638268,2,"{'cosmic_spike': False, 'fluorescence': True}"
RS_0540,[0.29385004 0.29494868 0.29354054 ... 0.99465023 0.99684348 1.        ],pharmaceutical,[ 100  102  104 ... 3194 3196 3198],93.14266347644758,2,"{'cosmic_spike': False, 'fluorescence': False}"
RS_0541,[0.01636304 0.0154769  0.01649233 ... 0.99760329 0.99907491 1.        ],pharmaceutical,[ 100  102  104 ... 3194 3196 3198],83.01013038875055,2,"{'cosmic_spike': False, 'fluorescence': False}"
RS_0542,"[4.78410503e-04 0.00000000e+00 1.85156542e-03 ... 7.54519033e-01
 7.55712997e-01 7.55420060e-01]",pharmaceutical,[ 100  102  104 ... 3194 3196 3198],95.95392473699926,2,"{'cosmic_spike': False, 'fluorescence': False}"
RS_0543,"[2.22523554e-01 2.24202045e-01 2.26206493e-01 ... 1.64775741e-03
 1.93598264e-04 0.00000000e+00]",pharmaceutical,[ 100  102  104 ... 3194 3196 3198],110.05035505227943,2,"{'cosmic_spike': False, 'fluorescence': True}"
RS_0544,"[0.00000000e+00 9.44214170e-04 4.78320309e-04 ... 6.66991092e-01
 6.66660817e-01 6.66425906e-01]",pharmaceutical,[ 100  102  104 ... 3194 3196 3198],92.38542906101091,2,"{'cosmic_spike': False, 'fluorescence': False}"
RS_0545,[0.11707066 0.07084299 0.17270811 ... 0.85105805 0.90706953 1.        ],pharmaceutical,[ 100  102  104 ... 3194 3196 3198],17.59595848696361,2,"{'cosmic_spike': False, 'fluorescence': False}"
RS_0546,[0.         0.00058552 0.00198479 ... 0.55796674 0.55889444 0.55786363],pharmaceutical,[ 100  102  104 ... 3194 3196 3198],67.4843427215244,2,"{'cosmic_spike': False, 'fluorescence': True}"
RS_0547,[0.26108    0.25974849 0.25963423 ... 0.49264308 0.49342941 0.49733039],pharmaceutical,[ 100  102  104 ... 3194 3196 3198],133.1306242746927,2,"{'cosmic_spike': False, 'fluorescence': False}"
RS_0548,[1.         0.98196239 0.99472037 ... 0.88734321 0.84856012 0.89400177],pharmaceutical,[ 100  102  104 ... 3194 3196 3198],26.911467974892624,2,"{'cosmic_spike': False, 'fluorescence': False}"
RS_0549,[0.72225434 0.72011777 0.7179085  ... 0.35730696 0.36037255 0.36042081],pharmaceutical,[ 100  102  104 ... 3194 3196 3198],103.0215705054639,2,"{'cosmic_spike': False, 'fluorescence': False}"
RS_0550,[0.0005395  0.         0.00083728 ... 0.46377381 0.46195132 0.4620316 ],pharmaceutical,[ 100  102  104 ... 3194 3196 3198],62.791717983890784,2,"{'cosmic_spike': False, 'fluorescence': False}"
RS_0551,[0.75067038 0.74899988 0.73884872 ... 0.04013639 0.04538358 0.04192228],pharmaceutical,[ 100  102  104 ... 3194 3196 3198],40.635383143784544,2,"{'cosmic_spike': False, 'fluorescence': False}"
RS_0552,[0.01401222 0.02151871 0.0143111  ... 0.47363168 0.52341536 0.48515705],pharmaceutical,[ 100  102  104 ... 3194 3196 3198],27.486976440573255,2,"{'cosmic_spike': False, 'fluorescence': True}"
RS_0553,[0.56973717 0.56935931 0.5650937  ... 0.61102115 0.61194759 0.61299491],pharmaceutical,[ 100  102  104 ... 3194 3196 3198],122.90123904952667,2,"{'cosmic_spike': False, 'fluorescence': False}"
RS_0554,[0.20815295 0.15949099 0.21882312 ... 0.73750799 0.80147377 0.62098261],pharmaceutical,[ 100  102  104 ... 3194 3196 3198],13.194878280341488,2,"{'cosmic_spike': True, 'fluorescence': False}"
RS_0555,[0.74624892 0.74662704 0.74659553 ... 0.00146308 0.00091781 0.        ],pharmaceutical,[ 100  102  104 ... 3194 3196 3198],63.49151073884697,2,"{'cosmic_spike': False, 'fluorescence': False}"
RS_0556,[0.         0.00134077 0.00222006 ... 0.62434062 0.62344321 0.62286448],pharmaceutical,[ 100  102  104 ... 3194 3196 3198],50.72445787670769,2,"{'cosmic_spike': False, 'fluorescence': True}"
RS_0557,"[7.43862635e-01 7.44984529e-01 7.44838132e-01 ... 1.31515642e-03
 3.39543678e-04 0.00000000e+00]",pharmaceutical,[ 100  102  104 ... 3194 3196 3198],45.97591503939071,2,"{'cosmic_spike': False, 'fluorescence': False}"
RS_0558,[0.         0.00026558 0.00055911 ... 0.15470605 0.15462704 0.15458573],pharmaceutical,[ 100  102  104 ... 3194 3196 3198],111.23674674442158,2,"{'cosmic_spike': False, 'fluorescence': False}"
RS_0559,[0.41693169 0.41672919 0.41476659 ... 0.6356824  0.63682926 0.63703167],pharmaceutical,[ 100  102  104 ... 3194 3196 3198],56.22651235650813,2,"{'cosmic_spike': False, 'fluorescence': True}"
RS_0560,[0.68927168 0.69063231 0.69005221 ... 0.00183179 0.00139249 0.        ],pharmaceutical,[ 100  102  104 ... 3194 3196 3198],81.37562172212384,2,"{'cosmic_spike': True, 'fluorescence': False}"
RS_0561,[0.         0.00224394 0.0020006  ... 0.16528776 0.16407677 0.16381845],pharmaceutical,[ 100  102  104 ... 3194 3196 3198],131.71706466017912,2,"{'cosmic_spike': False, 'fluorescence': False}"
RS_0562,[0.29297738 0.2913157  0.29194591 ... 0.00857409 0.01067712 0.00919241],pharmaceutical,[ 100  102  104 ... 3194 3196 3198],148.1331119531862,2,"{'cosmic_spike': False, 'fluorescence': False}"
RS_0563,"[0.00000000e+00 1.46519913e-03 2.53363019e-04 ... 7.16127550e-01
 7.11103810e-01 7.07916415e-01]",pharmaceutical,[ 100  102  104 ... 3194 3196 3198],49.60858590475441,2,"{'cosmic_spike': False, 'fluorescence': True}"
RS_0564,[0.26856708 0.26921011 0.26981785 ... 0.         0.00114305 0.00043322],pharmaceutical,[ 100  102  104 ... 3194 3196 3198],71.36038051515648,2,"{'cosmic_spike': False, 'fluorescence': False}"
RS_0565,[0.         0.00106209 0.00185222 ... 0.99641184 0.99874585 1.        ],pharmaceutical,[ 100  102  104 ... 3194 3196 3198],73.33656575940685,2,"{'cosmic_spike': False, 'fluorescence': False}"
RS_0566,[0.57652341 0.5751203  0.5755727  ... 0.13772137 0.1249545  0.11364952],pharmaceutical,[ 100  102  104 ... 3194 3196 3198],68.88388358035223,2,"{'cosmic_spike': False, 'fluorescence': False}"
RS_0567,"[5.07658994e-05 1.15754371e-03 0.00000000e+00 ... 8.36955205e-01
 8.02010502e-01 7.71638140e-01]",pharmaceutical,[ 100  102  104 ... 3194 3196 3198],71.1227876520986,2,"{'cosmic_spike': False, 'fluorescence': False}"
RS_0568,"[8.38409860e-01 8.37724798e-01 8.36902945e-01 ... 1.36975310e-03
 4.84833438e-04 0.00000000e+00]",pharmaceutical,[ 100  102  104 ... 3194 3196 3198],101.1457169991562,2,"{'cosmic_spike': False, 'fluorescence': False}"
RS_0569,[0.62097587 0.61825027 0.61923426 ... 0.35766539 0.35959376 0.35968641],pharmaceutical,[ 100  102  104 ... 3194 3196 3198],92.10128241512061,2,"{'cosmic_spike': False, 'fluorescence': True}"
RS_0570,"[8.64155451e-01 8.64464280e-01 8.62972343e-01 ... 1.00436780e-03
 5.79418244e-04 0.00000000e+00]",pharmaceutical,[ 100  102  104 ... 3194 3196 3198],69.47032258038612,2,"{'cosmic_spike': False, 'fluorescence': False}"
RS_0571,[0.97073964 0.97816115 0.98908139 ... 0.30357402 0.31819859 0.3103907 ],pharmaceutical,[ 100  102  104 ... 3194 3196 3198],26.739572133384662,2,"{'cosmic_spike': False, 'fluorescence': True}"
RS_0572,[0.19011659 0.14919378 0.20842196 ... 0.58118349 0.4869718  0.58771246],pharmaceutical,[ 100  102  104 ... 3194 3196 3198],13.526130731437023,2,"{'cosmic_spike': False, 'fluorescence': False}"
RS_0573,[0.86162998 0.85994744 0.85932006 ... 0.44850334 0.44972014 0.45203846],pharmaceutical,[ 100  102  104 ... 3194 3196 3198],99.55824795065087,2,"{'cosmic_spike': False, 'fluorescence': True}"
RS_0574,[0.59002992 0.58775204 0.58628359 ... 0.56795703 0.56963462 0.57230289],pharmaceutical,[ 100  102  104 ... 3194 3196 3198],147.61350709199894,2,"{'cosmic_spike': False, 'fluorescence': False}"
RS_0575,[0.24080369 0.2383032  0.22297665 ... 0.88234064 0.99350657 0.93074807],pharmaceutical,[ 100  102  104 ... 3194 3196 3198],22.3780892835557,2,"{'cosmic_spike': False, 'fluorescence': True}"
RS_0576,[0.0027072  0.00311348 0.00442013 ... 0.9717323  0.97425924 0.97072432],pharmaceutical,[ 100  102  104 ... 3194 3196 3198],36.45604701143597,2,"{'cosmic_spike': False, 'fluorescence': False}"
RS_0577,[0.67647427 0.67643246 0.67475468 ... 0.00514137 0.00639032 0.00665528],pharmaceutical,[ 100  102  104 ... 3194 3196 3198],116.71472407252135,2,"{'cosmic_spike': False, 'fluorescence': True}"
RS_0578,[0.03306798 0.03317804 0.03229744 ... 0.9797704  0.97314736 0.96463057],pharmaceutical,[ 100  102  104 ... 3194 3196 3198],95.59528024184438,2,"{'cosmic_spike': False, 'fluorescence': False}"
RS_0579,"[4.95874395e-01 4.95957418e-01 4.94964450e-01 ... 0.00000000e+00
 1.78709464e-03 1.95734275e-04]",pharmaceutical,[ 100  102  104 ... 3194 3196 3198],105.66959673171512,2,"{'cosmic_spike': False, 'fluorescence': False}"
RS_0580,[1.         0.99764784 0.99685637 ... 0.57364068 0.57732857 0.57808408],pharmaceutical,[ 100  102  104 ... 3194 3196 3198],132.16325940062762,2,"{'cosmic_spike': False, 'fluorescence': False}"
RS_0581,[0.35864096 0.35750938 0.35767711 ... 0.14443407 0.13944309 0.13765836],pharmaceutical,[ 100  102  104 ... 3194 3196 3198],86.13905317012433,2,"{'cosmic_spike': False, 'fluorescence': False}"
RS_0582,"[1.00000000e+00 9.98820888e-01 9.97588706e-01 ... 0.00000000e+00
 1.06010110e-03 5.88659999e-04]",pharmaceutical,[ 100  102  104 ... 3194 3196 3198],138.3659930166008,2,"{'cosmic_spike': False, 'fluorescence': False}"
RS_0583,[0.55101289 0.55131355 0.55216771 ... 0.00260498 0.00085431 0.        ],pharmaceutical,[ 100  102  104 ... 3194 3196 3198],118.21088000365144,2,"{'cosmic_spike': True, 'fluorescence': False}"
RS_0584,[0.0292966  0.02162647 0.02455455 ... 0.2008395  0.19763198 0.20870387],pharmaceutical,[ 100  102  104 ... 3194 3196 3198],31.720700737930517,2,"{'cosmic_spike': False, 'fluorescence': False}"
RS_0585,"[0.00000000e+00 6.38197485e-04 6.39287846e-04 ... 7.85001618e-01
 7.86562828e-01 7.86221190e-01]",pharmaceutical,[ 100  102  104 ... 3194 3196 3198],97.22013669202676,2,"{'cosmic_spike': False, 'fluorescence': False}"
RS_0586,[0.16750594 0.17020609 0.17184265 ... 0.00146742 0.00029269 0.        ],pharmaceutical,[ 100  102  104 ... 3194 3196 3198],70.3758125041002,2,"{'cosmic_spike': False, 'fluorescence': True}"
RS_0587,[0.29497758 0.29643129 0.29711815 ... 0.00215841 0.00157622 0.00054264],pharmaceutical,[ 100  102  104 ... 3194 3196 3198],54.92391692137974,2,"{'cosmic_spike': False, 'fluorescence': True}"
RS_0588,"[0.00000000e+00 2.74677785e-04 7.81200076e-05 ... 7.11232540e-02
 6.92352452e-02 7.04688350e-02]",pharmaceutical,[ 100  102  104 ... 3194 3196 3198],127.78228443959975,2,"{'cosmic_spike': False, 'fluorescence': False}"
RS_0589,[0.55125866 0.57621981 0.5609858  ... 0.4572906  0.456716   0.44448173],pharmaceutical,[ 100  102  104 ... 3194 3196 3198],23.11638526048873,2,"{'cosmic_spike': False, 'fluorescence': False}"
RS_0590,[0.17224149 0.17188277 0.17048594 ... 0.6508502  0.65031679 0.6498569 ],pharmaceutical,[ 100  102  104 ... 3194 3196 3198],91.27782911859454,2,"{'cosmic_spike': False, 'fluorescence': True}"
RS_0591,[0.45418517 0.45426624 0.45439517 ... 0.00148475 0.00129356 0.        ],pharmaceutical,[ 100  102  104 ... 3194 3196 3198],91.12809008911168,2,"{'cosmic_spike': False, 'fluorescence': False}"
RS_0592,"[6.42653292e-01 6.42905755e-01 6.40886332e-01 ... 2.05571340e-04
 5.50592553e-04 0.00000000e+00]",pharmaceutical,[ 100  102  104 ... 3194 3196 3198],86.50108651923321,2,"{'cosmic_spike': False, 'fluorescence': True}"
RS_0593,[0.15244924 0.13361819 0.15256392 ... 0.11956726 0.12585754 0.06984804],pharmaceutical,[ 100  102  104 ... 3194 3196 3198],21.58344478681638,2,"{'cosmic_spike': False, 'fluorescence': True}"
RS_0594,[0.77535578 0.74349307 0.75625423 ... 0.75439427 0.74707723 0.70482451],pharmaceutical,[ 100  102  104 ... 3194 3196 3198],14.284211462631974,2,"{'cosmic_spike': False, 'fluorescence': False}"
RS_0595,[0.23610167 0.1667698  0.19176943 ... 0.79458506 0.83044407 0.85854374],pharmaceutical,[ 100  102  104 ... 3194 3196 3198],17.818522796283528,2,"{'cosmic_spike': False, 'fluorescence': False}"
RS_0596,[0.553125   0.55203774 0.55447537 ... 0.00389693 0.00321459 0.        ],pharmaceutical,[ 100  102  104 ... 3194 3196 3198],53.64994881560813,2,"{'cosmic_spike': False, 'fluorescence': False}"
RS_0597,[0.         0.00090636 0.00055734 ... 0.16358415 0.163073   0.16384954],pharmaceutical,[ 100  102  104 ... 3194 3196 3198],46.42035228352997,2,"{'cosmic_spike': False, 'fluorescence': False}"
RS_0598,"[0.00000000e+00 7.54498594e-05 5.08883919e-04 ... 7.44872394e-02
 7.40413243e-02 7.34944469e-02]",pharmaceutical,[ 100  102  104 ... 3194 3196 3198],115.55915085173545,2,"{'cosmic_spike': False, 'fluorescence': True}"
RS_0599,[0.30901063 0.31040265 0.3112609  ... 0.00320423 0.00139085 0.        ],pharmaceutical,[ 100  102  104 ... 3194 3196 3198],142.27620083542436,2,"{'cosmic_spike': False, 'fluorescence': False}"
RS_0600,[0.         0.00158813 0.00105142 ... 0.2781494  0.27988231 0.27803625],pharmaceutical,[ 100  102  104 ... 3194 3196 3198],68.44348703766508,2,"{'cosmic_spike': False, 'fluorescence': False}"
RS_0601,"[0.00000000e+00 5.45894426e-04 2.85716882e-04 ... 9.17905494e-01
 9.17537684e-01 9.18321831e-01]",pharmaceutical,[ 100  102  104 ... 3194 3196 3198],124.94849085163571,2,"{'cosmic_spike': False, 'fluorescence': False}"
RS_0602,[0.         0.00096885 0.0021477  ... 0.05813665 0.05782769 0.05784894],pharmaceutical,[ 100  102  104 ... 3194 3196 3198],100.95645963770882,2,"{'cosmic_spike': True, 'fluorescence': True}"
RS_0603,[0.20026816 0.20194903 0.20224324 ... 0.00139679 0.         0.00077315],pharmaceutical,[ 100  102  104 ... 3194 3196 3198],99.20516728398813,2,"{'cosmic_spike': False, 'fluorescence': False}"
RS_0604,[0.92145742 0.92105294 0.92073187 ... 0.02088439 0.01641724 0.01263776],pharmaceutical,[ 100  102  104 ... 3194 3196 3198],147.61101682915327,2,"{'cosmic_spike': False, 'fluorescence': True}"
RS_0605,"[5.68849119e-04 0.00000000e+00 1.35544939e-03 ... 9.17768014e-01
 9.19115537e-01 9.19294419e-01]",pharmaceutical,[ 100  102  104 ... 3194 3196 3198],86.27354498938874,2,"{'cosmic_spike': False, 'fluorescence': False}"
RS_0606,"[1.00000000e+00 9.98291522e-01 9.97682639e-01 ... 8.10139490e-05
 0.00000000e+00 6.40548499e-04]",pharmaceutical,[ 100  102  104 ... 3194 3196 3198],52.66380386479873,2,"{'cosmic_spike': False, 'fluorescence': False}"
RS_0607,[0.42446133 0.42338919 0.42137653 ... 0.28679985 0.27964615 0.2790517 ],pharmaceutical,[ 100  102  104 ... 3194 3196 3198],91.78929794472596,2,"{'cosmic_spike': False, 'fluorescence': False}"
RS_0608,[0.53935666 0.52707345 0.53187653 ... 0.00126435 0.00981488 0.00708912],pharmaceutical,[ 100  102  104 ... 3194 3196 3198],33.373484882047805,2,"{'cosmic_spike': False, 'fluorescence': False}"
RS_0609,"[0.00000000e+00 5.32395929e-04 2.56564508e-03 ... 5.70066011e-01
 5.70025961e-01 5.69395116e-01]",pharmaceutical,[ 100  102  104 ... 3194 3196 3198],94.23054597269142,2,"{'cosmic_spike': False, 'fluorescence': True}"
RS_0610,[0.35818371 0.35443956 0.36229129 ... 0.00706265 0.00300915 0.00183175],pharmaceutical,[ 100  102  104 ... 3194 3196 3198],43.00024081107382,2,"{'cosmic_spike': False, 'fluorescence': False}"
RS_0611,[0.22873629 0.22951447 0.23117774 ... 0.00343906 0.         0.00032184],pharmaceutical,[ 100  102  104 ... 3194 3196 3198],97.77659763917592,2,"{'cosmic_spike': False, 'fluorescence': True}"
RS_0612,"[5.28586571e-04 0.00000000e+00 6.24551255e-04 ... 6.59483825e-01
 6.59466669e-01 6.60217907e-01]",pharmaceutical,[ 100  102  104 ... 3194 3196 3198],129.12851520524038,2,"{'cosmic_spike': False, 'fluorescence': True}"
RS_0613,[1.         0.99808131 0.99672741 ... 0.39726407 0.39722331 0.39910295],pharmaceutical,[ 100  102  104 ... 3194 3196 3198],148.46886817705544,2,"{'cosmic_spike': False, 'fluorescence': False}"
RS_0614,"[3.56884365e-01 3.57311062e-01 3.58580490e-01 ... 2.25597926e-04
 0.00000000e+00 9.75189398e-05]",pharmaceutical,[ 100  102  104 ... 3194 3196 3198],67.63615619583382,2,"{'cosmic_spike': False, 'fluorescence': False}"
RS_0615,"[0.00000000e+00 3.81338511e-04 1.54208288e-03 ... 7.91980759e-01
 7.91845180e-01 7.93180906e-01]",pharmaceutical,[ 100  102  104 ... 3194 3196 3198],50.90429882996522,2,"{'cosmic_spike': False, 'fluorescence': True}"
RS_0616,[0.15111653 0.149879   0.15089437 ... 0.59837061 0.60101991 0.60168471],pharmaceutical,[ 100  102  104 ... 3194 3196 3198],43.623713107471,2,"{'cosmic_spike': False, 'fluorescence': True}"
RS_0617,[0.         0.00517192 0.00491507 ... 0.46796091 0.4662319  0.4630772 ],pharmaceutical,[ 100  102  104 ... 3194 3196 3198],36.380540450677685,2,"{'cosmic_spike': False, 'fluorescence': False}"
RS_0618,[0.14399725 0.0500144  0.14029755 ... 0.68397217 0.73600906 0.60723669],pharmaceutical,[ 100  102  104 ... 3194 3196 3198],11.716884388185704,2,"{'cosmic_spike': False, 'fluorescence': False}"
RS_0619,[0.24453689 0.24574364 0.24516599 ... 0.33567225 0.33587908 0.33714411],pharmaceutical,[ 100  102  104 ... 3194 3196 3198],83.0735430412207,2,"{'cosmic_spike': False, 'fluorescence': False}"
RS_0620,"[5.01367739e-04 0.00000000e+00 1.02559805e-03 ... 5.52417339e-01
 5.52694913e-01 5.54259063e-01]",pharmaceutical,[ 100  102  104 ... 3194 3196 3198],84.68928195232519,2,"{'cosmic_spike': False, 'fluorescence': False}"
RS_0621,[0.21236786 0.21064288 0.21020844 ... 0.63587425 0.63557657 0.63626489],pharmaceutical,[ 100  102  104 ... 3194 3196 3198],86.31967665162618,2,"{'cosmic_spike': False, 'fluorescence': False}"
RS_0622,[0.0083094  0.00805031 0.00678065 ... 0.74134757 0.74157016 0.74412467],pharmaceutical,[ 100  102  104 ... 3194 3196 3198],138.62213708004722,2,"{'cosmic_spike': False, 'fluorescence': False}"
RS_0623,[0.38556157 0.38243115 0.38171382 ... 0.99497287 0.99786673 1.        ],pharmaceutical,[ 100  102  104 ... 3194 3196 3198],105.69748313459024,2,"{'cosmic_spike': False, 'fluorescence': False}"
RS_0624,[0.38089123 0.38001054 0.37929053 ... 0.00226023 0.00101391 0.        ],pharmaceutical,[ 100  102  104 ... 3194 3196 3198],53.37082992276887,2,"{'cosmic_spike': False, 'fluorescence': False}"
RS_0625,"[1.00000000e+00 9.98974642e-01 9.98401394e-01 ... 1.36665352e-03
 4.33518844e-04 0.00000000e+00]",pharmaceutical,[ 100  102  104 ... 3194 3196 3198],106.75595196711295,2,"{'cosmic_spike': False, 'fluorescence': False}"
RS_0626,[0.         0.00119506 0.00219916 ... 0.83036682 0.8297407  0.83120214],pharmaceutical,[ 100  102  104 ... 3194 3196 3198],96.0916470987052,2,"{'cosmic_spike': False, 'fluorescence': True}"
RS_0627,[0.9165136  0.91564528 0.91602746 ... 0.00345555 0.00105199 0.        ],pharmaceutical,[ 100  102  104 ... 3194 3196 3198],104.8123099546457,2,"{'cosmic_spike': False, 'fluorescence': False}"
RS_0628,[0.         0.00096793 0.00064658 ... 0.05818196 0.0572992  0.0559131 ],pharmaceutical,[ 100  102  104 ... 3194 3196 3198],122.6250529481207,2,"{'cosmic_spike': False, 'fluorescence': False}"
RS_0629,[0.52731281 0.52427158 0.52468605 ... 0.25769754 0.25700041 0.25695238],pharmaceutical,[ 100  102  104 ... 3194 3196 3198],60.19194774582701,2,"{'cosmic_spike': False, 'fluorescence': False}"
RS_0630,[0.00426099 0.01522486 0.01048412 ... 0.48349345 0.48417311 0.4785512 ],pharmaceutical,[ 100  102  104 ... 3194 3196 3198],35.24012610663176,2,"{'cosmic_spike': False, 'fluorescence': False}"
RS_0631,[0.1725954  0.17365874 0.17546007 ... 0.00505726 0.00297558 0.        ],pharmaceutical,[ 100  102  104 ... 3194 3196 3198],112.32398769457555,2,"{'cosmic_spike': False, 'fluorescence': False}"
RS_0632,[0.99056539 0.98932525 0.98753651 ... 0.0932104  0.09518103 0.09327364],pharmaceutical,[ 100  102  104 ... 3194 3196 3198],80.59113661753042,2,"{'cosmic_spike': False, 'fluorescence': True}"
RS_0633,"[4.78244702e-01 4.78798238e-01 4.77830425e-01 ... 0.00000000e+00
 4.78717717e-04 3.60437107e-04]",pharmaceutical,[ 100  102  104 ... 3194 3196 3198],99.64543893158299,2,"{'cosmic_spike': False, 'fluorescence': False}"
RS_0634,[0.01849873 0.01622865 0.01744963 ... 0.9970901  1.         0.99976854],pharmaceutical,[ 100  102  104 ... 3194 3196 3198],141.77028449615833,2,"{'cosmic_spike': False, 'fluorescence': False}"
RS_0635,[0.02064283 0.02081347 0.         ... 0.98502112 0.98292491 1.        ],pharmaceutical,[ 100  102  104 ... 3194 3196 3198],31.052590278986788,2,"{'cosmic_spike': False, 'fluorescence': False}"
RS_0636,[0.56642156 0.56638763 0.5659346  ... 0.00084189 0.         0.00114544],pharmaceutical,[ 100  102  104 ... 3194 3196 3198],119.25028450600902,2,"{'cosmic_spike': False, 'fluorescence': False}"
RS_0637,[0.76432431 0.76462984 0.763468   ... 0.32362284 0.32475966 0.3266288 ],pharmaceutical,[ 100  102  104 ... 3194 3196 3198],77.92222213262343,2,"{'cosmic_spike': False, 'fluorescence': False}"
RS_0638,[0.10428728 0.10347423 0.10214706 ... 0.43181494 0.42635507 0.42568702],pharmaceutical,[ 100  102  104 ... 3194 3196 3198],66.044711238449,2,"{'cosmic_spike': False, 'fluorescence': False}"
RS_0639,"[0.00000000e+00 1.20033913e-04 6.78342964e-06 ... 4.16723126e-02
 4.15028094e-02 4.15786898e-02]",pharmaceutical,[ 100  102  104 ... 3194 3196 3198],59.738903033594795,2,"{'cosmic_spike': False, 'fluorescence': True}"
RS_0640,[0.003056   0.01054895 0.00832953 ... 0.07997868 0.06716171 0.07980441],pharmaceutical,[ 100  102  104 ... 3194 3196 3198],39.27703084869708,2,"{'cosmic_spike': False, 'fluorescence': True}"
RS_0641,[0.01222989 0.0124069  0.01188142 ... 0.77854316 0.7791368  0.78157426],pharmaceutical,[ 100  102  104 ... 3194 3196 3198],96.4413526598243,2,"{'cosmic_spike': False, 'fluorescence': True}"
RS_0642,"[5.30206827e-01 5.28803193e-01 5.28780840e-01 ... 4.81020215e-04
 1.09246116e-03 0.00000000e+00]",pharmaceutical,[ 100  102  104 ... 3194 3196 3198],63.30484888402078,2,"{'cosmic_spike': False, 'fluorescence': False}"
RS_0643,[0.57298727 0.5722126  0.57195427 ... 0.01268501 0.0089352  0.00602864],pharmaceutical,[ 100  102  104 ... 3194 3196 3198],98.86835639368009,2,"{'cosmic_spike': False, 'fluorescence': False}"
RS_0644,[0.         0.00161728 0.00330515 ... 0.54745372 0.54666569 0.54619626],pharmaceutical,[ 100  102  104 ... 3194 3196 3198],48.04689122829495,2,"{'cosmic_spike': False, 'fluorescence': True}"
RS_0645,"[7.94750700e-01 7.95544595e-01 7.95177166e-01 ... 1.51526107e-03
 7.04009472e-04 0.00000000e+00]",pharmaceutical,[ 100  102  104 ... 3194 3196 3198],79.4732903947417,2,"{'cosmic_spike': False, 'fluorescence': True}"
RS_0646,[1.         0.99921101 0.99855395 ... 0.0035089  0.0018761  0.        ],pharmaceutical,[ 100  102  104 ... 3194 3196 3198],87.96844023566345,2,"{'cosmic_spike': False, 'fluorescence': True}"
RS_0647,[0.71706929 0.71569876 0.71666153 ... 0.16064861 0.15901277 0.16059566],pharmaceutical,[ 100  102  104 ... 3194 3196 3198],47.12982790313262,2,"{'cosmic_spike': False, 'fluorescence': False}"
RS_0648,[0.66198883 0.66030045 0.6579429  ... 0.74471341 0.74286648 0.74611155],pharmaceutical,[ 100  102  104 ... 3194 3196 3198],94.17298464839625,2,"{'cosmic_spike': False, 'fluorescence': True}"
RS_0649,[0.2117389  0.23769388 0.23093559 ... 0.03377364 0.01330087 0.01612328],pharmaceutical,[ 100  102  104 ... 3194 3196 3198],25.934829454231505,2,"{'cosmic_spike': False, 'fluorescence': True}"
RS_0650,[0.         0.00106132 0.00144672 ... 0.85080477 0.85164577 0.8536388 ],pharmaceutical,[ 100  102  104 ... 3194 3196 3198],80.5929940800557,2,"{'cosmic_spike': False, 'fluorescence': False}"
RS_0651,[0.         0.00058367 0.00098401 ... 0.53490187 0.53448994 0.53462352],pharmaceutical,[ 100  102  104 ... 3194 3196 3198],106.18973370861794,2,"{'cosmic_spike': False, 'fluorescence': False}"
RS_0652,[0.07685095 0.08632839 0.06557752 ... 0.97756658 0.98564697 1.        ],pharmaceutical,[ 100  102  104 ... 3194 3196 3198],25.88321639519236,2,"{'cosmic_spike': False, 'fluorescence': False}"
RS_0653,[1.         0.99686849 0.99577576 ... 0.2421017  0.24502081 0.24576387],pharmaceutical,[ 100  102  104 ... 3194 3196 3198],68.43977102854811,2,"{'cosmic_spike': False, 'fluorescence': False}"
RS_0654,[0.57483084 0.57564869 0.57648242 ... 0.00320984 0.00158097 0.        ],pharmaceutical,[ 100  102  104 ... 3194 3196 3198],129.13853117890991,2,"{'cosmic_spike': False, 'fluorescence': True}"
RS_0655,[0.83460998 0.83430448 0.83445054 ... 0.00265854 0.00087869 0.        ],pharmaceutical,[ 100  102  104 ... 3194 3196 3198],113.48860439044975,2,"{'cosmic_spike': False, 'fluorescence': False}"
RS_0656,[0.71779802 0.71535411 0.71460464 ... 0.99358276 0.99889306 1.        ],pharmaceutical,[ 100  102  104 ... 3194 3196 3198],74.78101370465336,2,"{'cosmic_spike': False, 'fluorescence': True}"
RS_0657,"[1.14885278e-04 0.00000000e+00 1.63799080e-03 ... 4.85223332e-01
 4.84565771e-01 4.84752230e-01]",pharmaceutical,[ 100  102  104 ... 3194 3196 3198],49.971243303099484,2,"{'cosmic_spike': True, 'fluorescence': False}"
RS_0658,[0.15265399 0.15114873 0.15060001 ... 0.0147673  0.01633729 0.01680572],pharmaceutical,[ 100  102  104 ... 3194 3196 3198],56.197017072809146,2,"{'cosmic_spike': False, 'fluorescence': False}"
RS_0659,[0.0039584  0.00318476 0.00277748 ... 0.92593653 0.91060442 0.89519808],pharmaceutical,[ 100  102  104 ... 3194 3196 3198],64.45212971507354,2,"{'cosmic_spike': False, 'fluorescence': True}"
RS_0660,[0.059058   0.05877786 0.05822496 ... 0.99710579 0.99862313 1.        ],pharmaceutical,[ 100  102  104 ... 3194 3196 3198],93.95439175201638,2,"{'cosmic_spike': False, 'fluorescence': False}"
RS_0661,[1.         0.99752958 0.99495915 ... 0.21292802 0.21346947 0.2139709 ],pharmaceutical,[ 100  102  104 ... 3194 3196 3198],135.9363874205432,2,"{'cosmic_spike': False, 'fluorescence': False}"
RS_0662,[0.28498577 0.28585943 0.2855499  ... 0.0007624  0.         0.00045721],pharmaceutical,[ 100  102  104 ... 3194 3196 3198],85.0286668430748,2,"{'cosmic_spike': False, 'fluorescence': False}"
RS_0663,"[0.00000000e+00 1.05115554e-05 1.54800095e-03 ... 1.00000000e+00
 9.95577592e-01 9.81862442e-01]",pharmaceutical,[ 100  102  104 ... 3194 3196 3198],57.08674255725502,2,"{'cosmic_spike': False, 'fluorescence': False}"
RS_0664,[0.39520212 0.39573553 0.39460484 ... 0.00093106 0.         0.00104488],pharmaceutical,[ 100  102  104 ... 3194 3196 3198],128.51504627392978,2,"{'cosmic_spike': False, 'fluorescence': False}"
RS_0665,[0.46038851 0.46282298 0.4610614  ... 0.94023506 0.93909498 0.94202985],pharmaceutical,[ 100  102  104 ... 3194 3196 3198],95.06827741353476,2,"{'cosmic_spike': False, 'fluorescence': True}"
RS_0666,[0.5470297  0.54805821 0.54902411 ... 0.00290269 0.00147977 0.        ],pharmaceutical,[ 100  102  104 ... 3194 3196 3198],112.06337155842385,2,"{'cosmic_spike': True, 'fluorescence': False}"
RS_0667,[0.60477901 0.60269707 0.60241665 ... 0.00234649 0.00125793 0.        ],pharmaceutical,[ 100  102  104 ... 3194 3196 3198],121.22208307673081,2,"{'cosmic_spike': False, 'fluorescence': True}"
RS_0668,"[1.00000000e+00 9.99924608e-01 9.98937636e-01 ... 2.24399561e-03
 5.08003342e-04 5.99821146e-04]",pharmaceutical,[ 100  102  104 ... 3194 3196 3198],149.73698729383847,2,"{'cosmic_spike': False, 'fluorescence': False}"
RS_0669,[0.25215851 0.2490556  0.24791622 ... 0.2700021  0.26726884 0.263028  ],pharmaceutical,[ 100  102  104 ... 3194 3196 3198],106.10137805932874,2,"{'cosmic_spike': False, 'fluorescence': False}"
RS_0670,[0.85046771 0.85256876 0.85024347 ... 0.0328536  0.03576793 0.03450314],pharmaceutical,[ 100  102  104 ... 3194 3196 3198],106.60141492274239,2,"{'cosmic_spike': False, 'fluorescence': True}"
RS_0671,[0.26036516 0.19524253 0.20132929 ... 0.16517619 0.19577314 0.14972551],pharmaceutical,[ 100  102  104 ... 3194 3196 3198],15.739625560575725,2,"{'cosmic_spike': False, 'fluorescence': False}"
RS_0672,[0.18703465 0.17723994 0.20659002 ... 0.         0.05151429 0.07665701],pharmaceutical,[ 100  102  104 ... 3194 3196 3198],26.740703871328485,2,"{'cosmic_spike': False, 'fluorescence': False}"
RS_0673,"[5.82430304e-01 5.81499355e-01 5.81193208e-01 ... 1.65669913e-03
 3.61613209e-04 0.00000000e+00]",pharmaceutical,[ 100  102  104 ... 3194 3196 3198],128.3846982423873,2,"{'cosmic_spike': False, 'fluorescence': False}"
RS_0674,[0.         0.00109922 0.00203508 ... 0.76989012 0.77015164 0.77079149],pharmaceutical,[ 100  102  104 ... 3194 3196 3198],84.18922257501647,2,"{'cosmic_spike': True, 'fluorescence': False}"
RS_0675,[0.00061464 0.         0.00255055 ... 0.37350668 0.37357595 0.37202029],pharmaceutical,[ 100  102  104 ... 3194 3196 3198],83.03403787154267,2,"{'cosmic_spike': False, 'fluorescence': False}"
RS_0676,[0.46315053 0.45789236 0.47618285 ... 0.15116586 0.16190314 0.19476789],pharmaceutical,[ 100  102  104 ... 3194 3196 3198],27.389246417614626,2,"{'cosmic_spike': True, 'fluorescence': True}"
RS_0677,[0.         0.00184133 0.00380029 ... 0.60428365 0.60407623 0.60348693],pharmaceutical,[ 100  102  104 ... 3194 3196 3198],126.68853861489717,2,"{'cosmic_spike': False, 'fluorescence': False}"
RS_0678,[0.02312684 0.02138147 0.02172376 ... 0.6717321  0.67259452 0.67360752],pharmaceutical,[ 100  102  104 ... 3194 3196 3198],131.33031874841782,2,"{'cosmic_spike': False, 'fluorescence': True}"
RS_0679,"[9.48525905e-04 4.02350205e-04 0.00000000e+00 ... 8.70464059e-01
 8.71212452e-01 8.72153995e-01]",pharmaceutical,[ 100  102  104 ... 3194 3196 3198],128.31272240330787,2,"{'cosmic_spike': True, 'fluorescence': False}"
RS_0680,[0.26727594 0.26902982 0.27070783 ... 0.54472857 0.52686878 0.50797175],pharmaceutical,[ 100  102  104 ... 3194 3196 3198],50.85903208013478,2,"{'cosmic_spike': False, 'fluorescence': False}"
RS_0681,[0.         0.00194413 0.00278819 ... 0.40146837 0.39497604 0.38816059],pharmaceutical,[ 100  102  104 ... 3194 3196 3198],117.24297765080131,2,"{'cosmic_spike': False, 'fluorescence': False}"
RS_0682,[0.         0.0006043  0.00122524 ... 0.41719323 0.41444769 0.41478133],pharmaceutical,[ 100  102  104 ... 3194 3196 3198],126.88234728435904,2,"{'cosmic_spike': False, 'fluorescence': True}"
RS_0683,[0.         0.00126168 0.00197743 ... 0.46641795 0.46575244 0.46562565],pharmaceutical,[ 100  102  104 ... 3194 3196 3198],138.17071463280297,2,"{'cosmic_spike': False, 'fluorescence': False}"
RS_0684,[0.73924346 0.73684419 0.73644717 ... 0.43737767 0.43715998 0.43891513],pharmaceutical,[ 100  102  104 ... 3194 3196 3198],81.42434294758944,2,"{'cosmic_spike': False, 'fluorescence': False}"
RS_0685,[0.36858201 0.37019893 0.36931323 ... 0.00059375 0.         0.00070455],pharmaceutical,[ 100  102  104 ... 3194 3196 3198],60.7448104243871,2,"{'cosmic_spike': False, 'fluorescence': True}"
RS_0686,[0.08727513 0.08843209 0.0886159  ... 0.00392404 0.00210448 0.        ],pharmaceutical,[ 100  102  104 ... 3194 3196 3198],104.36804833855282,2,"{'cosmic_spike': False, 'fluorescence': False}"
RS_0687,"[8.83042146e-05 0.00000000e+00 1.88664659e-03 ... 6.71537823e-01
 6.71542413e-01 6.69981604e-01]",pharmaceutical,[ 100  102  104 ... 3194 3196 3198],100.99269577889618,2,"{'cosmic_spike': False, 'fluorescence': True}"
RS_0688,"[0.00000000e+00 4.35344334e-04 1.31753626e-03 ... 6.34229955e-01
 6.33740361e-01 6.34427106e-01]",pharmaceutical,[ 100  102  104 ... 3194 3196 3198],58.44420280014678,2,"{'cosmic_spike': False, 'fluorescence': False}"
RS_0689,[0.12487776 0.12571211 0.12585237 ... 0.00081106 0.00049041 0.        ],pharmaceutical,[ 100  102  104 ... 3194 3196 3198],86.70388459614242,2,"{'cosmic_spike': False, 'fluorescence': False}"
RS_0690,[0.04142687 0.05554005 0.00973819 ... 1.         0.96606642 0.96108908],pharmaceutical,[ 100  102  104 ... 3194 3196 3198],27.606020886875015,2,"{'cosmic_spike': True, 'fluorescence': True}"
RS_0691,[0.         0.00036297 0.00086698 ... 0.34474723 0.34554681 0.34509108],pharmaceutical,[ 100  102  104 ... 3194 3196 3198],56.35926325001917,2,"{'cosmic_spike': False, 'fluorescence': False}"
RS_0692,[0.75491924 0.75382741 0.76252012 ... 0.00815449 0.         0.01127818],pharmaceutical,[ 100  102  104 ... 3194 3196 3198],37.17155795524583,2,"{'cosmic_spike': False, 'fluorescence': False}"
RS_0693,[1.         0.99702599 0.99404046 ... 0.51891332 0.52168576 0.52368351],pharmaceutical,[ 100  102  104 ... 3194 3196 3198],116.17862703279062,2,"{'cosmic_spike': False, 'fluorescence': False}"
RS_0694,"[8.80683877e-01 8.79207076e-01 8.79670048e-01 ... 3.91555731e-04
 0.00000000e+00 4.34230379e-05]",pharmaceutical,[ 100  102  104 ... 3194 3196 3198],107.37085871945577,2,"{'cosmic_spike': False, 'fluorescence': False}"
RS_0695,[0.24348885 0.2482021  0.2432756  ... 0.02063339 0.01163034 0.02425924],pharmaceutical,[ 100  102  104 ... 3194 3196 3198],22.857695572303278,2,"{'cosmic_spike': False, 'fluorescence': False}"
RS_0696,[0.47192564 0.47329567 0.47372017 ... 0.14222768 0.11859338 0.09675819],pharmaceutical,[ 100  102  104 ... 3194 3196 3198],141.693854410332,2,"{'cosmic_spike': False, 'fluorescence': True}"
RS_0697,"[6.79828636e-01 6.79774056e-01 6.78374290e-01 ... 9.94594039e-04
 0.00000000e+00 2.95586715e-04]",pharmaceutical,[ 100  102  104 ... 3194 3196 3198],120.72183926154212,2,"{'cosmic_spike': False, 'fluorescence': False}"
RS_0698,[0.10447566 0.09710393 0.09234396 ... 0.13910789 0.13581378 0.13061649],pharmaceutical,[ 100  102  104 ... 3194 3196 3198],31.423691595100035,2,"{'cosmic_spike': False, 'fluorescence': True}"
RS_0699,[0.75699546 0.75607451 0.7561012  ... 0.04214527 0.04259801 0.04146642],pharmaceutical,[ 100  102  104 ... 3194 3196 3198],117.94049506190193,2,"{'cosmic_spike': False, 'fluorescence': False}"
RS_0700,[0.73510499 0.733511   0.73293637 ... 0.80850236 0.81181384 0.81377267],pharmaceutical,[ 100  102  104 ... 3194 3196 3198],124.03998452696972,2,"{'cosmic_spike': False, 'fluorescence': False}"
RS_0701,[0.41522632 0.41615316 0.41414218 ... 0.25535294 0.23855589 0.22244612],pharmaceutical,[ 100  102  104 ... 3194 3196 3198],105.63265886302173,2,"{'cosmic_spike': False, 'fluorescence': False}"
RS_0702,"[6.30911300e-04 1.69453180e-03 0.00000000e+00 ... 7.57015967e-01
 7.57508757e-01 7.57473083e-01]",pharmaceutical,[ 100  102  104 ... 3194 3196 3198],78.36290772908106,2,"{'cosmic_spike': False, 'fluorescence': False}"
RS_0703,[0.35730807 0.35495955 0.37176649 ... 0.00628072 0.         0.02114777],pharmaceutical,[ 100  102  104 ... 3194 3196 3198],33.68559600813856,2,"{'cosmic_spike': False, 'fluorescence': False}"
RS_0704,[0.         0.00107806 0.0024663  ... 0.08541751 0.08457865 0.08293621],pharmaceutical,[ 100  102  104 ... 3194 3196 3198],87.11432029447435,2,"{'cosmic_spike': False, 'fluorescence': False}"
RS_0705,[0.68557654 0.78057997 0.75356651 ... 0.48205804 0.49969635 0.53106666],pharmaceutical,[ 100  102  104 ... 3194 3196 3198],28.30288318758874,2,"{'cosmic_spike': False, 'fluorescence': False}"
RS_0706,[0.0716043  0.10841182 0.0877371  ... 0.02319491 0.02579884 0.02290793],pharmaceutical,[ 100  102  104 ... 3194 3196 3198],28.384845959453877,2,"{'cosmic_spike': False, 'fluorescence': False}"
RS_0707,"[9.99699741e-01 9.99967377e-01 1.00000000e+00 ... 2.58204261e-03
 5.09159265e-04 0.00000000e+00]",pharmaceutical,[ 100  102  104 ... 3194 3196 3198],96.70994633579276,2,"{'cosmic_spike': False, 'fluorescence': False}"
RS_0708,[0.         0.00236632 0.00316082 ... 0.55263889 0.55250107 0.55170713],pharmaceutical,[ 100  102  104 ... 3194 3196 3198],147.76347041378682,2,"{'cosmic_spike': False, 'fluorescence': False}"
RS_0709,[0.0317515  0.03140932 0.03152696 ... 0.58010134 0.58300861 0.58243145],pharmaceutical,[ 100  102  104 ... 3194 3196 3198],132.63798145868853,2,"{'cosmic_spike': False, 'fluorescence': True}"
RS_0710,[0.1360949  0.1358707  0.13497476 ... 0.92082173 0.92384585 0.92506101],pharmaceutical,[ 100  102  104 ... 3194 3196 3198],73.60608568259941,2,"{'cosmic_spike': False, 'fluorescence': False}"
RS_0711,[0.01681739 0.01712505 0.01662071 ... 0.16730764 0.16755249 0.16784294],pharmaceutical,[ 100  102  104 ... 3194 3196 3198],47.03258912273895,2,"{'cosmic_spike': False, 'fluorescence': False}"
RS_0712,[0.         0.00156131 0.0018119  ... 0.18258278 0.18248541 0.18120997],pharmaceutical,[ 100  102  104 ... 3194 3196 3198],106.47358359457282,2,"{'cosmic_spike': False, 'fluorescence': True}"
RS_0713,"[2.18818424e-01 2.21103954e-01 2.22558307e-01 ... 2.44137042e-03
 0.00000000e+00 2.16686653e-05]",pharmaceutical,[ 100  102  104 ... 3194 3196 3198],84.13297955687452,2,"{'cosmic_spike': False, 'fluorescence': False}"
RS_0714,[0.1351498  0.1354475  0.13527655 ... 0.00079898 0.00088527 0.        ],pharmaceutical,[ 100  102  104 ... 3194 3196 3198],41.28411979514843,2,"{'cosmic_spike': False, 'fluorescence': False}"
RS_0715,[0.         0.00135843 0.00181023 ... 0.38110086 0.37920334 0.37774941],pharmaceutical,[ 100  102  104 ... 3194 3196 3198],134.59156444009952,2,"{'cosmic_spike': False, 'fluorescence': False}"
RS_0716,[0.59490343 0.59554254 0.60051479 ... 0.00239394 0.         0.00124073],pharmaceutical,[ 100  102  104 ... 3194 3196 3198],42.441760755948536,2,"{'cosmic_spike': False, 'fluorescence': True}"
RS_0717,"[2.86296584e-04 0.00000000e+00 1.22655573e-03 ... 6.49399302e-01
 6.49680627e-01 6.48217118e-01]",pharmaceutical,[ 100  102  104 ... 3194 3196 3198],95.49567180543595,2,"{'cosmic_spike': False, 'fluorescence': False}"
RS_0718,[0.31049517 0.3096994  0.30909339 ... 0.0513478  0.05040226 0.05053034],pharmaceutical,[ 100  102  104 ... 3194 3196 3198],68.69658078030079,2,"{'cosmic_spike': False, 'fluorescence': True}"
RS_0719,"[6.19634808e-01 6.19046787e-01 6.20750363e-01 ... 2.57906563e-03
 0.00000000e+00 3.22360354e-04]",pharmaceutical,[ 100  102  104 ... 3194 3196 3198],54.62233731900836,2,"{'cosmic_spike': False, 'fluorescence': False}"
RS_0720,[0.00477784 0.00358695 0.00681655 ... 0.51106765 0.51706552 0.51091387],pharmaceutical,[ 100  102  104 ... 3194 3196 3198],36.48858856521339,2,"{'cosmic_spike': True, 'fluorescence': False}"
RS_0721,[0.05717014 0.05704663 0.0564972  ... 0.72993088 0.72441471 0.72012679],pharmaceutical,[ 100  102  104 ... 3194 3196 3198],57.96891877093066,2,"{'cosmic_spike': False, 'fluorescence': False}"
RS_0722,[0.88377673 0.8822512  0.88518005 ... 0.00575487 0.00313574 0.00286926],pharmaceutical,[ 100  102  104 ... 3194 3196 3198],38.64143321103815,2,"{'cosmic_spike': True, 'fluorescence': False}"
RS_0723,[0.20220826 0.22180073 0.22779131 ... 0.01036116 0.01909603 0.01432514],pharmaceutical,[ 100  102  104 ... 3194 3196 3198],32.74457409074971,2,"{'cosmic_spike': False, 'fluorescence': False}"
RS_0724,[0.26964481 0.26820439 0.26786758 ... 0.329888   0.33005445 0.33005385],pharmaceutical,[ 100  102  104 ... 3194 3196 3198],134.4467346918396,2,"{'cosmic_spike': False, 'fluorescence': False}"
RS_0725,[0.11954654 0.11857844 0.11869396 ... 0.86975321 0.87092423 0.87250723],pharmaceutical,[ 100  102  104 ... 3194 3196 3198],90.93601852463604,2,"{'cosmic_spike': False, 'fluorescence': False}"
RS_0726,[0.         0.00080364 0.00166791 ... 0.33687188 0.33645043 0.33457591],pharmaceutical,[ 100  102  104 ... 3194 3196 3198],62.75494266349993,2,"{'cosmic_spike': False, 'fluorescence': False}"
RS_0727,[0.55289018 0.52981876 0.43062482 ... 0.16954197 0.14588337 0.11751439],pharmaceutical,[ 100  102  104 ... 3194 3196 3198],11.761068814837415,2,"{'cosmic_spike': False, 'fluorescence': False}"
RS_0728,[0.06770671 0.06717811 0.06609377 ... 0.79168116 0.76541054 0.7385624 ],pharmaceutical,[ 100  102  104 ... 3194 3196 3198],92.82749070164306,2,"{'cosmic_spike': False, 'fluorescence': False}"
RS_0729,[0.         0.0011518  0.00252554 ... 0.25680552 0.2544477  0.25183931],pharmaceutical,[ 100  102  104 ... 3194 3196 3198],64.74335895292771,2,"{'cosmic_spike': False, 'fluorescence': False}"
RS_0730,"[1.00000000e+00 9.99705591e-01 9.98389703e-01 ... 9.07650542e-04
 4.28302467e-04 0.00000000e+00]",pharmaceutical,[ 100  102  104 ... 3194 3196 3198],91.314709453302,2,"{'cosmic_spike': False, 'fluorescence': True}"
RS_0731,[0.62284656 0.7188839  0.71362759 ... 0.1314802  0.0731705  0.08642399],pharmaceutical,[ 100  102  104 ... 3194 3196 3198],24.2841033990545,2,"{'cosmic_spike': False, 'fluorescence': True}"
RS_0732,"[1.00000000e+00 9.98919631e-01 9.98341278e-01 ... 5.25372432e-04
 6.63575162e-05 0.00000000e+00]",pharmaceutical,[ 100  102  104 ... 3194 3196 3198],55.737526316724285,2,"{'cosmic_spike': False, 'fluorescence': False}"
RS_0733,"[6.31995883e-01 6.31079808e-01 6.31521148e-01 ... 1.90724605e-03
 0.00000000e+00 3.51671400e-04]",pharmaceutical,[ 100  102  104 ... 3194 3196 3198],116.3673638466586,2,"{'cosmic_spike': False, 'fluorescence': False}"
RS_0734,[0.07320849 0.07176607 0.07154209 ... 0.15266267 0.14797003 0.146145  ],pharmaceutical,[ 100  102  104 ... 3194 3196 3198],31.517230062163982,2,"{'cosmic_spike': False, 'fluorescence': False}"
RS_0735,[0.32242591 0.32421777 0.32163281 ... 0.00220643 0.00076404 0.        ],pharmaceutical,[ 100  102  104 ... 3194 3196 3198],110.76416523066057,2,"{'cosmic_spike': False, 'fluorescence': False}"
RS_0736,[0.00517076 0.         0.00688345 ... 0.58078447 0.58525289 0.57208025],pharmaceutical,[ 100  102  104 ... 3194 3196 3198],41.173399116907724,2,"{'cosmic_spike': False, 'fluorescence': False}"
RS_0737,[0.         0.00048191 0.00346196 ... 0.06678667 0.06533863 0.06344032],pharmaceutical,[ 100  102  104 ... 3194 3196 3198],67.04719896304128,2,"{'cosmic_spike': False, 'fluorescence': False}"
RS_0738,"[0.00000000e+00 1.28658362e-04 4.89489933e-04 ... 1.44612259e-01
 1.44386012e-01 1.44262475e-01]",pharmaceutical,[ 100  102  104 ... 3194 3196 3198],61.96478183337808,2,"{'cosmic_spike': False, 'fluorescence': False}"
RS_0739,[0.00264992 0.00412802 0.003734   ... 0.45800508 0.45924825 0.44364394],pharmaceutical,[ 100  102  104 ... 3194 3196 3198],46.34602532117184,2,"{'cosmic_spike': False, 'fluorescence': True}"
RS_0740,"[0.00000000e+00 3.41270824e-04 1.27462637e-03 ... 4.04397153e-01
 4.04832611e-01 4.03686733e-01]",pharmaceutical,[ 100  102  104 ... 3194 3196 3198],87.75448128608313,2,"{'cosmic_spike': False, 'fluorescence': False}"
RS_0741,[0.         0.00113464 0.00225437 ... 0.26200194 0.26138756 0.26014282],pharmaceutical,[ 100  102  104 ... 3194 3196 3198],59.306514309710884,2,"{'cosmic_spike': False, 'fluorescence': False}"
RS_0742,[0.39569262 0.39516733 0.39399457 ... 0.00182406 0.         0.00152356],pharmaceutical,[ 100  102  104 ... 3194 3196 3198],97.60529024103725,2,"{'cosmic_spike': False, 'fluorescence': True}"
RS_0743,[0.69817996 0.69910939 0.69926878 ... 0.0469695  0.04205205 0.03481604],pharmaceutical,[ 100  102  104 ... 3194 3196 3198],120.95213366294799,2,"{'cosmic_spike': False, 'fluorescence': False}"
RS_0744,"[0.00000000e+00 1.65000518e-04 9.24682909e-04 ... 3.79293246e-01
 3.79640533e-01 3.79421488e-01]",pharmaceutical,[ 100  102  104 ... 3194 3196 3198],136.24503200482894,2,"{'cosmic_spike': False, 'fluorescence': True}"
RS_0745,"[0.00000000e+00 1.11299198e-04 7.80567716e-04 ... 5.73859997e-01
 5.75322085e-01 5.77944976e-01]",pharmaceutical,[ 100  102  104 ... 3194 3196 3198],132.49819446355716,2,"{'cosmic_spike': False, 'fluorescence': True}"
RS_0746,[0.07994541 0.07872014 0.08019603 ... 0.14615245 0.14599004 0.14571265],pharmaceutical,[ 100  102  104 ... 3194 3196 3198],57.56874511109633,2,"{'cosmic_spike': False, 'fluorescence': True}"
RS_0747,"[1.00000000e+00 9.99451770e-01 9.99567454e-01 ... 9.33936066e-04
 9.39295595e-05 0.00000000e+00]",pharmaceutical,[ 100  102  104 ... 3194 3196 3198],132.5956981916416,2,"{'cosmic_spike': False, 'fluorescence': False}"
RS_0748,"[3.70330017e-01 3.70499117e-01 3.70857184e-01 ... 1.39752934e-03
 0.00000000e+00 1.89637847e-05]",pharmaceutical,[ 100  102  104 ... 3194 3196 3198],88.32281979427799,2,"{'cosmic_spike': False, 'fluorescence': False}"
RS_0749,[0.80677216 0.79964122 0.80014047 ... 0.13873782 0.14195202 0.13915059],pharmaceutical,[ 100  102  104 ... 3194 3196 3198],44.80560213108903,2,"{'cosmic_spike': False, 'fluorescence': False}"
RS_0750,[0.09874564 0.10067333 0.10123757 ... 0.01301732 0.00285282 0.00181489],pharmaceutical,[ 100  102  104 ... 3194 3196 3198],19.394365004146977,2,"{'cosmic_spike': False, 'fluorescence': True}"
RS_0751,[0.63724389 0.64735607 0.64064479 ... 0.33639996 0.33546343 0.31928895],pharmaceutical,[ 100  102  104 ... 3194 3196 3198],41.42029699852411,2,"{'cosmic_spike': False, 'fluorescence': True}"
RS_0752,[0.28230876 0.36167873 0.19687374 ... 0.19876739 0.13340275 0.19742882],pharmaceutical,[ 100  102  104 ... 3194 3196 3198],11.450921506363018,2,"{'cosmic_spike': False, 'fluorescence': False}"
RS_0753,[0.68117778 0.67788143 0.6807742  ... 0.43804734 0.44032318 0.44026218],pharmaceutical,[ 100  102  104 ... 3194 3196 3198],60.17560925255905,2,"{'cosmic_spike': False, 'fluorescence': True}"
RS_0754,[0.23806588 0.26389293 0.26837695 ... 0.93841257 0.95568697 0.94707046],pharmaceutical,[ 100  102  104 ... 3194 3196 3198],21.336132969857132,2,"{'cosmic_spike': False, 'fluorescence': False}"
RS_0755,[0.20429088 0.20315948 0.20269573 ... 0.56855195 0.57066412 0.57207363],pharmaceutical,[ 100  102  104 ... 3194 3196 3198],118.88879799218522,2,"{'cosmic_spike': False, 'fluorescence': False}"
RS_0756,[0.51510311 0.51385294 0.51247274 ... 0.96283343 0.96324044 0.96581433],pharmaceutical,[ 100  102  104 ... 3194 3196 3198],106.77577558257198,2,"{'cosmic_spike': False, 'fluorescence': False}"
RS_0757,[0.56331853 0.56325203 0.56494868 ... 0.00632859 0.00262048 0.        ],pharmaceutical,[ 100  102  104 ... 3194 3196 3198],92.44041269502324,2,"{'cosmic_spike': False, 'fluorescence': True}"
RS_0758,"[9.48634954e-01 9.48953849e-01 9.48055636e-01 ... 1.57499995e-03
 4.04077092e-04 0.00000000e+00]",pharmaceutical,[ 100  102  104 ... 3194 3196 3198],80.49840376831949,2,"{'cosmic_spike': False, 'fluorescence': False}"
RS_0759,[0.67186687 0.67090999 0.66918011 ... 0.75411729 0.75493161 0.75441305],pharmaceutical,[ 100  102  104 ... 3194 3196 3198],96.42152753422675,2,"{'cosmic_spike': False, 'fluorescence': True}"
RS_0760,[0.13703517 0.22033126 0.45144745 ... 0.31408746 0.31132047 0.36362718],pharmaceutical,[ 100  102  104 ... 3194 3196 3198],17.436572417924193,2,"{'cosmic_spike': False, 'fluorescence': False}"
RS_0761,[1.         0.99563788 0.99427547 ... 0.79938041 0.79988704 0.80442393],pharmaceutical,[ 100  102  104 ... 3194 3196 3198],139.18411728256828,2,"{'cosmic_spike': False, 'fluorescence': True}"
RS_0762,"[0.00000000e+00 1.89557001e-03 3.68221228e-04 ... 7.86732329e-01
 7.63582503e-01 7.43314647e-01]",pharmaceutical,[ 100  102  104 ... 3194 3196 3198],74.21449527963092,2,"{'cosmic_spike': False, 'fluorescence': True}"
RS_0763,[0.0281627  0.00659871 0.         ... 0.35428234 0.36381    0.38170318],pharmaceutical,[ 100  102  104 ... 3194 3196 3198],25.069422156739545,2,"{'cosmic_spike': True, 'fluorescence': False}"
RS_0764,[0.49305759 0.49330351 0.49136989 ... 0.02547857 0.0219503  0.01759605],pharmaceutical,[ 100  102  104 ... 3194 3196 3198],77.53480142855167,2,"{'cosmic_spike': False, 'fluorescence': False}"
RS_0765,[0.74369636 0.74423947 0.74301194 ... 0.24530698 0.21941716 0.20961434],pharmaceutical,[ 100  102  104 ... 3194 3196 3198],71.80689866011261,2,"{'cosmic_spike': False, 'fluorescence': True}"
RS_0766,[0.         0.00155272 0.00318765 ... 0.5137601  0.51145418 0.51058153],pharmaceutical,[ 100  102  104 ... 3194 3196 3198],67.62191707915392,2,"{'cosmic_spike': False, 'fluorescence': True}"
RS_0767,"[0.00000000e+00 6.22190152e-04 1.12894876e-03 ... 9.97626662e-01
 9.98372537e-01 1.00000000e+00]",pharmaceutical,[ 100  102  104 ... 3194 3196 3198],143.75037741812105,2,"{'cosmic_spike': False, 'fluorescence': False}"
RS_0768,[0.         0.00134704 0.00135552 ... 0.60821018 0.6084972  0.60780708],pharmaceutical,[ 100  102  104 ... 3194 3196 3198],126.00303523104742,2,"{'cosmic_spike': False, 'fluorescence': True}"
RS_0769,"[5.25727650e-04 0.00000000e+00 1.10605587e-03 ... 5.89720192e-01
 5.92865579e-01 5.90340665e-01]",pharmaceutical,[ 100  102  104 ... 3194 3196 3198],42.32624947082427,2,"{'cosmic_spike': True, 'fluorescence': True}"
RS_0770,"[7.19007745e-01 7.20045910e-01 7.18410987e-01 ... 1.22457425e-03
 3.30993046e-04 0.00000000e+00]",pharmaceutical,[ 100  102  104 ... 3194 3196 3198],52.89437117683334,2,"{'cosmic_spike': False, 'fluorescence': False}"
RS_0771,[0.3447769  0.34314278 0.33983382 ... 0.53812572 0.52671967 0.52161471],pharmaceutical,[ 100  102  104 ... 3194 3196 3198],93.19213601344553,2,"{'cosmic_spike': False, 'fluorescence': False}"
RS_0772,[0.76081405 0.76109367 0.75918832 ... 0.15347332 0.15393201 0.1555201 ],pharmaceutical,[ 100  102  104 ... 3194 3196 3198],102.78645863485086,2,"{'cosmic_spike': False, 'fluorescence': False}"
RS_0773,"[2.74722733e-04 0.00000000e+00 1.29371818e-03 ... 6.95597922e-01
 6.96270593e-01 6.96310852e-01]",pharmaceutical,[ 100  102  104 ... 3194 3196 3198],133.5729435162914,2,"{'cosmic_spike': False, 'fluorescence': False}"
RS_0774,[0.40530385 0.40260079 0.40262096 ... 0.35517383 0.35740171 0.35792843],pharmaceutical,[ 100  102  104 ... 3194 3196 3198],103.75895035915534,2,"{'cosmic_spike': False, 'fluorescence': False}"
RS_0775,[0.58190868 0.58065106 0.58031611 ... 0.00189731 0.00100328 0.        ],pharmaceutical,[ 100  102  104 ... 3194 3196 3198],66.61492809194586,2,"{'cosmic_spike': False, 'fluorescence': False}"
RS_0776,[0.66263928 0.66041412 0.65910219 ... 0.42143367 0.42165747 0.42338975],pharmaceutical,[ 100  102  104 ... 3194 3196 3198],120.55144046362119,2,"{'cosmic_spike': False, 'fluorescence': False}"
RS_0777,[0.2369443  0.23829717 0.23537225 ... 0.75631242 0.76164575 0.75959465],pharmaceutical,[ 100  102  104 ... 3194 3196 3198],36.81716966203605,2,"{'cosmic_spike': False, 'fluorescence': True}"
RS_0778,[0.         0.00125578 0.00248559 ... 0.310521   0.31001575 0.3091662 ],pharmaceutical,[ 100  102  104 ... 3194 3196 3198],59.16079014516261,2,"{'cosmic_spike': False, 'fluorescence': True}"
RS_0779,[0.13622068 0.13603472 0.13718065 ... 0.00065507 0.         0.00179822],pharmaceutical,[ 100  102  104 ... 3194 3196 3198],117.69702067420005,2,"{'cosmic_spike': False, 'fluorescence': True}"
RS_0780,[0.56313573 0.47911147 0.51684944 ... 0.3778692  0.38776254 0.45386246],pharmaceutical,[ 100  102  104 ... 3194 3196 3198],16.163734232902154,2,"{'cosmic_spike': False, 'fluorescence': False}"
RS_0781,[0.01775941 0.         0.03058451 ... 0.05591515 0.05128341 0.04205992],pharmaceutical,[ 100  102  104 ... 3194 3196 3198],28.546337689270395,2,"{'cosmic_spike': False, 'fluorescence': True}"
RS_0782,"[5.67341141e-04 0.00000000e+00 2.11395313e-03 ... 5.81927741e-01
 5.58005149e-01 5.35579653e-01]",pharmaceutical,[ 100  102  104 ... 3194 3196 3198],86.54176768269575,2,"{'cosmic_spike': True, 'fluorescence': True}"
RS_0783,[0.95441591 0.97543583 0.96963082 ... 0.39370492 0.37446617 0.34046662],pharmaceutical,[ 100  102  104 ... 3194 3196 3198],22.10179291041253,2,"{'cosmic_spike': False, 'fluorescence': True}"
RS_0784,[0.69929739 0.67095538 0.68978642 ... 0.30404622 0.30934108 0.28605106],pharmaceutical,[ 100  102  104 ... 3194 3196 3198],23.681071281182724,2,"{'cosmic_spike': False, 'fluorescence': False}"
RS_0785,[0.         0.00068378 0.00114309 ... 0.33851726 0.33882802 0.33831698],pharmaceutical,[ 100  102  104 ... 3194 3196 3198],134.4494985070814,2,"{'cosmic_spike': False, 'fluorescence': False}"
RS_0786,[0.53763332 0.53651972 0.53797979 ... 0.23072687 0.21827961 0.20062675],pharmaceutical,[ 100  102  104 ... 3194 3196 3198],51.206747262988245,2,"{'cosmic_spike': False, 'fluorescence': False}"
RS_0787,[0.35427402 0.35592495 0.35233841 ... 0.14524757 0.13238206 0.1231029 ],pharmaceutical,[ 100  102  104 ... 3194 3196 3198],47.09458565653686,2,"{'cosmic_spike': False, 'fluorescence': True}"
RS_0788,[0.99459268 0.99277455 0.98808702 ... 0.91557544 0.91945489 0.9201684 ],pharmaceutical,[ 100  102  104 ... 3194 3196 3198],83.92804641693047,2,"{'cosmic_spike': False, 'fluorescence': True}"
RS_0789,[0.         0.00097615 0.00196557 ... 0.61916619 0.61882188 0.61900082],pharmaceutical,[ 100  102  104 ... 3194 3196 3198],116.01381870942201,2,"{'cosmic_spike': False, 'fluorescence': False}"
RS_0790,[0.71030391 0.70926528 0.70956146 ... 0.00122183 0.00079418 0.        ],pharmaceutical,[ 100  102  104 ... 3194 3196 3198],87.43288599136561,2,"{'cosmic_spike': False, 'fluorescence': False}"
RS_0791,[0.10642342 0.10691838 0.10635428 ... 0.00296691 0.00238203 0.        ],pharmaceutical,[ 100  102  104 ... 3194 3196 3198],114.69754631925592,2,"{'cosmic_spike': True, 'fluorescence': True}"
RS_0792,[0.05253223 0.05255872 0.05247384 ... 0.03642369 0.03629541 0.03659949],pharmaceutical,[ 100  102  104 ... 3194 3196 3198],113.90052020676178,2,"{'cosmic_spike': False, 'fluorescence': False}"
RS_0793,[0.06072887 0.06320143 0.06134268 ... 0.99901857 0.99976349 1.        ],pharmaceutical,[ 100  102  104 ... 3194 3196 3198],145.55267551556705,2,"{'cosmic_spike': False, 'fluorescence': False}"
RS_0794,[0.28697234 0.28665816 0.28366822 ... 0.81996129 0.81918124 0.82268928],pharmaceutical,[ 100  102  104 ... 3194 3196 3198],102.6860294712978,2,"{'cosmic_spike': False, 'fluorescence': False}"
RS_0795,"[4.21665172e-04 0.00000000e+00 2.05008484e-03 ... 8.13926754e-01
 8.08895024e-01 8.22632886e-01]",pharmaceutical,[ 100  102  104 ... 3194 3196 3198],35.485561163989274,2,"{'cosmic_spike': False, 'fluorescence': False}"
RS_0796,[1.         0.99954877 0.99940197 ... 0.00407111 0.00245846 0.        ],pharmaceutical,[ 100  102  104 ... 3194 3196 3198],84.16887375351507,2,"{'cosmic_spike': False, 'fluorescence': False}"
RS_0797,[0.02318201 0.00128098 0.00843311 ... 0.33710879 0.33409782 0.33197303],pharmaceutical,[ 100  102  104 ... 3194 3196 3198],36.26532966220329,2,"{'cosmic_spike': False, 'fluorescence': False}"
RS_0798,[0.14670228 0.15783722 0.15307789 ... 0.01517781 0.00668178 0.00805331],pharmaceutical,[ 100  102  104 ... 3194 3196 3198],29.98114671494382,2,"{'cosmic_spike': False, 'fluorescence': False}"
RS_0799,"[7.79635870e-01 7.78639720e-01 7.78561971e-01 ... 1.52685081e-04
 5.95542853e-04 0.00000000e+00]",pharmaceutical,[ 100  102  104 ... 3194 3196 3198],66.06166989230434,2,"{'cosmic_spike': False, 'fluorescence': True}"
RS_0800,[0.95268005 0.95254714 0.95696215 ... 0.00326374 0.0022025  0.        ],pharmaceutical,[ 100  102  104 ... 3194 3196 3198],46.26064291093205,2,"{'cosmic_spike': False, 'fluorescence': True}"
RS_0801,[0.3576822  0.35796005 0.35944386 ... 0.00389982 0.00309915 0.        ],pharmaceutical,[ 100  102  104 ... 3194 3196 3198],126.42305794127076,2,"{'cosmic_spike': False, 'fluorescence': False}"
RS_0802,[0.49584016 0.4963085  0.49553414 ... 0.04297838 0.03595591 0.03147389],pharmaceutical,[ 100  102  104 ... 3194 3196 3198],129.77898585957016,2,"{'cosmic_spike': False, 'fluorescence': False}"
RS_0803,[0.13951029 0.14034408 0.14304414 ... 0.00236434 0.0035312  0.00317751],pharmaceutical,[ 100  102  104 ... 3194 3196 3198],149.2169154235909,2,"{'cosmic_spike': False, 'fluorescence': True}"
RS_0804,[0.         0.00047769 0.00113109 ... 0.25358446 0.25324611 0.25521534],pharmaceutical,[ 100  102  104 ... 3194 3196 3198],93.79179930766489,2,"{'cosmic_spike': False, 'fluorescence': True}"
RS_0805,[0.48923899 0.48820944 0.48948998 ... 0.00198315 0.00206176 0.        ],pharmaceutical,[ 100  102  104 ... 3194 3196 3198],137.3180181061956,2,"{'cosmic_spike': False, 'fluorescence': False}"
RS_0806,[0.         0.00026844 0.00049368 ... 0.03589438 0.03579926 0.03568363],pharmaceutical,[ 100  102  104 ... 3194 3196 3198],106.52792187791741,2,"{'cosmic_spike': False, 'fluorescence': False}"
RS_0807,"[0.00000000e+00 6.47948369e-04 1.55596945e-03 ... 9.57696481e-01
 9.58627314e-01 9.59549921e-01]",pharmaceutical,[ 100  102  104 ... 3194 3196 3198],79.76742295277158,2,"{'cosmic_spike': False, 'fluorescence': False}"
RS_0808,[0.44650308 0.4476583  0.44611299 ... 0.00165856 0.00073577 0.        ],pharmaceutical,[ 100  102  104 ... 3194 3196 3198],114.95887728554492,2,"{'cosmic_spike': False, 'fluorescence': True}"
RS_0809,[0.45438481 0.4544894  0.45461419 ... 0.17260276 0.16000815 0.14741102],pharmaceutical,[ 100  102  104 ... 3194 3196 3198],94.52762158379964,2,"{'cosmic_spike': False, 'fluorescence': True}"
RS_0810,[0.50858212 0.50999705 0.5114     ... 0.00528877 0.00189144 0.        ],pharmaceutical,[ 100  102  104 ... 3194 3196 3198],91.25606095758312,2,"{'cosmic_spike': False, 'fluorescence': False}"
RS_0811,[0.0036143  0.00245673 0.         ... 0.89382178 0.89253306 0.89014151],pharmaceutical,[ 100  102  104 ... 3194 3196 3198],42.83532536240788,2,"{'cosmic_spike': False, 'fluorescence': True}"
RS_0812,[0.05558377 0.04939611 0.05142549 ... 0.00375757 0.00317533 0.        ],pharmaceutical,[ 100  102  104 ... 3194 3196 3198],90.74960278536031,2,"{'cosmic_spike': False, 'fluorescence': False}"
RS_0813,[0.11829444 0.11835636 0.11853849 ... 0.00167638 0.00054208 0.00073135],pharmaceutical,[ 100  102  104 ... 3194 3196 3198],52.138978392473675,2,"{'cosmic_spike': False, 'fluorescence': False}"
RS_0814,[0.59381142 0.59295028 0.59155686 ... 0.03592755 0.03606398 0.03559724],pharmaceutical,[ 100  102  104 ... 3194 3196 3198],126.48328803972133,2,"{'cosmic_spike': False, 'fluorescence': False}"
RS_0815,[0.58512487 0.5856375  0.58527683 ... 0.09037007 0.07720841 0.06639083],pharmaceutical,[ 100  102  104 ... 3194 3196 3198],139.67341749797075,2,"{'cosmic_spike': False, 'fluorescence': True}"
RS_0816,[0.42907201 0.42916601 0.42634012 ... 0.03972448 0.04236033 0.04096151],pharmaceutical,[ 100  102  104 ... 3194 3196 3198],108.32517651923186,2,"{'cosmic_spike': False, 'fluorescence': False}"
RS_0817,[0.60590245 0.60361508 0.5897992  ... 0.24422255 0.22383534 0.23856652],pharmaceutical,[ 100  102  104 ... 3194 3196 3198],31.008950041124788,2,"{'cosmic_spike': False, 'fluorescence': False}"
RS_0818,"[7.49205959e-01 7.49772183e-01 7.49462545e-01 ... 1.84928424e-03
 6.60110685e-04 0.00000000e+00]",pharmaceutical,[ 100  102  104 ... 3194 3196 3198],95.77521549903335,2,"{'cosmic_spike': False, 'fluorescence': False}"
RS_0819,[0.00946084 0.         0.0065235  ... 0.74362456 0.74420358 0.74322487],pharmaceutical,[ 100  102  104 ... 3194 3196 3198],35.68929551733147,2,"{'cosmic_spike': False, 'fluorescence': False}"
RS_0820,[0.         0.00120079 0.00267361 ... 0.3805706  0.37832404 0.37878988],pharmaceutical,[ 100  102  104 ... 3194 3196 3198],55.92925740704781,2,"{'cosmic_spike': False, 'fluorescence': False}"
RS_0821,[0.06123362 0.06136193 0.06102141 ... 0.01715214 0.01706958 0.017245  ],pharmaceutical,[ 100  102  104 ... 3194 3196 3198],144.22699150257475,2,"{'cosmic_spike': False, 'fluorescence': False}"
RS_0822,"[1.65312469e-04 2.55179330e-04 2.67584487e-04 ... 8.54615997e-01
 8.55096297e-01 8.56645374e-01]",pharmaceutical,[ 100  102  104 ... 3194 3196 3198],114.42242052015305,2,"{'cosmic_spike': False, 'fluorescence': False}"
RS_0823,[0.23482297 0.23378552 0.23430255 ... 0.89387736 0.8961278  0.89598076],pharmaceutical,[ 100  102  104 ... 3194 3196 3198],60.24660796198131,2,"{'cosmic_spike': False, 'fluorescence': False}"
RS_0824,[0.         0.00281555 0.00256754 ... 0.69796999 0.69437426 0.69023435],pharmaceutical,[ 100  102  104 ... 3194 3196 3198],105.61528835735253,2,"{'cosmic_spike': False, 'fluorescence': False}"
RS_0825,[0.00655369 0.00427401 0.00670116 ... 0.67503693 0.66151172 0.66312969],pharmaceutical,[ 100  102  104 ... 3194 3196 3198],30.887532229950498,2,"{'cosmic_spike': False, 'fluorescence': True}"
RS_0826,[0.74549089 0.74477898 0.74522516 ... 0.11556982 0.1135588  0.10766229],pharmaceutical,[ 100  102  104 ... 3194 3196 3198],63.82459159514289,2,"{'cosmic_spike': False, 'fluorescence': False}"
RS_0827,[0.66367734 0.66327151 0.66200374 ... 0.00085481 0.00118792 0.00112899],pharmaceutical,[ 100  102  104 ... 3194 3196 3198],63.70664431158892,2,"{'cosmic_spike': False, 'fluorescence': False}"
RS_0828,[0.06237771 0.05931788 0.040989   ... 0.8167193  0.72461235 0.74258654],pharmaceutical,[ 100  102  104 ... 3194 3196 3198],12.618850403045203,2,"{'cosmic_spike': False, 'fluorescence': False}"
RS_0829,[0.34055661 0.3410831  0.3416714  ... 0.02504182 0.01281123 0.        ],pharmaceutical,[ 100  102  104 ... 3194 3196 3198],142.44669302847038,2,"{'cosmic_spike': False, 'fluorescence': True}"
RS_0830,[0.07603341 0.26870384 0.1263221  ... 0.35016896 0.29658466 0.43795123],pharmaceutical,[ 100  102  104 ... 3194 3196 3198],10.27027626122933,2,"{'cosmic_spike': False, 'fluorescence': False}"
RS_0831,[0.         0.00225747 0.00155791 ... 0.22375044 0.22427575 0.22311051],pharmaceutical,[ 100  102  104 ... 3194 3196 3198],52.222301352087314,2,"{'cosmic_spike': True, 'fluorescence': False}"
RS_0832,[0.         0.00218155 0.00281609 ... 0.9446037  0.93836902 0.93351411],pharmaceutical,[ 100  102  104 ... 3194 3196 3198],142.45655523285185,2,"{'cosmic_spike': True, 'fluorescence': False}"
RS_0833,[0.00060516 0.         0.0005455  ... 0.36417977 0.36010923 0.36285261],pharmaceutical,[ 100  102  104 ... 3194 3196 3198],107.43583997956014,2,"{'cosmic_spike': False, 'fluorescence': False}"
RS_0834,[0.00219724 0.00172813 0.00121977 ... 0.62084621 0.62321292 0.6226654 ],pharmaceutical,[ 100  102  104 ... 3194 3196 3198],53.21618597762983,2,"{'cosmic_spike': False, 'fluorescence': False}"
RS_0835,[0.40026811 0.40138208 0.39917991 ... 0.76118353 0.75904566 0.75348795],pharmaceutical,[ 100  102  104 ... 3194 3196 3198],61.79460008729945,2,"{'cosmic_spike': False, 'fluorescence': True}"
RS_0836,[0.01840014 0.02124911 0.02010726 ... 0.22345355 0.22507792 0.22383259],pharmaceutical,[ 100  102  104 ... 3194 3196 3198],143.04242491222257,2,"{'cosmic_spike': False, 'fluorescence': False}"
RS_0837,[0.02772521 0.         0.00587127 ... 0.32394185 0.34716464 0.30189665],pharmaceutical,[ 100  102  104 ... 3194 3196 3198],23.935122762780843,2,"{'cosmic_spike': False, 'fluorescence': False}"
RS_0838,"[1.15744451e-04 0.00000000e+00 9.06772267e-05 ... 6.42238729e-01
 6.41096542e-01 6.41836377e-01]",pharmaceutical,[ 100  102  104 ... 3194 3196 3198],80.1148359317484,2,"{'cosmic_spike': False, 'fluorescence': True}"
RS_0839,[0.29678748 0.29434361 0.29553591 ... 0.32397835 0.32690914 0.32684128],pharmaceutical,[ 100  102  104 ... 3194 3196 3198],92.22066784302291,2,"{'cosmic_spike': False, 'fluorescence': False}"
RS_0840,[0.         0.00078401 0.00133562 ... 0.32727301 0.3280848  0.32749154],pharmaceutical,[ 100  102  104 ... 3194 3196 3198],125.29058854853247,2,"{'cosmic_spike': False, 'fluorescence': True}"
RS_0841,[0.56895563 0.56511961 0.56321714 ... 0.68438083 0.67622206 0.67632081],pharmaceutical,[ 100  102  104 ... 3194 3196 3198],42.95044645979852,2,"{'cosmic_spike': False, 'fluorescence': False}"
RS_0842,[0.         0.00209452 0.00456974 ... 0.41325279 0.41210482 0.41108133],pharmaceutical,[ 100  102  104 ... 3194 3196 3198],114.26458236494223,2,"{'cosmic_spike': False, 'fluorescence': True}"
RS_0843,[0.06150827 0.00536871 0.05528062 ... 0.83865389 0.73559123 0.76553422],pharmaceutical,[ 100  102  104 ... 3194 3196 3198],11.944305054730211,2,"{'cosmic_spike': False, 'fluorescence': True}"
RS_0844,[0.01514536 0.01452393 0.01462243 ... 0.85307615 0.85364278 0.85294578],pharmaceutical,[ 100  102  104 ... 3194 3196 3198],120.30629799697178,2,"{'cosmic_spike': False, 'fluorescence': False}"
RS_0845,[0.71770214 0.76956416 0.85566949 ... 0.39356352 0.38683733 0.42891945],pharmaceutical,[ 100  102  104 ... 3194 3196 3198],14.912477028764432,2,"{'cosmic_spike': False, 'fluorescence': False}"
RS_0846,"[6.56799147e-01 6.57225868e-01 6.58206162e-01 ... 7.50796609e-04
 3.66603223e-04 0.00000000e+00]",pharmaceutical,[ 100  102  104 ... 3194 3196 3198],70.00548398855098,2,"{'cosmic_spike': False, 'fluorescence': True}"
RS_0847,[0.10129358 0.09975085 0.10047084 ... 0.60242531 0.60366576 0.60559937],pharmaceutical,[ 100  102  104 ... 3194 3196 3198],112.60125895252813,2,"{'cosmic_spike': False, 'fluorescence': False}"
RS_0848,[0.00315508 0.00292495 0.00327523 ... 0.23322587 0.22617639 0.22100324],pharmaceutical,[ 100  102  104 ... 3194 3196 3198],102.29342324625698,2,"{'cosmic_spike': False, 'fluorescence': True}"
RS_0849,[0.05685431 0.14889161 0.10647622 ... 0.60206388 0.56102002 0.66280594],pharmaceutical,[ 100  102  104 ... 3194 3196 3198],10.033582217108334,2,"{'cosmic_spike': False, 'fluorescence': True}"
RS_0850,[0.00146907 0.         0.00148789 ... 0.6620416  0.65850174 0.65426805],pharmaceutical,[ 100  102  104 ... 3194 3196 3198],87.97257410250843,2,"{'cosmic_spike': False, 'fluorescence': True}"
RS_0851,"[6.95885801e-01 6.95572218e-01 6.95564195e-01 ... 0.00000000e+00
 3.84052038e-06 1.66161275e-04]",pharmaceutical,[ 100  102  104 ... 3194 3196 3198],127.75841641584472,2,"{'cosmic_spike': False, 'fluorescence': True}"
RS_0852,"[1.63376584e-04 0.00000000e+00 8.59188752e-04 ... 3.61122060e-01
 3.61548544e-01 3.61508472e-01]",pharmaceutical,[ 100  102  104 ... 3194 3196 3198],68.21859815878209,2,"{'cosmic_spike': False, 'fluorescence': False}"
RS_0853,[0.04547813 0.04549717 0.04435596 ... 0.98789007 0.99043637 0.99179096],pharmaceutical,[ 100  102  104 ... 3194 3196 3198],74.57501434457215,2,"{'cosmic_spike': False, 'fluorescence': False}"
RS_0854,[0.00353656 0.00515451 0.00435842 ... 0.83125984 0.83253466 0.83235608],pharmaceutical,[ 100  102  104 ... 3194 3196 3198],41.46188731194745,2,"{'cosmic_spike': False, 'fluorescence': False}"
RS_0855,[0.2178325  0.21732668 0.21758547 ... 0.00118032 0.         0.00055541],pharmaceutical,[ 100  102  104 ... 3194 3196 3198],76.23283970504204,2,"{'cosmic_spike': False, 'fluorescence': False}"
RS_0856,[0.31655917 0.31796688 0.31840233 ... 0.00212041 0.00244865 0.        ],pharmaceutical,[ 100  102  104 ... 3194 3196 3198],131.2104861641591,2,"{'cosmic_spike': False, 'fluorescence': False}"
RS_0857,[0.50799392 0.51152268 0.50823763 ... 0.00060304 0.00248935 0.        ],pharmaceutical,[ 100  102  104 ... 3194 3196 3198],35.89788621732963,2,"{'cosmic_spike': False, 'fluorescence': False}"
RS_0858,[0.21076811 0.21479365 0.21280645 ... 0.25704627 0.25696379 0.25646287],pharmaceutical,[ 100  102  104 ... 3194 3196 3198],55.54112781964909,2,"{'cosmic_spike': False, 'fluorescence': False}"
RS_0859,[0.         0.0016313  0.00345634 ... 0.4649755  0.46369217 0.46328164],pharmaceutical,[ 100  102  104 ... 3194 3196 3198],67.85842485982938,2,"{'cosmic_spike': False, 'fluorescence': False}"
RS_0860,[0.78980871 0.78696103 0.78682583 ... 0.0021773  0.00320914 0.00145881],pharmaceutical,[ 100  102  104 ... 3194 3196 3198],143.18866685293838,2,"{'cosmic_spike': False, 'fluorescence': False}"
RS_0861,[0.29248299 0.29109674 0.29082773 ... 0.21469026 0.21743975 0.21899211],pharmaceutical,[ 100  102  104 ... 3194 3196 3198],114.01425077661608,2,"{'cosmic_spike': False, 'fluorescence': False}"
RS_0862,"[9.32478870e-01 9.31898371e-01 9.31425098e-01 ... 8.01063275e-04
 2.34910250e-04 0.00000000e+00]",pharmaceutical,[ 100  102  104 ... 3194 3196 3198],125.29294321506923,2,"{'cosmic_spike': False, 'fluorescence': False}"
RS_0863,[0.         0.00157507 0.00505669 ... 0.35479434 0.35385767 0.35568838],pharmaceutical,[ 100  102  104 ... 3194 3196 3198],37.56091405601396,2,"{'cosmic_spike': False, 'fluorescence': False}"
RS_0864,[0.00966844 0.00425522 0.         ... 0.56390179 0.55775323 0.56142999],pharmaceutical,[ 100  102  104 ... 3194 3196 3198],38.810484405017526,2,"{'cosmic_spike': False, 'fluorescence': True}"
RS_0865,[0.18817082 0.13101608 0.14482023 ... 0.02654773 0.04261949 0.05301216],pharmaceutical,[ 100  102  104 ... 3194 3196 3198],28.845818615737823,2,"{'cosmic_spike': True, 'fluorescence': False}"
RS_0866,[0.90907123 0.90685363 0.90357446 ... 0.75125675 0.75417175 0.75567842],pharmaceutical,[ 100  102  104 ... 3194 3196 3198],93.84123131833994,2,"{'cosmic_spike': False, 'fluorescence': False}"
RS_0867,[0.84505394 0.87095314 0.84858388 ... 0.03570422 0.         0.09547781],pharmaceutical,[ 100  102  104 ... 3194 3196 3198],12.751448267763223,2,"{'cosmic_spike': False, 'fluorescence': True}"
RS_0868,[0.3387957  0.34278718 0.34887288 ... 0.67924276 0.67523285 0.6828308 ],pharmaceutical,[ 100  102  104 ... 3194 3196 3198],48.88284107323829,2,"{'cosmic_spike': False, 'fluorescence': True}"
RS_0869,"[9.77963376e-01 9.76712647e-01 9.76708081e-01 ... 7.32143915e-04
 0.00000000e+00 6.75338413e-05]",pharmaceutical,[ 100  102  104 ... 3194 3196 3198],133.5774463256269,2,"{'cosmic_spike': False, 'fluorescence': False}"
RS_0870,[0.48233524 0.48369625 0.48459692 ... 0.00333829 0.00118429 0.        ],pharmaceutical,[ 100  102  104 ... 3194 3196 3198],95.50685495008835,2,"{'cosmic_spike': False, 'fluorescence': False}"
RS_0871,"[7.07906599e-01 7.08690402e-01 7.08749223e-01 ... 7.14193082e-04
 0.00000000e+00 3.64513474e-04]",pharmaceutical,[ 100  102  104 ... 3194 3196 3198],148.48731751303276,2,"{'cosmic_spike': False, 'fluorescence': False}"
RS_0872,[0.00033803 0.         0.00091054 ... 0.14945815 0.14941433 0.15128707],pharmaceutical,[ 100  102  104 ... 3194 3196 3198],93.8163454064478,2,"{'cosmic_spike': False, 'fluorescence': True}"
RS_0873,[0.60769221 0.60621772 0.6053488  ... 1.         0.9993942  0.99834047],pharmaceutical,[ 100  102  104 ... 3194 3196 3198],145.8411420892983,2,"{'cosmic_spike': False, 'fluorescence': False}"
RS_0874,[0.         0.0043861  0.00247982 ... 0.67464427 0.67285752 0.67210243],pharmaceutical,[ 100  102  104 ... 3194 3196 3198],42.529906912461044,2,"{'cosmic_spike': False, 'fluorescence': True}"
RS_0875,[0.         0.0115239  0.00682692 ... 0.19708153 0.19310707 0.19055312],pharmaceutical,[ 100  102  104 ... 3194 3196 3198],39.18559470095552,2,"{'cosmic_spike': False, 'fluorescence': False}"
RS_0876,[0.         0.00169871 0.00458596 ... 0.3648204  0.36337659 0.36364462],pharmaceutical,[ 100  102  104 ... 3194 3196 3198],66.6243921730487,2,"{'cosmic_spike': False, 'fluorescence': False}"
RS_0877,[0.         0.00018411 0.00227335 ... 0.04826156 0.0477101  0.04621352],pharmaceutical,[ 100  102  104 ... 3194 3196 3198],142.78732804033757,2,"{'cosmic_spike': False, 'fluorescence': True}"
RS_0878,[0.83751874 0.83643469 0.83571267 ... 0.         0.0012162  0.00095652],pharmaceutical,[ 100  102  104 ... 3194 3196 3198],89.73465595304233,2,"{'cosmic_spike': False, 'fluorescence': False}"
RS_0879,[0.7160422  0.69450261 0.6802772  ... 0.11675541 0.11064373 0.10216934],pharmaceutical,[ 100  102  104 ... 3194 3196 3198],26.275522243195542,2,"{'cosmic_spike': False, 'fluorescence': False}"
RS_0880,[0.65054067 0.64254166 0.64668933 ... 0.01745911 0.         0.00388318],pharmaceutical,[ 100  102  104 ... 3194 3196 3198],37.65864173989434,2,"{'cosmic_spike': False, 'fluorescence': False}"
RS_0881,[0.01667374 0.01627055 0.01601682 ... 0.55985426 0.56077171 0.56179786],pharmaceutical,[ 100  102  104 ... 3194 3196 3198],64.5139905576354,2,"{'cosmic_spike': False, 'fluorescence': False}"
RS_0882,[0.61740289 0.62105583 0.61597213 ... 0.04879959 0.04460122 0.04727961],pharmaceutical,[ 100  102  104 ... 3194 3196 3198],44.534194227708625,2,"{'cosmic_spike': False, 'fluorescence': False}"
RS_0883,[0.0135096  0.04087499 0.         ... 0.4986059  0.49337729 0.51481484],pharmaceutical,[ 100  102  104 ... 3194 3196 3198],23.443822894257742,2,"{'cosmic_spike': False, 'fluorescence': False}"
RS_0884,[0.2864518  0.29179955 0.2949183  ... 0.0096984  0.00810781 0.        ],pharmaceutical,[ 100  102  104 ... 3194 3196 3198],43.61450136789954,2,"{'cosmic_spike': False, 'fluorescence': False}"
RS_0885,"[1.00000000e+00 9.98730563e-01 9.97772720e-01 ... 1.14636682e-03
 8.58086808e-04 0.00000000e+00]",pharmaceutical,[ 100  102  104 ... 3194 3196 3198],60.5426358240899,2,"{'cosmic_spike': False, 'fluorescence': True}"
RS_0886,[0.67056642 0.67098802 0.66069903 ... 0.24647535 0.24279186 0.23256824],pharmaceutical,[ 100  102  104 ... 3194 3196 3198],48.27231252548035,2,"{'cosmic_spike': False, 'fluorescence': True}"
RS_0887,[0.15673282 0.1732123  0.17302926 ... 0.7861671  0.75081764 0.74530936],pharmaceutical,[ 100  102  104 ... 3194 3196 3198],31.653104903275022,2,"{'cosmic_spike': False, 'fluorescence': False}"
RS_0888,[0.29674354 0.29816674 0.29831465 ... 0.0060173  0.00302382 0.        ],pharmaceutical,[ 100  102  104 ... 3194 3196 3198],50.205770536235946,2,"{'cosmic_spike': False, 'fluorescence': False}"
RS_0889,"[0.00000000e+00 4.93412393e-04 7.03878957e-04 ... 6.38446013e-01
 6.37581166e-01 6.38380401e-01]",pharmaceutical,[ 100  102  104 ... 3194 3196 3198],94.76456939344814,2,"{'cosmic_spike': False, 'fluorescence': False}"
RS_0890,[0.2714911  0.27154928 0.2718473  ... 0.0009738  0.00196936 0.00124115],pharmaceutical,[ 100  102  104 ... 3194 3196 3198],60.491084093238285,2,"{'cosmic_spike': False, 'fluorescence': False}"
RS_0891,[0.44179988 0.44344012 0.44384342 ... 0.00212684 0.00102153 0.        ],pharmaceutical,[ 100  102  104 ... 3194 3196 3198],92.32071413426331,2,"{'cosmic_spike': False, 'fluorescence': False}"
RS_0892,[0.29466845 0.29310534 0.29198047 ... 0.90679039 0.90745957 0.91057664],pharmaceutical,[ 100  102  104 ... 3194 3196 3198],50.38509987128628,2,"{'cosmic_spike': False, 'fluorescence': False}"
RS_0893,[0.53397474 0.53553036 0.53198417 ... 0.54976518 0.55079153 0.55276958],pharmaceutical,[ 100  102  104 ... 3194 3196 3198],51.03011278103553,2,"{'cosmic_spike': False, 'fluorescence': False}"
RS_0894,[0.15661212 0.1830633  0.18026461 ... 0.50118268 0.64563352 0.64774153],pharmaceutical,[ 100  102  104 ... 3194 3196 3198],10.055116724490635,2,"{'cosmic_spike': False, 'fluorescence': False}"
RS_0895,[0.40649761 0.40775202 0.40860204 ... 0.00271532 0.00227069 0.        ],pharmaceutical,[ 100  102  104 ... 3194 3196 3198],92.39201235040343,2,"{'cosmic_spike': False, 'fluorescence': False}"
RS_0896,[0.47156817 0.47153522 0.47169394 ... 0.00146732 0.00103852 0.        ],pharmaceutical,[ 100  102  104 ... 3194 3196 3198],85.41368663990934,2,"{'cosmic_spike': False, 'fluorescence': True}"
RS_0897,[0.99980159 0.99681071 0.99942628 ... 0.96629679 0.96353121 0.9628293 ],pharmaceutical,[ 100  102  104 ... 3194 3196 3198],42.21593622100524,2,"{'cosmic_spike': False, 'fluorescence': False}"
RS_0898,"[1.00000000e+00 9.99138555e-01 9.98274197e-01 ... 1.14738043e-03
 6.85941176e-04 0.00000000e+00]",pharmaceutical,[ 100  102  104 ... 3194 3196 3198],54.78204648220752,2,"{'cosmic_spike': False, 'fluorescence': False}"
RS_0899,[0.21755734 0.21746904 0.2178062  ... 0.00771899 0.00408146 0.        ],pharmaceutical,[ 100  102  104 ... 3194 3196 3198],100.38962884934584,2,"{'cosmic_spike': False, 'fluorescence': False}"
RS_0900,[0.58314786 0.58301009 0.58457242 ... 0.0028091  0.00104341 0.        ],pharmaceutical,[ 100  102  104 ... 3194 3196 3198],81.40297324577713,2,"{'cosmic_spike': False, 'fluorescence': False}"
RS_0901,[0.1123324  0.07908844 0.02764597 ... 0.91916413 1.         0.94676734],pharmaceutical,[ 100  102  104 ... 3194 3196 3198],19.17807402653526,2,"{'cosmic_spike': False, 'fluorescence': False}"
RS_0902,[0.55026602 0.54751724 0.54543391 ... 0.63093498 0.63051143 0.63238768],pharmaceutical,[ 100  102  104 ... 3194 3196 3198],86.84163097115749,2,"{'cosmic_spike': False, 'fluorescence': False}"
RS_0903,"[1.37898810e-04 1.82413847e-04 6.14385446e-05 ... 2.04911338e-01
 2.04761683e-01 2.04529527e-01]",pharmaceutical,[ 100  102  104 ... 3194 3196 3198],60.95437635631104,2,"{'cosmic_spike': False, 'fluorescence': False}"
RS_0904,[0.93948658 0.93890456 0.93793727 ... 0.00205062 0.00124802 0.        ],pharmaceutical,[ 100  102  104 ... 3194 3196 3198],73.4158886484148,2,"{'cosmic_spike': False, 'fluorescence': False}"
RS_0905,[0.80497029 0.80436827 0.80261921 ... 0.09236801 0.09238124 0.09202295],pharmaceutical,[ 100  102  104 ... 3194 3196 3198],128.54914114524374,2,"{'cosmic_spike': False, 'fluorescence': False}"
RS_0906,[0.22414243 0.2265211  0.23141132 ... 0.00326638 0.00064899 0.        ],pharmaceutical,[ 100  102  104 ... 3194 3196 3198],142.09573805549664,2,"{'cosmic_spike': False, 'fluorescence': True}"
RS_0907,[0.06155554 0.06317576 0.06248983 ... 0.00289898 0.00094301 0.        ],pharmaceutical,[ 100  102  104 ... 3194 3196 3198],112.10243025471993,2,"{'cosmic_spike': False, 'fluorescence': False}"
RS_0908,[0.89737047 0.89618617 0.89256459 ... 0.11778915 0.11722715 0.11682804],pharmaceutical,[ 100  102  104 ... 3194 3196 3198],40.745229451489685,2,"{'cosmic_spike': False, 'fluorescence': True}"
RS_0909,[0.03708927 0.03726468 0.03752716 ... 0.00075866 0.00026502 0.        ],pharmaceutical,[ 100  102  104 ... 3194 3196 3198],82.95837793252993,2,"{'cosmic_spike': False, 'fluorescence': False}"
RS_0910,[0.75484619 0.7565566  0.75508222 ... 0.0532604  0.05064992 0.05461606],pharmaceutical,[ 100  102  104 ... 3194 3196 3198],45.93866463804963,2,"{'cosmic_spike': False, 'fluorescence': False}"
RS_0911,[0.51489104 0.51548637 0.51715531 ... 0.0025716  0.00283248 0.        ],pharmaceutical,[ 100  102  104 ... 3194 3196 3198],44.12450140789629,2,"{'cosmic_spike': False, 'fluorescence': False}"
RS_0912,[0.69170921 0.68923513 0.68813539 ... 0.46838862 0.46780429 0.46941446],pharmaceutical,[ 100  102  104 ... 3194 3196 3198],142.21804647506983,2,"{'cosmic_spike': False, 'fluorescence': False}"
RS_0913,"[8.54010184e-05 0.00000000e+00 1.86415109e-04 ... 2.65964107e-01
 2.65967392e-01 2.66026903e-01]",pharmaceutical,[ 100  102  104 ... 3194 3196 3198],125.82113495979941,2,"{'cosmic_spike': False, 'fluorescence': False}"
RS_0914,[0.02483094 0.00477478 0.03379668 ... 0.5793573  0.58085581 0.57539808],pharmaceutical,[ 100  102  104 ... 3194 3196 3198],34.0183439810205,2,"{'cosmic_spike': False, 'fluorescence': True}"
RS_0915,"[5.02677021e-01 5.02753264e-01 5.01510957e-01 ... 5.03173499e-04
 0.00000000e+00 6.37840338e-05]",pharmaceutical,[ 100  102  104 ... 3194 3196 3198],117.98109462750851,2,"{'cosmic_spike': False, 'fluorescence': True}"
RS_0916,[0.26668901 0.26702477 0.26556147 ... 0.99639547 0.99869863 1.        ],pharmaceutical,[ 100  102  104 ... 3194 3196 3198],66.5282202771142,2,"{'cosmic_spike': False, 'fluorescence': False}"
RS_0917,[0.97413036 0.93149226 0.97164502 ... 0.14373343 0.02651422 0.06935943],pharmaceutical,[ 100  102  104 ... 3194 3196 3198],16.849171516362926,2,"{'cosmic_spike': False, 'fluorescence': False}"
RS_0918,[0.0946941  0.09423227 0.09419791 ... 0.11995705 0.12072621 0.12056577],pharmaceutical,[ 100  102  104 ... 3194 3196 3198],50.689148079887055,2,"{'cosmic_spike': False, 'fluorescence': False}"
RS_0919,[0.60911579 0.60861279 0.60589317 ... 0.01313222 0.0117409  0.01074739],pharmaceutical,[ 100  102  104 ... 3194 3196 3198],129.97154579416753,2,"{'cosmic_spike': False, 'fluorescence': False}"
RS_0920,[0.11060249 0.10926883 0.10948422 ... 0.96532854 0.96071653 0.95531999],pharmaceutical,[ 100  102  104 ... 3194 3196 3198],80.9521177921014,2,"{'cosmic_spike': False, 'fluorescence': False}"
RS_0921,[0.54795905 0.499845   0.51140301 ... 0.06741863 0.06050747 0.08459252],pharmaceutical,[ 100  102  104 ... 3194 3196 3198],27.72785363618249,2,"{'cosmic_spike': False, 'fluorescence': True}"
RS_0922,"[5.17535869e-01 5.17031835e-01 5.18288508e-01 ... 1.45206775e-03
 2.69512249e-04 0.00000000e+00]",pharmaceutical,[ 100  102  104 ... 3194 3196 3198],80.74556586740158,2,"{'cosmic_spike': False, 'fluorescence': False}"
RS_0923,"[3.67884075e-04 0.00000000e+00 5.37742918e-04 ... 5.75427050e-01
 5.75557997e-01 5.76194583e-01]",pharmaceutical,[ 100  102  104 ... 3194 3196 3198],119.4661254283088,2,"{'cosmic_spike': False, 'fluorescence': False}"
RS_0924,[0.95014187 0.94962621 0.94723607 ... 0.04022887 0.0403726  0.04105416],pharmaceutical,[ 100  102  104 ... 3194 3196 3198],132.6225499083975,2,"{'cosmic_spike': True, 'fluorescence': False}"
RS_0925,[0.83357534 0.83439301 0.8318169  ... 0.08841772 0.0901087  0.08970303],pharmaceutical,[ 100  102  104 ... 3194 3196 3198],146.95908458507722,2,"{'cosmic_spike': False, 'fluorescence': False}"
RS_0926,[0.         0.00057396 0.00096603 ... 0.15531852 0.15374747 0.15292662],pharmaceutical,[ 100  102  104 ... 3194 3196 3198],104.43108786078173,2,"{'cosmic_spike': False, 'fluorescence': False}"
RS_0927,[0.39963113 0.39907978 0.39757369 ... 0.57598791 0.57640601 0.57740323],pharmaceutical,[ 100  102  104 ... 3194 3196 3198],113.07324518270606,2,"{'cosmic_spike': False, 'fluorescence': False}"
RS_0928,[0.49467553 0.49357234 0.49202081 ... 0.99691761 1.         0.99993059],pharmaceutical,[ 100  102  104 ... 3194 3196 3198],61.10458314508655,2,"{'cosmic_spike': False, 'fluorescence': True}"
RS_0929,[1.         0.99694879 0.99714916 ... 0.0027071  0.00190716 0.        ],pharmaceutical,[ 100  102  104 ... 3194 3196 3198],76.37607590309598,2,"{'cosmic_spike': False, 'fluorescence': False}"
RS_0930,[0.         0.00299527 0.00327532 ... 0.41055337 0.40772013 0.40405574],pharmaceutical,[ 100  102  104 ... 3194 3196 3198],49.210869520205144,2,"{'cosmic_spike': False, 'fluorescence': False}"
RS_0931,"[7.52525433e-01 7.53013588e-01 7.50381709e-01 ... 1.53855227e-03
 0.00000000e+00 6.61885164e-04]",pharmaceutical,[ 100  102  104 ... 3194 3196 3198],129.0378279037419,2,"{'cosmic_spike': False, 'fluorescence': True}"
RS_0932,[0.64581427 0.64480539 0.64405885 ... 0.04252422 0.03987855 0.04066924],pharmaceutical,[ 100  102  104 ... 3194 3196 3198],112.23484070130891,2,"{'cosmic_spike': False, 'fluorescence': False}"
RS_0933,"[0.00000000e+00 4.59043474e-04 1.81168703e-04 ... 9.98969449e-01
 1.00000000e+00 9.99022509e-01]",pharmaceutical,[ 100  102  104 ... 3194 3196 3198],79.95706435209485,2,"{'cosmic_spike': True, 'fluorescence': False}"
RS_0934,[0.56473955 0.56443326 0.56594166 ... 0.00722099 0.00386808 0.        ],pharmaceutical,[ 100  102  104 ... 3194 3196 3198],59.38251371296984,2,"{'cosmic_spike': False, 'fluorescence': True}"
RS_0935,[0.         0.00052514 0.00050633 ... 0.35151486 0.35134327 0.3513014 ],pharmaceutical,[ 100  102  104 ... 3194 3196 3198],46.76380613908892,2,"{'cosmic_spike': False, 'fluorescence': False}"
RS_0936,"[1.00000000e+00 9.90487591e-01 9.91803147e-01 ... 9.32962771e-03
 4.09244023e-03 9.12907148e-05]",pharmaceutical,[ 100  102  104 ... 3194 3196 3198],28.885890302004047,2,"{'cosmic_spike': False, 'fluorescence': False}"
RS_0937,"[3.92961941e-05 0.00000000e+00 1.06487902e-03 ... 4.39524573e-01
 4.39555550e-01 4.37855429e-01]",pharmaceutical,[ 100  102  104 ... 3194 3196 3198],142.20780143190996,2,"{'cosmic_spike': False, 'fluorescence': False}"
RS_0938,[0.04783029 0.04883773 0.0490484  ... 0.00044993 0.00081976 0.        ],pharmaceutical,[ 100  102  104 ... 3194 3196 3198],131.58595812201582,2,"{'cosmic_spike': False, 'fluorescence': False}"
RS_0939,[0.53374124 0.53449195 0.53470263 ... 0.05340704 0.05211349 0.0524482 ],pharmaceutical,[ 100  102  104 ... 3194 3196 3198],61.336025924878626,2,"{'cosmic_spike': False, 'fluorescence': False}"
RS_0940,"[6.41462161e-01 6.41851327e-01 6.40778867e-01 ... 1.61542736e-03
 0.00000000e+00 5.48051631e-04]",pharmaceutical,[ 100  102  104 ... 3194 3196 3198],97.98457941361546,2,"{'cosmic_spike': False, 'fluorescence': False}"
RS_0941,[0.78233966 0.77928853 0.77691209 ... 0.00320131 0.00222723 0.        ],pharmaceutical,[ 100  102  104 ... 3194 3196 3198],41.49694707901948,2,"{'cosmic_spike': False, 'fluorescence': False}"
RS_0942,[0.         0.00197097 0.00306691 ... 0.16173841 0.16115275 0.15872798],pharmaceutical,[ 100  102  104 ... 3194 3196 3198],88.91597317635554,2,"{'cosmic_spike': False, 'fluorescence': False}"
RS_0943,[0.         0.00187713 0.00238377 ... 0.82108149 0.82031959 0.82050482],pharmaceutical,[ 100  102  104 ... 3194 3196 3198],131.93853670172234,2,"{'cosmic_spike': False, 'fluorescence': False}"
RS_0944,[0.07335072 0.07374365 0.07327317 ... 0.63399184 0.63403266 0.63497762],pharmaceutical,[ 100  102  104 ... 3194 3196 3198],66.68319836327092,2,"{'cosmic_spike': False, 'fluorescence': False}"
RS_0945,[0.92578804 0.92284968 0.91955636 ... 0.71147569 0.71423138 0.71780889],pharmaceutical,[ 100  102  104 ... 3194 3196 3198],43.97424645165173,2,"{'cosmic_spike': True, 'fluorescence': False}"
RS_0946,[0.17691721 0.17564751 0.17449015 ... 0.32412562 0.32699517 0.32479743],pharmaceutical,[ 100  102  104 ... 3194 3196 3198],113.06746168870215,2,"{'cosmic_spike': False, 'fluorescence': True}"
RS_0947,[0.74195317 0.74046865 0.73990995 ... 0.05874034 0.05919357 0.05951379],pharmaceutical,[ 100  102  104 ... 3194 3196 3198],96.93376020388315,2,"{'cosmic_spike': False, 'fluorescence': False}"
RS_0948,[0.17320337 0.17391829 0.17702077 ... 0.0014255  0.0025898  0.        ],pharmaceutical,[ 100  102  104 ... 3194 3196 3198],53.90626943643231,2,"{'cosmic_spike': False, 'fluorescence': False}"
RS_0949,[0.00204104 0.01360165 0.         ... 0.63940321 0.63568921 0.62545079],pharmaceutical,[ 100  102  104 ... 3194 3196 3198],30.256374868227304,2,"{'cosmic_spike': False, 'fluorescence': False}"
RS_0950,"[0.00000000e+00 1.22178836e-05 2.56870780e-04 ... 1.29437688e-01
 1.29415595e-01 1.29530894e-01]",pharmaceutical,[ 100  102  104 ... 3194 3196 3198],146.21688373662604,2,"{'cosmic_spike': False, 'fluorescence': False}"
RS_0951,[0.13414029 0.13081012 0.1376988  ... 0.62519128 0.60053    0.57768957],pharmaceutical,[ 100  102  104 ... 3194 3196 3198],12.95702124060216,2,"{'cosmic_spike': False, 'fluorescence': True}"
RS_0952,"[8.98314879e-01 8.97058992e-01 8.96228597e-01 ... 3.54954438e-05
 3.38391656e-04 0.00000000e+00]",pharmaceutical,[ 100  102  104 ... 3194 3196 3198],51.54619372889916,2,"{'cosmic_spike': False, 'fluorescence': True}"
RS_0953,[0.68111068 0.67947406 0.67763609 ... 0.61488618 0.61725883 0.61886016],pharmaceutical,[ 100  102  104 ... 3194 3196 3198],84.91786183784254,2,"{'cosmic_spike': False, 'fluorescence': True}"
RS_0954,[0.08395636 0.0948746  0.08993698 ... 1.         0.99817676 0.8317792 ],pharmaceutical,[ 100  102  104 ... 3194 3196 3198],18.299410088225464,2,"{'cosmic_spike': False, 'fluorescence': True}"
RS_0955,[0.         0.00199669 0.00219567 ... 0.30034569 0.29975369 0.29979016],pharmaceutical,[ 100  102  104 ... 3194 3196 3198],75.34081105813192,2,"{'cosmic_spike': False, 'fluorescence': False}"
RS_0956,[0.53946772 0.53928226 0.53885057 ... 0.00117729 0.         0.00187766],pharmaceutical,[ 100  102  104 ... 3194 3196 3198],63.228209345188844,2,"{'cosmic_spike': False, 'fluorescence': True}"
RS_0957,[0.31371322 0.31433655 0.31294095 ... 0.47845703 0.47989948 0.48074694],pharmaceutical,[ 100  102  104 ... 3194 3196 3198],57.930348403861544,2,"{'cosmic_spike': False, 'fluorescence': False}"
RS_0958,"[3.37853486e-04 0.00000000e+00 1.03929879e-03 ... 9.97106410e-01
 9.99042747e-01 1.00000000e+00]",pharmaceutical,[ 100  102  104 ... 3194 3196 3198],120.03179757189206,2,"{'cosmic_spike': False, 'fluorescence': True}"
RS_0959,[0.64595672 0.64491488 0.64418528 ... 0.6337702  0.63538591 0.63899986],pharmaceutical,[ 100  102  104 ... 3194 3196 3198],106.07956393013681,2,"{'cosmic_spike': False, 'fluorescence': False}"
RS_0960,[0.56460537 0.56513364 0.56403094 ... 0.18560077 0.17473852 0.16712585],pharmaceutical,[ 100  102  104 ... 3194 3196 3198],97.36214036972254,2,"{'cosmic_spike': True, 'fluorescence': False}"
RS_0961,[0.99804011 0.99526543 0.99480412 ... 0.04142161 0.03935303 0.03755106],pharmaceutical,[ 100  102  104 ... 3194 3196 3198],93.28293327419324,2,"{'cosmic_spike': False, 'fluorescence': False}"
RS_0962,[0.         0.00096914 0.00067995 ... 0.29048401 0.28936561 0.28962624],pharmaceutical,[ 100  102  104 ... 3194 3196 3198],64.04277392361826,2,"{'cosmic_spike': False, 'fluorescence': False}"
RS_0963,[0.18406624 0.18500307 0.18574235 ... 0.30422981 0.30493121 0.30498929],pharmaceutical,[ 100  102  104 ... 3194 3196 3198],57.5470610183626,2,"{'cosmic_spike': False, 'fluorescence': False}"
RS_0964,[0.1573675  0.15935615 0.15827612 ... 0.00324404 0.         0.00105403],pharmaceutical,[ 100  102  104 ... 3194 3196 3198],89.94032348288465,2,"{'cosmic_spike': True, 'fluorescence': False}"
RS_0965,[0.         0.00116822 0.00252265 ... 0.46324608 0.46293527 0.46231716],pharmaceutical,[ 100  102  104 ... 3194 3196 3198],147.535619139254,2,"{'cosmic_spike': False, 'fluorescence': False}"
RS_0966,[0.03267297 0.0343058  0.03219841 ... 0.55390478 0.55287069 0.55902756],pharmaceutical,[ 100  102  104 ... 3194 3196 3198],48.3086790324418,2,"{'cosmic_spike': False, 'fluorescence': False}"
RS_0967,[0.34543946 0.35012018 0.35745654 ... 0.4643509  0.44754567 0.43897161],pharmaceutical,[ 100  102  104 ... 3194 3196 3198],40.462914748117974,2,"{'cosmic_spike': False, 'fluorescence': False}"
RS_0968,[0.15914891 0.15869221 0.15826964 ... 0.02454389 0.02510457 0.02486364],pharmaceutical,[ 100  102  104 ... 3194 3196 3198],118.54097884099738,2,"{'cosmic_spike': False, 'fluorescence': False}"
RS_0969,[0.8073258  0.56920951 0.62919031 ... 0.65517636 0.84716191 0.58187886],pharmaceutical,[ 100  102  104 ... 3194 3196 3198],11.520821988588139,2,"{'cosmic_spike': False, 'fluorescence': False}"
RS_0970,[0.15357055 0.15201984 0.15358542 ... 0.99539257 0.99698197 1.        ],pharmaceutical,[ 100  102  104 ... 3194 3196 3198],55.51151170136324,2,"{'cosmic_spike': False, 'fluorescence': False}"
RS_0971,[0.         0.00099543 0.00376166 ... 0.65231636 0.64036115 0.63200766],pharmaceutical,[ 100  102  104 ... 3194 3196 3198],145.80211488300196,2,"{'cosmic_spike': False, 'fluorescence': False}"
RS_0972,[0.7346927  0.7399009  0.73922638 ... 0.00475322 0.00590102 0.        ],pharmaceutical,[ 100  102  104 ... 3194 3196 3198],35.49573529087494,2,"{'cosmic_spike': False, 'fluorescence': False}"
RS_0973,[0.00132963 0.00113986 0.00176443 ... 0.3107607  0.31063861 0.31307952],pharmaceutical,[ 100  102  104 ... 3194 3196 3198],85.26223213815932,2,"{'cosmic_spike': False, 'fluorescence': True}"
RS_0974,[0.23836233 0.23883382 0.24879479 ... 0.00344074 0.01060109 0.02089001],pharmaceutical,[ 100  102  104 ... 3194 3196 3198],39.02743466221109,2,"{'cosmic_spike': False, 'fluorescence': False}"
RS_0975,[0.00334668 0.00270597 0.0058185  ... 0.23616668 0.23537844 0.23617381],pharmaceutical,[ 100  102  104 ... 3194 3196 3198],41.3039158237209,2,"{'cosmic_spike': False, 'fluorescence': False}"
RS_0976,[0.49358217 0.49470117 0.49968567 ... 0.64134234 0.64323861 0.64402903],pharmaceutical,[ 100  102  104 ... 3194 3196 3198],39.58677993508458,2,"{'cosmic_spike': True, 'fluorescence': False}"
RS_0977,[0.03917601 0.10955943 0.0676947  ... 0.48329407 0.65429023 0.58906099],pharmaceutical,[ 100  102  104 ... 3194 3196 3198],22.26492165857197,2,"{'cosmic_spike': False, 'fluorescence': False}"
RS_0978,[0.18393819 0.18384727 0.18457312 ... 0.50217151 0.50489827 0.5033989 ],pharmaceutical,[ 100  102  104 ... 3194 3196 3198],83.11125246813637,2,"{'cosmic_spike': True, 'fluorescence': True}"
RS_0979,[0.6940645  0.69346529 0.69114265 ... 0.15614375 0.15588251 0.15512447],pharmaceutical,[ 100  102  104 ... 3194 3196 3198],149.34759313062642,2,"{'cosmic_spike': False, 'fluorescence': False}"
RS_0980,"[5.56039554e-01 5.54460875e-01 5.53348535e-01 ... 1.08016092e-03
 1.20515580e-03 6.91156990e-05]",pharmaceutical,[ 100  102  104 ... 3194 3196 3198],139.1937031434858,2,"{'cosmic_spike': False, 'fluorescence': False}"
RS_0981,[0.48401368 0.48414416 0.48297123 ... 0.01281493 0.01255505 0.01120743],pharmaceutical,[ 100  102  104 ... 3194 3196 3198],102.42577305661969,2,"{'cosmic_spike': False, 'fluorescence': False}"
RS_0982,[0.64068933 0.64084983 0.6408507  ... 0.01427896 0.00866398 0.00221361],pharmaceutical,[ 100  102  104 ... 3194 3196 3198],97.35136974477544,2,"{'cosmic_spike': False, 'fluorescence': False}"
RS_0983,[0.92519843 0.91967411 0.90468812 ... 0.16200755 0.15496127 0.15734943],pharmaceutical,[ 100  102  104 ... 3194 3196 3198],38.417294943552974,2,"{'cosmic_spike': True, 'fluorescence': False}"
RS_0984,[0.         0.00138823 0.00164035 ... 0.46824572 0.46839443 0.46852137],pharmaceutical,[ 100  102  104 ... 3194 3196 3198],116.99207956923897,2,"{'cosmic_spike': False, 'fluorescence': True}"
RS_0985,[0.02854223 0.03815432 0.04670528 ... 0.02163087 0.01200802 0.02896362],pharmaceutical,[ 100  102  104 ... 3194 3196 3198],26.061365788127848,2,"{'cosmic_spike': False, 'fluorescence': True}"
RS_0986,[0.44398373 0.44606344 0.44591672 ... 0.00839403 0.0046175  0.        ],pharmaceutical,[ 100  102  104 ... 3194 3196 3198],34.31487595656674,2,"{'cosmic_spike': False, 'fluorescence': False}"
RS_0987,[0.         0.00399834 0.00287126 ... 0.39610829 0.39463855 0.39260576],pharmaceutical,[ 100  102  104 ... 3194 3196 3198],99.13249428534876,2,"{'cosmic_spike': False, 'fluorescence': False}"
RS_0988,[0.49484772 0.49541001 0.49411481 ... 0.11296475 0.11539236 0.11371289],pharmaceutical,[ 100  102  104 ... 3194 3196 3198],111.19947673289147,2,"{'cosmic_spike': False, 'fluorescence': True}"
RS_0989,[0.50529921 0.5103271  0.51782803 ... 0.14805611 0.02571495 0.09000643],pharmaceutical,[ 100  102  104 ... 3194 3196 3198],15.027449023332245,2,"{'cosmic_spike': False, 'fluorescence': True}"
RS_0990,[1.         0.9984766  0.99720345 ... 0.08752062 0.08890485 0.08800553],pharmaceutical,[ 100  102  104 ... 3194 3196 3198],138.55629170047246,2,"{'cosmic_spike': False, 'fluorescence': True}"
RS_0991,[0.         0.000813   0.00284972 ... 0.79777712 0.79848405 0.79856648],pharmaceutical,[ 100  102  104 ... 3194 3196 3198],59.17683942030632,2,"{'cosmic_spike': False, 'fluorescence': True}"
RS_0992,[0.06220972 0.04825461 0.03526177 ... 0.8392283  0.81347475 0.7873475 ],pharmaceutical,[ 100  102  104 ... 3194 3196 3198],21.10904334607796,2,"{'cosmic_spike': False, 'fluorescence': False}"
RS_0993,[0.72340862 0.72652856 0.72683617 ... 0.00198468 0.00088745 0.        ],pharmaceutical,[ 100  102  104 ... 3194 3196 3198],46.49404765475107,2,"{'cosmic_spike': False, 'fluorescence': False}"
RS_0994,[0.09085012 0.08935414 0.08912393 ... 0.39219917 0.3926627  0.39373716],pharmaceutical,[ 100  102  104 ... 3194 3196 3198],48.62399415737297,2,"{'cosmic_spike': False, 'fluorescence': False}"
RS_0995,[0.0828423  0.0499125  0.11960437 ... 0.13141034 0.1182996  0.17927288],pharmaceutical,[ 100  102  104 ... 3194 3196 3198],15.613887916384188,2,"{'cosmic_spike': False, 'fluorescence': True}"
RS_0996,[0.00443393 0.00652093 0.00470284 ... 0.7972667  0.76158212 0.70736807],pharmaceutical,[ 100  102  104 ... 3194 3196 3198],40.323881715808746,2,"{'cosmic_spike': False, 'fluorescence': True}"
RS_0997,[0.09393265 0.09375905 0.09048082 ... 0.9985702  0.99915637 1.        ],pharmaceutical,[ 100  102  104 ... 3194 3196 3198],80.65858813460225,2,"{'cosmic_spike': False, 'fluorescence': False}"
RS_0998,[0.00231196 0.00482612 0.00524521 ... 0.38478307 0.38580774 0.38784065],pharmaceutical,[ 100  102  104 ... 3194 3196 3198],71.35446351169423,2,"{'cosmic_spike': False, 'fluorescence': False}"
RS_0999,[0.         0.00826891 0.00422936 ... 0.41994086 0.42442893 0.41947522],pharmaceutical,[ 100  102  104 ... 3194 3196 3198],43.90376773085113,2,"{'cosmic_spike': False, 'fluorescence': True}"
RS_1000,"[4.95079410e-01 4.95367764e-01 4.94814556e-01 ... 2.37773436e-03
 0.00000000e+00 1.03782666e-04]",pharmaceutical,[ 100  102  104 ... 3194 3196 3198],120.52416632399975,2,"{'cosmic_spike': False, 'fluorescence': False}"
RS_1001,[0.00136876 0.         0.00104775 ... 0.59203423 0.59059344 0.59145788],pharmaceutical,[ 100  102  104 ... 3194 3196 3198],138.8976664562461,2,"{'cosmic_spike': False, 'fluorescence': False}"
RS_1002,[0.64022566 0.6356007  0.63157698 ... 0.1814463  0.18159925 0.18347284],pharmaceutical,[ 100  102  104 ... 3194 3196 3198],54.074210212220024,2,"{'cosmic_spike': False, 'fluorescence': False}"
RS_1003,[0.40747145 0.40724683 0.40638391 ... 0.33641518 0.33565051 0.33457638],pharmaceutical,[ 100  102  104 ... 3194 3196 3198],138.35564873786106,2,"{'cosmic_spike': False, 'fluorescence': False}"
RS_1004,[0.01634368 0.0147627  0.01572132 ... 0.00050046 0.         0.00218087],pharmaceutical,[ 100  102  104 ... 3194 3196 3198],123.18487131405102,2,"{'cosmic_spike': False, 'fluorescence': False}"
RS_1005,[0.09425486 0.09476079 0.09641295 ... 0.00186299 0.00108361 0.        ],pharmaceutical,[ 100  102  104 ... 3194 3196 3198],117.67444539625319,2,"{'cosmic_spike': False, 'fluorescence': True}"
RS_1006,[0.         0.000885   0.00225163 ... 0.44290394 0.44255533 0.4418872 ],pharmaceutical,[ 100  102  104 ... 3194 3196 3198],105.04767850912371,2,"{'cosmic_spike': False, 'fluorescence': True}"
RS_1007,[0.71123841 0.70571826 0.70510605 ... 0.91884493 0.9206944  0.92261221],pharmaceutical,[ 100  102  104 ... 3194 3196 3198],48.7222171409438,2,"{'cosmic_spike': False, 'fluorescence': False}"
RS_1008,[0.06223867 0.06196543 0.06296894 ... 0.59096034 0.59091575 0.59282575],pharmaceutical,[ 100  102  104 ... 3194 3196 3198],131.66028552155484,2,"{'cosmic_spike': False, 'fluorescence': False}"
RS_1009,[0.93425732 0.93325294 0.93115827 ... 0.24005713 0.23948204 0.23990741],pharmaceutical,[ 100  102  104 ... 3194 3196 3198],131.93564698814896,2,"{'cosmic_spike': False, 'fluorescence': False}"
RS_1010,[0.05600029 0.05425306 0.05334614 ... 0.1064128  0.10665271 0.10738423],pharmaceutical,[ 100  102  104 ... 3194 3196 3198],134.71106183268506,2,"{'cosmic_spike': False, 'fluorescence': False}"
RS_1011,"[8.80976182e-01 8.78650201e-01 8.79929025e-01 ... 8.10187019e-04
 1.99372999e-03 0.00000000e+00]",pharmaceutical,[ 100  102  104 ... 3194 3196 3198],139.53439734188154,2,"{'cosmic_spike': False, 'fluorescence': False}"
RS_1012,"[2.77475348e-04 0.00000000e+00 9.85146637e-04 ... 7.15050717e-01
 7.15493508e-01 7.16440602e-01]",pharmaceutical,[ 100  102  104 ... 3194 3196 3198],118.952473247262,2,"{'cosmic_spike': False, 'fluorescence': False}"
RS_1013,[0.         0.00164595 0.00406773 ... 0.76618406 0.76507158 0.76303518],pharmaceutical,[ 100  102  104 ... 3194 3196 3198],45.47864546689434,2,"{'cosmic_spike': False, 'fluorescence': True}"
RS_1014,[0.57184723 0.57188475 0.57239395 ... 0.00221593 0.00075309 0.        ],pharmaceutical,[ 100  102  104 ... 3194 3196 3198],113.54351743029316,2,"{'cosmic_spike': False, 'fluorescence': True}"
RS_1015,[0.03593198 0.12411264 0.0861881  ... 0.78645151 0.83137732 0.84724223],pharmaceutical,[ 100  102  104 ... 3194 3196 3198],17.073959783305092,2,"{'cosmic_spike': False, 'fluorescence': False}"
RS_1016,[0.41835295 0.41661246 0.41795163 ... 0.03942676 0.04257334 0.04203096],pharmaceutical,[ 100  102  104 ... 3194 3196 3198],63.341543990103034,2,"{'cosmic_spike': False, 'fluorescence': False}"
RS_1017,[0.3039807  0.320261   0.32455006 ... 0.00209747 0.01547814 0.00713007],pharmaceutical,[ 100  102  104 ... 3194 3196 3198],29.854717079361688,2,"{'cosmic_spike': True, 'fluorescence': False}"
RS_1018,[0.         0.00049808 0.00047151 ... 0.32046176 0.32121863 0.32066596],pharmaceutical,[ 100  102  104 ... 3194 3196 3198],70.56682041268286,2,"{'cosmic_spike': False, 'fluorescence': False}"
RS_1019,"[0.00000000e+00 2.93757833e-05 2.19515275e-04 ... 2.95186443e-02
 2.92660316e-02 2.94210135e-02]",pharmaceutical,[ 100  102  104 ... 3194 3196 3198],92.6863469894321,2,"{'cosmic_spike': True, 'fluorescence': False}"
RS_1020,[0.         0.00103667 0.00196291 ... 0.76142582 0.76185788 0.76059699],pharmaceutical,[ 100  102  104 ... 3194 3196 3198],80.2732819569203,2,"{'cosmic_spike': False, 'fluorescence': False}"
RS_1021,"[0.00000000e+00 1.47625141e-04 1.29680873e-04 ... 3.34977726e-01
 3.35483676e-01 3.35806334e-01]",pharmaceutical,[ 100  102  104 ... 3194 3196 3198],139.18009414667216,2,"{'cosmic_spike': False, 'fluorescence': False}"
RS_1022,[0.39909722 0.40095051 0.40154331 ... 0.00272499 0.0013436  0.        ],pharmaceutical,[ 100  102  104 ... 3194 3196 3198],112.98463382804246,2,"{'cosmic_spike': False, 'fluorescence': False}"
RS_1023,[0.40570201 0.4060135  0.40297014 ... 0.62789521 0.62993417 0.63135866],pharmaceutical,[ 100  102  104 ... 3194 3196 3198],57.11916413465608,2,"{'cosmic_spike': False, 'fluorescence': False}"
RS_1024,[0.65957094 0.65841296 0.65699071 ... 0.42870968 0.42871306 0.43138962],pharmaceutical,[ 100  102  104 ... 3194 3196 3198],60.44897798592282,2,"{'cosmic_spike': False, 'fluorescence': True}"
RS_1025,[0.08564421 0.08661841 0.08467731 ... 0.85688203 0.85666587 0.85932792],pharmaceutical,[ 100  102  104 ... 3194 3196 3198],108.1820638806496,2,"{'cosmic_spike': False, 'fluorescence': False}"
RS_1026,[0.10455941 0.10495114 0.10328306 ... 0.1103827  0.11127816 0.11211298],pharmaceutical,[ 100  102  104 ... 3194 3196 3198],122.68973343314833,2,"{'cosmic_spike': True, 'fluorescence': False}"
RS_1027,[0.06898949 0.02624197 0.08331326 ... 0.91715024 0.92555313 0.89928701],pharmaceutical,[ 100  102  104 ... 3194 3196 3198],17.458741440337977,2,"{'cosmic_spike': False, 'fluorescence': False}"
RS_1028,[0.35780994 0.35829923 0.36105602 ... 0.10283025 0.10352296 0.10284071],pharmaceutical,[ 100  102  104 ... 3194 3196 3198],106.21675918200116,2,"{'cosmic_spike': False, 'fluorescence': False}"
RS_1029,[0.03354939 0.03609034 0.01438349 ... 0.43408544 0.42414387 0.43892642],pharmaceutical,[ 100  102  104 ... 3194 3196 3198],19.917752428695636,2,"{'cosmic_spike': False, 'fluorescence': True}"
RS_1030,"[0.00000000e+00 1.91247605e-04 7.68203174e-04 ... 5.38653489e-01
 5.40112004e-01 5.40244203e-01]",pharmaceutical,[ 100  102  104 ... 3194 3196 3198],130.53295347986446,2,"{'cosmic_spike': False, 'fluorescence': False}"
RS_1031,"[1.00000000e+00 9.99943226e-01 9.99888182e-01 ... 9.54851747e-04
 3.85225158e-03 2.36742499e-03]",pharmaceutical,[ 100  102  104 ... 3194 3196 3198],128.23918592833095,2,"{'cosmic_spike': False, 'fluorescence': True}"
RS_1032,[0.         0.00168843 0.00223061 ... 0.25675481 0.25542156 0.25344747],pharmaceutical,[ 100  102  104 ... 3194 3196 3198],149.16030164881255,2,"{'cosmic_spike': False, 'fluorescence': False}"
RS_1033,"[5.60824944e-04 1.63832811e-02 2.01009602e-02 ... 9.79906695e-01
 9.90274236e-01 9.77471755e-01]",pharmaceutical,[ 100  102  104 ... 3194 3196 3198],24.05393471858984,2,"{'cosmic_spike': False, 'fluorescence': False}"
RS_1034,"[6.31995937e-04 0.00000000e+00 1.68968998e-03 ... 7.13472925e-01
 7.13412253e-01 7.13606344e-01]",pharmaceutical,[ 100  102  104 ... 3194 3196 3198],124.8884575302623,2,"{'cosmic_spike': True, 'fluorescence': True}"
RS_1035,[0.70970365 0.70964653 0.70893441 ... 0.00179126 0.00089469 0.        ],pharmaceutical,[ 100  102  104 ... 3194 3196 3198],68.561256945903,2,"{'cosmic_spike': False, 'fluorescence': False}"
RS_1036,[0.35430056 0.35067589 0.35411647 ... 0.2684286  0.26737422 0.26957729],pharmaceutical,[ 100  102  104 ... 3194 3196 3198],138.9303310118426,2,"{'cosmic_spike': False, 'fluorescence': False}"
RS_1037,[1.         0.99856422 0.99598004 ... 0.46322252 0.44689845 0.42804565],pharmaceutical,[ 100  102  104 ... 3194 3196 3198],139.01440542996318,2,"{'cosmic_spike': False, 'fluorescence': True}"
RS_1038,[0.39641409 0.39525065 0.39511064 ... 0.25031702 0.24977316 0.25042006],pharmaceutical,[ 100  102  104 ... 3194 3196 3198],71.29892483706115,2,"{'cosmic_spike': False, 'fluorescence': False}"
RS_1039,[0.         0.00124227 0.00281003 ... 0.82899746 0.82919078 0.82832673],pharmaceutical,[ 100  102  104 ... 3194 3196 3198],54.262085444192905,2,"{'cosmic_spike': False, 'fluorescence': False}"
RS_1040,[0.00911662 0.0103735  0.01041502 ... 0.93009025 0.93333072 0.93375708],pharmaceutical,[ 100  102  104 ... 3194 3196 3198],124.50639442956603,2,"{'cosmic_spike': False, 'fluorescence': False}"
RS_1041,[0.37673156 0.37659592 0.38415367 ... 0.0049822  0.00725405 0.00353756],pharmaceutical,[ 100  102  104 ... 3194 3196 3198],38.90383755997753,2,"{'cosmic_spike': False, 'fluorescence': False}"
RS_1042,[0.43487727 0.43437609 0.43395522 ... 0.0367248  0.03634593 0.03629694],pharmaceutical,[ 100  102  104 ... 3194 3196 3198],143.50560036882382,2,"{'cosmic_spike': False, 'fluorescence': False}"
RS_1043,"[8.07057341e-04 0.00000000e+00 7.35042024e-04 ... 9.95268620e-01
 1.00000000e+00 9.97504617e-01]",pharmaceutical,[ 100  102  104 ... 3194 3196 3198],104.30061125080937,2,"{'cosmic_spike': False, 'fluorescence': True}"
RS_1044,[0.04617972 0.04619016 0.04623941 ... 0.00153542 0.0014576  0.00295227],pharmaceutical,[ 100  102  104 ... 3194 3196 3198],39.88907024691967,2,"{'cosmic_spike': False, 'fluorescence': False}"
RS_1045,"[4.59922915e-01 4.60300051e-01 4.61860219e-01 ... 2.92440860e-03
 0.00000000e+00 1.17879746e-04]",pharmaceutical,[ 100  102  104 ... 3194 3196 3198],111.21405196180372,2,"{'cosmic_spike': False, 'fluorescence': True}"
RS_1046,"[0.00000000e+00 7.25642266e-04 1.63889819e-03 ... 8.29434031e-01
 8.26025031e-01 8.23929810e-01]",pharmaceutical,[ 100  102  104 ... 3194 3196 3198],68.2413578049155,2,"{'cosmic_spike': False, 'fluorescence': True}"
RS_1047,[0.21016703 0.21067251 0.21028389 ... 0.00048465 0.00072709 0.        ],pharmaceutical,[ 100  102  104 ... 3194 3196 3198],37.39755870733232,2,"{'cosmic_spike': False, 'fluorescence': False}"
RS_1048,[1.         0.99804447 0.99463138 ... 0.4501542  0.45253863 0.45155117],pharmaceutical,[ 100  102  104 ... 3194 3196 3198],108.32269580217736,2,"{'cosmic_spike': False, 'fluorescence': True}"
RS_1049,[0.         0.00139132 0.00462256 ... 0.52589271 0.52510847 0.52668795],pharmaceutical,[ 100  102  104 ... 3194 3196 3198],98.84884727361657,2,"{'cosmic_spike': False, 'fluorescence': False}"
RS_1050,[0.425886   0.24783587 0.30777944 ... 0.35555682 0.14577754 0.19821598],pharmaceutical,[ 100  102  104 ... 3194 3196 3198],10.114743859465325,2,"{'cosmic_spike': False, 'fluorescence': False}"
RS_1051,[0.         0.00053473 0.00209343 ... 0.03301637 0.03177195 0.0300771 ],pharmaceutical,[ 100  102  104 ... 3194 3196 3198],60.65279447459295,2,"{'cosmic_spike': False, 'fluorescence': False}"
RS_1052,[0.01093495 0.01011004 0.00684464 ... 0.99643509 0.99723768 1.        ],pharmaceutical,[ 100  102  104 ... 3194 3196 3198],122.2238610538964,2,"{'cosmic_spike': True, 'fluorescence': False}"
RS_1053,[0.17438734 0.18283615 0.17673012 ... 0.05129831 0.03754093 0.0014831 ],pharmaceutical,[ 100  102  104 ... 3194 3196 3198],33.598087639714436,2,"{'cosmic_spike': False, 'fluorescence': False}"
RS_1054,[0.         0.00242187 0.00224101 ... 0.3946951  0.39604586 0.39578679],pharmaceutical,[ 100  102  104 ... 3194 3196 3198],91.86689184893424,2,"{'cosmic_spike': False, 'fluorescence': True}"
RS_1055,[0.10416166 0.10316421 0.10290106 ... 0.02788094 0.02886376 0.02904782],pharmaceutical,[ 100  102  104 ... 3194 3196 3198],71.95116184599419,2,"{'cosmic_spike': False, 'fluorescence': True}"
RS_1056,[0.31574878 0.31239478 0.31509612 ... 0.99474217 0.98439418 1.        ],pharmaceutical,[ 100  102  104 ... 3194 3196 3198],38.962490215093894,2,"{'cosmic_spike': False, 'fluorescence': False}"
RS_1057,[0.31487628 0.31724645 0.31748337 ... 0.77291093 0.77503251 0.77559354],pharmaceutical,[ 100  102  104 ... 3194 3196 3198],47.32465494655547,2,"{'cosmic_spike': False, 'fluorescence': False}"
RS_1058,"[4.48128691e-05 0.00000000e+00 9.59497117e-04 ... 7.75273773e-01
 7.76297984e-01 7.76480927e-01]",pharmaceutical,[ 100  102  104 ... 3194 3196 3198],96.73094559773514,2,"{'cosmic_spike': False, 'fluorescence': False}"
RS_1059,[0.59725692 0.59615422 0.59570761 ... 0.00185269 0.00291597 0.        ],pharmaceutical,[ 100  102  104 ... 3194 3196 3198],95.84628826287774,2,"{'cosmic_spike': False, 'fluorescence': True}"
RS_1060,[0.36978814 0.36952631 0.36896285 ... 0.13404012 0.13308505 0.13509156],pharmaceutical,[ 100  102  104 ... 3194 3196 3198],73.46028968946456,2,"{'cosmic_spike': False, 'fluorescence': True}"
RS_1061,[0.30272877 0.30210209 0.30339565 ... 0.00259627 0.00115693 0.        ],pharmaceutical,[ 100  102  104 ... 3194 3196 3198],66.33143827492361,2,"{'cosmic_spike': False, 'fluorescence': False}"
RS_1062,[1.         0.99821184 0.9963831  ... 0.17787555 0.17896577 0.1800119 ],pharmaceutical,[ 100  102  104 ... 3194 3196 3198],92.28063145165775,2,"{'cosmic_spike': False, 'fluorescence': True}"
RS_1063,[0.50751514 0.50648734 0.50514306 ... 0.53733804 0.5391969  0.53854747],pharmaceutical,[ 100  102  104 ... 3194 3196 3198],138.5861040343366,2,"{'cosmic_spike': False, 'fluorescence': False}"
RS_1064,"[3.28910738e-04 1.03074490e-03 0.00000000e+00 ... 4.39290571e-01
 4.40729603e-01 4.38639735e-01]",pharmaceutical,[ 100  102  104 ... 3194 3196 3198],62.11943573863863,2,"{'cosmic_spike': True, 'fluorescence': False}"
RS_1065,[0.04826426 0.0175892  0.04157536 ... 0.42166652 0.44465605 0.45451685],pharmaceutical,[ 100  102  104 ... 3194 3196 3198],35.94539258581064,2,"{'cosmic_spike': False, 'fluorescence': False}"
RS_1066,[0.9112924  0.91015899 0.90740503 ... 0.38487124 0.38570533 0.3871777 ],pharmaceutical,[ 100  102  104 ... 3194 3196 3198],125.08262004138457,2,"{'cosmic_spike': False, 'fluorescence': False}"
RS_1067,[0.8545132  0.80047517 0.8232133  ... 0.46915448 0.47620458 0.48098284],pharmaceutical,[ 100  102  104 ... 3194 3196 3198],27.34021453106553,2,"{'cosmic_spike': False, 'fluorescence': False}"
RS_1068,[0.15038557 0.15073368 0.15112172 ... 0.0020076  0.00167338 0.        ],pharmaceutical,[ 100  102  104 ... 3194 3196 3198],96.66994421848221,2,"{'cosmic_spike': False, 'fluorescence': False}"
RS_1069,[0.80647435 0.80624365 0.80644555 ... 0.00191065 0.00115551 0.        ],pharmaceutical,[ 100  102  104 ... 3194 3196 3198],104.80014550995786,2,"{'cosmic_spike': False, 'fluorescence': False}"
RS_1070,[0.6564185  0.65574106 0.65544094 ... 0.00135534 0.00186388 0.        ],pharmaceutical,[ 100  102  104 ... 3194 3196 3198],149.1699725745014,2,"{'cosmic_spike': False, 'fluorescence': False}"
RS_1071,[0.         0.00327231 0.00636282 ... 0.28431619 0.28270237 0.28179802],pharmaceutical,[ 100  102  104 ... 3194 3196 3198],138.72324449974963,2,"{'cosmic_spike': False, 'fluorescence': False}"
RS_1072,[0.         0.00111769 0.00164523 ... 0.09503289 0.09532215 0.0937961 ],pharmaceutical,[ 100  102  104 ... 3194 3196 3198],59.635872898193576,2,"{'cosmic_spike': False, 'fluorescence': True}"
RS_1073,[0.03606033 0.01330236 0.02488532 ... 0.73990157 0.74397363 0.76972541],pharmaceutical,[ 100  102  104 ... 3194 3196 3198],23.329352143413246,2,"{'cosmic_spike': False, 'fluorescence': False}"
RS_1074,[0.         0.01113623 0.0291492  ... 0.39894274 0.40908657 0.39393704],pharmaceutical,[ 100  102  104 ... 3194 3196 3198],30.32337026210987,2,"{'cosmic_spike': False, 'fluorescence': False}"
RS_1075,[0.         0.00928311 0.00570175 ... 0.3972555  0.39712829 0.39778989],pharmaceutical,[ 100  102  104 ... 3194 3196 3198],40.499740366536386,2,"{'cosmic_spike': False, 'fluorescence': False}"
RS_1076,[0.18261598 0.18440588 0.18019863 ... 0.47200655 0.47226838 0.47434707],pharmaceutical,[ 100  102  104 ... 3194 3196 3198],117.28897228503251,2,"{'cosmic_spike': False, 'fluorescence': False}"
RS_1077,[0.58745147 0.58773013 0.58761983 ... 0.00198013 0.00124359 0.        ],pharmaceutical,[ 100  102  104 ... 3194 3196 3198],98.56574072905502,2,"{'cosmic_spike': False, 'fluorescence': False}"
RS_1078,[0.         0.00014977 0.00054206 ... 0.09799816 0.09793488 0.09797058],pharmaceutical,[ 100  102  104 ... 3194 3196 3198],97.92426558096996,2,"{'cosmic_spike': False, 'fluorescence': True}"
RS_1079,[0.00165786 0.00304412 0.00334221 ... 0.53039353 0.52938284 0.52949526],pharmaceutical,[ 100  102  104 ... 3194 3196 3198],39.98198889842433,2,"{'cosmic_spike': False, 'fluorescence': True}"
RS_1080,[0.         0.0014532  0.00116311 ... 0.62418609 0.62316508 0.62197232],pharmaceutical,[ 100  102  104 ... 3194 3196 3198],57.20892567102077,2,"{'cosmic_spike': False, 'fluorescence': False}"
RS_1081,[0.0180421  0.03821032 0.02879477 ... 0.20124214 0.19618458 0.18226471],pharmaceutical,[ 100  102  104 ... 3194 3196 3198],33.18282642302762,2,"{'cosmic_spike': False, 'fluorescence': False}"
RS_1082,[0.00272247 0.00208056 0.00156757 ... 0.83224218 0.8255405  0.82110386],pharmaceutical,[ 100  102  104 ... 3194 3196 3198],143.18535502664332,2,"{'cosmic_spike': False, 'fluorescence': True}"
RS_1083,"[1.00000000e+00 9.99950758e-01 9.97876020e-01 ... 4.33411700e-04
 4.06068053e-04 0.00000000e+00]",pharmaceutical,[ 100  102  104 ... 3194 3196 3198],139.78912458565088,2,"{'cosmic_spike': False, 'fluorescence': False}"
RS_1084,[0.87027682 0.86792761 0.86606434 ... 0.6018595  0.58256041 0.55645464],pharmaceutical,[ 100  102  104 ... 3194 3196 3198],138.80341285563645,2,"{'cosmic_spike': False, 'fluorescence': False}"
RS_1085,[0.4338699  0.46833757 0.40476153 ... 0.80086592 0.78899103 0.82067525],pharmaceutical,[ 100  102  104 ... 3194 3196 3198],29.810049641526216,2,"{'cosmic_spike': False, 'fluorescence': False}"
RS_1086,[0.05925898 0.05938175 0.05788291 ... 0.99642329 0.99825688 1.        ],pharmaceutical,[ 100  102  104 ... 3194 3196 3198],85.5342804108611,2,"{'cosmic_spike': False, 'fluorescence': False}"
RS_1087,[0.36529672 0.36530504 0.36552138 ... 0.9536166  0.94002776 0.92187705],pharmaceutical,[ 100  102  104 ... 3194 3196 3198],78.66960492040107,2,"{'cosmic_spike': False, 'fluorescence': False}"
RS_1088,[0.49329379 0.49574472 0.50927344 ... 0.         0.00864898 0.01311474],pharmaceutical,[ 100  102  104 ... 3194 3196 3198],26.524550667574164,2,"{'cosmic_spike': False, 'fluorescence': False}"
RS_1089,[0.59723136 0.59749989 0.5967824  ... 0.00260834 0.         0.00084916],pharmaceutical,[ 100  102  104 ... 3194 3196 3198],48.132419200852695,2,"{'cosmic_spike': True, 'fluorescence': False}"
RS_1090,[0.0134043  0.00198837 0.01078799 ... 0.28778326 0.28161329 0.28525835],pharmaceutical,[ 100  102  104 ... 3194 3196 3198],30.857299688691675,2,"{'cosmic_spike': False, 'fluorescence': True}"
RS_1091,[0.66910571 0.6689079  0.66666491 ... 0.60474677 0.60403231 0.6070904 ],pharmaceutical,[ 100  102  104 ... 3194 3196 3198],127.4939841459473,2,"{'cosmic_spike': False, 'fluorescence': False}"
RS_1092,[1.         0.99833112 0.99609422 ... 0.65137146 0.65475441 0.65706345],pharmaceutical,[ 100  102  104 ... 3194 3196 3198],146.56080415087501,2,"{'cosmic_spike': False, 'fluorescence': False}"
RS_1093,[0.52930038 0.52764299 0.52810013 ... 0.42734113 0.42688545 0.43047536],pharmaceutical,[ 100  102  104 ... 3194 3196 3198],109.2353696802924,2,"{'cosmic_spike': False, 'fluorescence': True}"
RS_1094,[0.10945233 0.10987731 0.10813461 ... 0.69729215 0.69874216 0.70014786],pharmaceutical,[ 100  102  104 ... 3194 3196 3198],120.66537706337759,2,"{'cosmic_spike': False, 'fluorescence': True}"
RS_1095,[0.37146843 0.37027062 0.36803642 ... 0.9956108  0.99854191 1.        ],pharmaceutical,[ 100  102  104 ... 3194 3196 3198],91.56308227082638,2,"{'cosmic_spike': False, 'fluorescence': False}"
RS_1096,[0.34620363 0.34686755 0.34610464 ... 0.55375655 0.55966144 0.55803425],pharmaceutical,[ 100  102  104 ... 3194 3196 3198],42.099200066081266,2,"{'cosmic_spike': False, 'fluorescence': True}"
RS_1097,[0.34383953 0.34414697 0.34747913 ... 0.00094796 0.00104092 0.        ],pharmaceutical,[ 100  102  104 ... 3194 3196 3198],48.00932564986438,2,"{'cosmic_spike': False, 'fluorescence': False}"
RS_1098,[0.25530908 0.25506019 0.25463735 ... 0.34941756 0.34972646 0.34879654],pharmaceutical,[ 100  102  104 ... 3194 3196 3198],71.10305992014591,2,"{'cosmic_spike': False, 'fluorescence': False}"
RS_1099,[0.33866055 0.31161181 0.32652419 ... 0.06518527 0.01932109 0.0375723 ],pharmaceutical,[ 100  102  104 ... 3194 3196 3198],24.95275527159654,2,"{'cosmic_spike': False, 'fluorescence': True}"
RS_1100,[0.00123909 0.         0.00022956 ... 0.16654352 0.16788143 0.16757547],pharmaceutical,[ 100  102  104 ... 3194 3196 3198],69.09759355405883,2,"{'cosmic_spike': False, 'fluorescence': True}"
RS_1101,[0.38204424 0.35666954 0.47181503 ... 0.09351576 0.08209907 0.13526271],pharmaceutical,[ 100  102  104 ... 3194 3196 3198],13.124110059688208,2,"{'cosmic_spike': False, 'fluorescence': False}"
RS_1102,"[3.13556383e-04 0.00000000e+00 3.71636001e-03 ... 6.01249134e-01
 5.62708006e-01 5.31843983e-01]",pharmaceutical,[ 100  102  104 ... 3194 3196 3198],111.77754194538097,2,"{'cosmic_spike': False, 'fluorescence': True}"
RS_1103,[0.6417604  0.62969044 0.62886683 ... 0.01469679 0.01333346 0.        ],pharmaceutical,[ 100  102  104 ... 3194 3196 3198],33.82340865860306,2,"{'cosmic_spike': False, 'fluorescence': False}"
RS_1104,[0.0007951  0.00055697 0.         ... 0.30403406 0.30316452 0.30284482],pharmaceutical,[ 100  102  104 ... 3194 3196 3198],91.5151993816465,2,"{'cosmic_spike': False, 'fluorescence': False}"
RS_1105,"[1.15937819e-01 1.15879841e-01 1.15844737e-01 ... 5.31458783e-04
 8.57113053e-05 0.00000000e+00]",pharmaceutical,[ 100  102  104 ... 3194 3196 3198],84.11274312221974,2,"{'cosmic_spike': False, 'fluorescence': False}"
RS_1106,[0.00405538 0.00404642 0.         ... 0.08867085 0.09053683 0.08743359],pharmaceutical,[ 100  102  104 ... 3194 3196 3198],142.20033779448045,2,"{'cosmic_spike': False, 'fluorescence': False}"
RS_1107,[0.01826792 0.01963506 0.02092064 ... 0.25665081 0.22228079 0.19562029],pharmaceutical,[ 100  102  104 ... 3194 3196 3198],124.89678473640748,2,"{'cosmic_spike': False, 'fluorescence': True}"
RS_1108,[0.04922407 0.05690119 0.06492777 ... 0.00724785 0.01338078 0.00561263],pharmaceutical,[ 100  102  104 ... 3194 3196 3198],40.60979852040739,2,"{'cosmic_spike': False, 'fluorescence': False}"
RS_1109,[0.         0.00110411 0.00163554 ... 0.82213981 0.8212683  0.8205304 ],pharmaceutical,[ 100  102  104 ... 3194 3196 3198],132.60112800961278,2,"{'cosmic_spike': False, 'fluorescence': False}"
RS_1110,[0.07415826 0.15094989 0.         ... 0.36028205 0.32926596 0.36199541],pharmaceutical,[ 100  102  104 ... 3194 3196 3198],16.106215238292528,2,"{'cosmic_spike': True, 'fluorescence': False}"
RS_1111,[0.40091101 0.3950667  0.39342965 ... 0.59351446 0.59755928 0.59513176],pharmaceutical,[ 100  102  104 ... 3194 3196 3198],40.30757641823793,2,"{'cosmic_spike': False, 'fluorescence': False}"
RS_1112,"[7.87188013e-01 7.88219188e-01 7.87731578e-01 ... 1.33747629e-03
 3.67203491e-04 0.00000000e+00]",pharmaceutical,[ 100  102  104 ... 3194 3196 3198],95.40287254278265,2,"{'cosmic_spike': False, 'fluorescence': True}"
RS_1113,[0.         0.00178262 0.00092598 ... 0.10972427 0.10998158 0.10747564],pharmaceutical,[ 100  102  104 ... 3194 3196 3198],76.79365162081737,2,"{'cosmic_spike': False, 'fluorescence': False}"
RS_1114,[0.87759476 0.87686425 0.87545399 ... 0.0109758  0.01153545 0.01178248],pharmaceutical,[ 100  102  104 ... 3194 3196 3198],142.40963020970403,2,"{'cosmic_spike': False, 'fluorescence': True}"
RS_1115,[1.         0.99904595 0.9982448  ... 0.02661666 0.02713176 0.0274992 ],pharmaceutical,[ 100  102  104 ... 3194 3196 3198],78.33718873752662,2,"{'cosmic_spike': False, 'fluorescence': True}"
RS_1116,[0.60429912 0.59271141 0.61626459 ... 0.5537112  0.57382804 0.54451641],pharmaceutical,[ 100  102  104 ... 3194 3196 3198],21.984105839115433,2,"{'cosmic_spike': False, 'fluorescence': False}"
RS_1117,[0.01175949 0.01479673 0.01512101 ... 0.00316223 0.00094981 0.        ],pharmaceutical,[ 100  102  104 ... 3194 3196 3198],82.74730383516614,2,"{'cosmic_spike': False, 'fluorescence': False}"
RS_1118,[0.59913692 0.64769651 0.58359954 ... 0.28275889 0.25501329 0.29211889],pharmaceutical,[ 100  102  104 ... 3194 3196 3198],28.41498120792912,2,"{'cosmic_spike': False, 'fluorescence': True}"
RS_1119,[0.         0.0022396  0.00295558 ... 0.2266915  0.2270237  0.22448235],pharmaceutical,[ 100  102  104 ... 3194 3196 3198],147.3906976731789,2,"{'cosmic_spike': False, 'fluorescence': False}"
RS_1120,[0.19807303 0.18919506 0.21562815 ... 0.60748728 0.55067333 0.59323451],pharmaceutical,[ 100  102  104 ... 3194 3196 3198],19.159552471606837,2,"{'cosmic_spike': False, 'fluorescence': True}"
RS_1121,[0.         0.00238731 0.00335709 ... 0.062049   0.06127742 0.06075559],pharmaceutical,[ 100  102  104 ... 3194 3196 3198],148.14018360675774,2,"{'cosmic_spike': False, 'fluorescence': False}"
RS_1122,[0.8242044  0.82348824 0.82240379 ... 0.00271767 0.00182335 0.        ],pharmaceutical,[ 100  102  104 ... 3194 3196 3198],149.83097291976247,2,"{'cosmic_spike': False, 'fluorescence': False}"
RS_1123,"[7.85788260e-01 7.85002087e-01 7.83770930e-01 ... 1.00359411e-03
 5.76165633e-04 0.00000000e+00]",pharmaceutical,[ 100  102  104 ... 3194 3196 3198],64.79968330267423,2,"{'cosmic_spike': True, 'fluorescence': False}"
RS_1124,[0.84109847 0.84037602 0.83982404 ... 0.00213043 0.00137909 0.        ],pharmaceutical,[ 100  102  104 ... 3194 3196 3198],97.59025423720507,2,"{'cosmic_spike': False, 'fluorescence': False}"
RS_1125,[0.         0.00149681 0.00237632 ... 0.99834888 0.99909749 1.        ],pharmaceutical,[ 100  102  104 ... 3194 3196 3198],92.10581953930003,2,"{'cosmic_spike': False, 'fluorescence': False}"
RS_1126,"[3.30375854e-01 3.30607867e-01 3.33278437e-01 ... 1.97925628e-03
 0.00000000e+00 2.12281304e-04]",pharmaceutical,[ 100  102  104 ... 3194 3196 3198],82.62142246588597,2,"{'cosmic_spike': False, 'fluorescence': True}"
RS_1127,"[5.03821677e-05 0.00000000e+00 6.94851410e-04 ... 3.83973068e-02
 3.79143736e-02 3.81689254e-02]",pharmaceutical,[ 100  102  104 ... 3194 3196 3198],43.40183984599447,2,"{'cosmic_spike': True, 'fluorescence': False}"
RS_1128,[0.32093944 0.32101143 0.32284713 ... 0.00817841 0.00400804 0.        ],pharmaceutical,[ 100  102  104 ... 3194 3196 3198],84.0405969678911,2,"{'cosmic_spike': False, 'fluorescence': False}"
RS_1129,[1.         0.99855058 0.99705213 ... 0.12793986 0.12766898 0.12709966],pharmaceutical,[ 100  102  104 ... 3194 3196 3198],62.90056443088167,2,"{'cosmic_spike': True, 'fluorescence': False}"
RS_1130,[0.         0.0034795  0.01098706 ... 0.43731879 0.43718218 0.44784703],pharmaceutical,[ 100  102  104 ... 3194 3196 3198],30.066197168348555,2,"{'cosmic_spike': True, 'fluorescence': False}"
RS_1131,[0.         0.00071307 0.00091566 ... 0.44878989 0.43616636 0.42326488],pharmaceutical,[ 100  102  104 ... 3194 3196 3198],52.6224112238003,2,"{'cosmic_spike': False, 'fluorescence': False}"
RS_1132,[0.95133298 0.94829709 0.94711627 ... 0.09901943 0.10016191 0.1009867 ],pharmaceutical,[ 100  102  104 ... 3194 3196 3198],74.13588248498212,2,"{'cosmic_spike': False, 'fluorescence': False}"
RS_1133,[0.7712296  0.76813563 0.76978657 ... 0.02522587 0.02590956 0.02603767],pharmaceutical,[ 100  102  104 ... 3194 3196 3198],43.467215402609085,2,"{'cosmic_spike': False, 'fluorescence': False}"
RS_1134,[0.1625055  0.09048713 0.11498428 ... 0.75041822 0.75768088 0.78756691],pharmaceutical,[ 100  102  104 ... 3194 3196 3198],19.53422664229096,2,"{'cosmic_spike': False, 'fluorescence': True}"
RS_1135,[1.         0.99824288 0.99622905 ... 0.14854023 0.14831307 0.14848897],pharmaceutical,[ 100  102  104 ... 3194 3196 3198],103.38588167511938,2,"{'cosmic_spike': False, 'fluorescence': False}"
RS_1136,[0.         0.00169401 0.00290055 ... 0.67542025 0.67404318 0.67382393],pharmaceutical,[ 100  102  104 ... 3194 3196 3198],118.77831139737063,2,"{'cosmic_spike': False, 'fluorescence': False}"
RS_1137,[0.03935484 0.04240478 0.0735216  ... 0.44433899 0.52902186 0.47196625],pharmaceutical,[ 100  102  104 ... 3194 3196 3198],27.875629250806064,2,"{'cosmic_spike': False, 'fluorescence': True}"
RS_1138,[0.         0.00024848 0.00061092 ... 0.1327764  0.1325171  0.13276405],pharmaceutical,[ 100  102  104 ... 3194 3196 3198],86.81658216704555,2,"{'cosmic_spike': False, 'fluorescence': True}"
RS_1139,[0.61279263 0.61006529 0.60966244 ... 0.18303223 0.18276433 0.18291486],pharmaceutical,[ 100  102  104 ... 3194 3196 3198],73.18849211045759,2,"{'cosmic_spike': False, 'fluorescence': True}"
RS_1140,[0.48584037 0.4856151  0.48409288 ... 0.00104109 0.00178948 0.        ],pharmaceutical,[ 100  102  104 ... 3194 3196 3198],86.73572637142526,2,"{'cosmic_spike': False, 'fluorescence': True}"
RS_1141,"[7.04983919e-01 7.05003137e-01 7.04467005e-01 ... 8.02078170e-04
 0.00000000e+00 1.89174897e-04]",pharmaceutical,[ 100  102  104 ... 3194 3196 3198],66.8302526177579,2,"{'cosmic_spike': False, 'fluorescence': True}"
RS_1142,[0.00120222 0.         0.0020454  ... 0.04842018 0.04272369 0.03784247],pharmaceutical,[ 100  102  104 ... 3194 3196 3198],88.15510151035343,2,"{'cosmic_spike': False, 'fluorescence': False}"
RS_1143,[0.00064853 0.         0.00377695 ... 0.64016409 0.64024871 0.63875759],pharmaceutical,[ 100  102  104 ... 3194 3196 3198],44.26873978775499,2,"{'cosmic_spike': False, 'fluorescence': False}"
RS_1144,[0.57659309 0.57548601 0.57365774 ... 0.08543881 0.08702981 0.08728527],pharmaceutical,[ 100  102  104 ... 3194 3196 3198],133.99784161274556,2,"{'cosmic_spike': False, 'fluorescence': True}"
RS_1145,"[3.15064496e-03 1.94239280e-03 6.52784606e-04 ... 9.75761351e-01
 9.76432696e-01 9.77503807e-01]",pharmaceutical,[ 100  102  104 ... 3194 3196 3198],129.5878702153481,2,"{'cosmic_spike': False, 'fluorescence': False}"
RS_1146,[0.8220734  0.85198207 0.78734752 ... 0.16879885 0.18826071 0.10094294],pharmaceutical,[ 100  102  104 ... 3194 3196 3198],21.315891892007365,2,"{'cosmic_spike': False, 'fluorescence': True}"
RS_1147,[0.13913571 0.09321824 0.07211385 ... 0.8617272  0.8966698  0.79273662],pharmaceutical,[ 100  102  104 ... 3194 3196 3198],12.655758495109746,2,"{'cosmic_spike': False, 'fluorescence': False}"
RS_1148,[0.01252975 0.02248404 0.03581811 ... 0.73331643 0.7366275  0.71928811],pharmaceutical,[ 100  102  104 ... 3194 3196 3198],29.036563113089148,2,"{'cosmic_spike': False, 'fluorescence': False}"
RS_1149,[0.         0.00021504 0.00183946 ... 0.05399171 0.05398618 0.05405503],pharmaceutical,[ 100  102  104 ... 3194 3196 3198],32.58416161280229,2,"{'cosmic_spike': False, 'fluorescence': False}"
RS_1150,[0.00356433 0.         0.00590415 ... 0.4599097  0.46194834 0.46594578],pharmaceutical,[ 100  102  104 ... 3194 3196 3198],29.23460459005205,2,"{'cosmic_spike': False, 'fluorescence': False}"
RS_1151,[0.         0.00167244 0.00154419 ... 0.51200987 0.51165024 0.5089966 ],pharmaceutical,[ 100  102  104 ... 3194 3196 3198],76.15773406205626,2,"{'cosmic_spike': False, 'fluorescence': False}"
RS_1152,[0.         0.00053453 0.00137976 ... 0.3522205  0.35146302 0.34990228],pharmaceutical,[ 100  102  104 ... 3194 3196 3198],136.02246260080148,2,"{'cosmic_spike': False, 'fluorescence': True}"
RS_1153,[0.60366326 0.60131512 0.59837531 ... 0.19473924 0.17950945 0.16488133],pharmaceutical,[ 100  102  104 ... 3194 3196 3198],35.257663068951906,2,"{'cosmic_spike': False, 'fluorescence': True}"
RS_1154,[0.00388908 0.00640347 0.         ... 0.12596444 0.12242033 0.12798678],pharmaceutical,[ 100  102  104 ... 3194 3196 3198],39.63125618989608,2,"{'cosmic_spike': False, 'fluorescence': False}"
RS_1155,[0.32295981 0.32282749 0.31929943 ... 0.55109951 0.55289735 0.55548844],pharmaceutical,[ 100  102  104 ... 3194 3196 3198],113.60079381960055,2,"{'cosmic_spike': False, 'fluorescence': False}"
RS_1156,[0.26837936 0.2680061  0.26785497 ... 0.23172521 0.23076777 0.23251033],pharmaceutical,[ 100  102  104 ... 3194 3196 3198],73.18589246382942,2,"{'cosmic_spike': False, 'fluorescence': False}"
RS_1157,[0.00140494 0.00076658 0.00114471 ... 0.44949918 0.44949176 0.45134622],pharmaceutical,[ 100  102  104 ... 3194 3196 3198],110.11617150374815,2,"{'cosmic_spike': False, 'fluorescence': False}"
RS_1158,"[2.99858335e-04 2.97894721e-05 0.00000000e+00 ... 6.73611827e-01
 6.74089214e-01 6.75093194e-01]",pharmaceutical,[ 100  102  104 ... 3194 3196 3198],109.56357983475296,2,"{'cosmic_spike': False, 'fluorescence': False}"
RS_1159,[0.         0.00238201 0.00269469 ... 0.39275009 0.3919565  0.39086844],pharmaceutical,[ 100  102  104 ... 3194 3196 3198],50.75035317042897,2,"{'cosmic_spike': False, 'fluorescence': False}"
RS_1160,[0.         0.00104528 0.00150737 ... 0.90631471 0.90626923 0.90706655],pharmaceutical,[ 100  102  104 ... 3194 3196 3198],128.8198393041004,2,"{'cosmic_spike': False, 'fluorescence': False}"
RS_1161,[0.91965955 0.91898608 0.91788113 ... 0.00243736 0.00112059 0.        ],pharmaceutical,[ 100  102  104 ... 3194 3196 3198],43.18838083036648,2,"{'cosmic_spike': False, 'fluorescence': True}"
RS_1162,[0.1873481  0.18562386 0.18408854 ... 0.53559031 0.53100898 0.53501615],pharmaceutical,[ 100  102  104 ... 3194 3196 3198],47.67070315537678,2,"{'cosmic_spike': False, 'fluorescence': False}"
RS_1163,"[8.33061609e-01 8.33946408e-01 8.35061065e-01 ... 3.07677718e-03
 6.12528601e-04 0.00000000e+00]",pharmaceutical,[ 100  102  104 ... 3194 3196 3198],88.60929612651917,2,"{'cosmic_spike': False, 'fluorescence': False}"
RS_1164,[0.09089279 0.09073662 0.09207551 ... 0.18228283 0.1831112  0.18333953],pharmaceutical,[ 100  102  104 ... 3194 3196 3198],108.06774511832208,2,"{'cosmic_spike': False, 'fluorescence': False}"
RS_1165,[0.         0.00102184 0.00233188 ... 0.7205804  0.72075657 0.71973599],pharmaceutical,[ 100  102  104 ... 3194 3196 3198],99.77324289569674,2,"{'cosmic_spike': False, 'fluorescence': True}"
RS_1166,[0.2250522  0.2280437  0.22699652 ... 0.00635231 0.00333952 0.        ],pharmaceutical,[ 100  102  104 ... 3194 3196 3198],37.430240825576114,2,"{'cosmic_spike': False, 'fluorescence': False}"
RS_1167,"[2.63037181e-02 2.36776653e-02 6.41094623e-04 ... 7.40933449e-01
 7.47327080e-01 7.14795700e-01]",pharmaceutical,[ 100  102  104 ... 3194 3196 3198],21.8065724863755,2,"{'cosmic_spike': False, 'fluorescence': False}"
RS_1168,[0.14831856 0.09674684 0.13862732 ... 0.69553034 0.6787258  0.77717382],pharmaceutical,[ 100  102  104 ... 3194 3196 3198],18.44782121777535,2,"{'cosmic_spike': False, 'fluorescence': False}"
RS_1169,"[1.64095792e-01 1.64426355e-01 1.64072440e-01 ... 4.48073876e-04
 0.00000000e+00 2.85724435e-06]",pharmaceutical,[ 100  102  104 ... 3194 3196 3198],49.44244629102443,2,"{'cosmic_spike': False, 'fluorescence': False}"
RS_1170,[0.10444344 0.10401087 0.10357755 ... 0.91756671 0.91844233 0.92062259],pharmaceutical,[ 100  102  104 ... 3194 3196 3198],85.95081875097642,2,"{'cosmic_spike': False, 'fluorescence': False}"
RS_1171,[0.33824416 0.33924298 0.3403299  ... 0.00143122 0.00064919 0.        ],pharmaceutical,[ 100  102  104 ... 3194 3196 3198],61.609155811597226,2,"{'cosmic_spike': False, 'fluorescence': True}"
RS_1172,[0.02847285 0.02872127 0.02636803 ... 0.50971908 0.51209741 0.51303659],pharmaceutical,[ 100  102  104 ... 3194 3196 3198],113.73011277748024,2,"{'cosmic_spike': False, 'fluorescence': False}"
RS_1173,[0.2504336  0.2509342  0.2500889  ... 0.5943553  0.5753864  0.55857455],pharmaceutical,[ 100  102  104 ... 3194 3196 3198],56.13556523045928,2,"{'cosmic_spike': False, 'fluorescence': False}"
RS_1174,"[8.25786542e-01 8.24382128e-01 8.24732170e-01 ... 6.16254604e-04
 3.63324433e-05 0.00000000e+00]",pharmaceutical,[ 100  102  104 ... 3194 3196 3198],116.7590023799117,2,"{'cosmic_spike': False, 'fluorescence': True}"
RS_1175,[0.00553749 0.00084693 0.00397164 ... 0.51415953 0.51384909 0.50994788],pharmaceutical,[ 100  102  104 ... 3194 3196 3198],35.882098422239686,2,"{'cosmic_spike': False, 'fluorescence': False}"
RS_1176,[0.         0.00146651 0.00210516 ... 0.7104729  0.71097833 0.71178899],pharmaceutical,[ 100  102  104 ... 3194 3196 3198],139.58263059267142,2,"{'cosmic_spike': False, 'fluorescence': False}"
RS_1177,[0.         0.00277928 0.00291205 ... 0.25897763 0.25578832 0.2534584 ],pharmaceutical,[ 100  102  104 ... 3194 3196 3198],44.463246958917075,2,"{'cosmic_spike': False, 'fluorescence': True}"
RS_1178,[0.         0.00179163 0.00131034 ... 0.67593859 0.67521565 0.67546715],pharmaceutical,[ 100  102  104 ... 3194 3196 3198],61.09652253996592,2,"{'cosmic_spike': False, 'fluorescence': False}"
RS_1179,[0.         0.00080714 0.00254639 ... 0.35992033 0.35915859 0.35899949],pharmaceutical,[ 100  102  104 ... 3194 3196 3198],136.60246022426696,2,"{'cosmic_spike': False, 'fluorescence': False}"
RS_1180,[0.31219442 0.31718527 0.32244255 ... 0.00948384 0.         0.00865824],pharmaceutical,[ 100  102  104 ... 3194 3196 3198],33.34057568745928,2,"{'cosmic_spike': False, 'fluorescence': True}"
RS_1181,"[0.00000000e+00 3.88768515e-06 2.18252857e-04 ... 1.89756270e-02
 1.87707668e-02 1.87063141e-02]",pharmaceutical,[ 100  102  104 ... 3194 3196 3198],77.01712851858008,2,"{'cosmic_spike': False, 'fluorescence': False}"
RS_1182,[0.61950696 0.61693856 0.61548725 ... 0.99472169 0.99831426 1.        ],pharmaceutical,[ 100  102  104 ... 3194 3196 3198],129.2445803009722,2,"{'cosmic_spike': False, 'fluorescence': False}"
RS_1183,[0.1225998  0.12202375 0.12033441 ... 0.31959473 0.31673177 0.32023509],pharmaceutical,[ 100  102  104 ... 3194 3196 3198],37.47147469206672,2,"{'cosmic_spike': False, 'fluorescence': False}"
RS_1184,"[2.01432377e-03 1.49008709e-05 0.00000000e+00 ... 9.38431349e-02
 9.47050067e-02 9.47479893e-02]",pharmaceutical,[ 100  102  104 ... 3194 3196 3198],127.15674375613466,2,"{'cosmic_spike': True, 'fluorescence': False}"
RS_1185,[0.11590206 0.1140736  0.11562783 ... 0.14296336 0.14427292 0.14294414],pharmaceutical,[ 100  102  104 ... 3194 3196 3198],108.50099180117081,2,"{'cosmic_spike': False, 'fluorescence': False}"
RS_1186,[0.00565568 0.01318293 0.02010456 ... 0.99743094 1.         0.98007147],pharmaceutical,[ 100  102  104 ... 3194 3196 3198],33.8788520228105,2,"{'cosmic_spike': False, 'fluorescence': True}"
RS_1187,[0.         0.00115336 0.00242369 ... 0.89451571 0.89450395 0.89520732],pharmaceutical,[ 100  102  104 ... 3194 3196 3198],83.82623439995209,2,"{'cosmic_spike': False, 'fluorescence': False}"
RS_1188,[0.10314552 0.10279664 0.10301938 ... 0.8203367  0.82042422 0.82163156],pharmaceutical,[ 100  102  104 ... 3194 3196 3198],114.07997262251222,2,"{'cosmic_spike': False, 'fluorescence': False}"
RS_1189,[0.28779519 0.29440318 0.2968477  ... 0.09304207 0.08388922 0.09703146],pharmaceutical,[ 100  102  104 ... 3194 3196 3198],29.55290781367388,2,"{'cosmic_spike': False, 'fluorescence': False}"
RS_1190,[0.04592776 0.04674547 0.04626715 ... 0.8347181  0.83459173 0.83735281],pharmaceutical,[ 100  102  104 ... 3194 3196 3198],146.10862837852616,2,"{'cosmic_spike': False, 'fluorescence': False}"
RS_1191,[0.26326372 0.26540027 0.26605956 ... 0.00207021 0.00113693 0.        ],pharmaceutical,[ 100  102  104 ... 3194 3196 3198],137.81461318458923,2,"{'cosmic_spike': False, 'fluorescence': False}"
RS_1192,[0.04696571 0.04528585 0.04652368 ... 0.35749798 0.35855206 0.35675068],pharmaceutical,[ 100  102  104 ... 3194 3196 3198],89.41341868258687,2,"{'cosmic_spike': False, 'fluorescence': False}"
RS_1193,[0.48478008 0.48493654 0.48408663 ... 0.00528154 0.00301052 0.        ],pharmaceutical,[ 100  102  104 ... 3194 3196 3198],55.550425490854316,2,"{'cosmic_spike': False, 'fluorescence': True}"
RS_1194,[1.         0.99659081 0.99572377 ... 0.53449797 0.53926133 0.53776811],pharmaceutical,[ 100  102  104 ... 3194 3196 3198],65.45662524012499,2,"{'cosmic_spike': False, 'fluorescence': True}"
RS_1195,[0.27143421 0.2692278  0.26848343 ... 0.01277219 0.01012798 0.00803628],pharmaceutical,[ 100  102  104 ... 3194 3196 3198],75.03019326013215,2,"{'cosmic_spike': False, 'fluorescence': False}"
RS_1196,[1.         0.99836372 0.99525848 ... 0.32409629 0.32339684 0.32692605],pharmaceutical,[ 100  102  104 ... 3194 3196 3198],120.95490569587615,2,"{'cosmic_spike': False, 'fluorescence': False}"
RS_1197,[0.22266533 0.22302635 0.22307087 ... 0.52705721 0.52762959 0.52854605],pharmaceutical,[ 100  102  104 ... 3194 3196 3198],133.27270416250948,2,"{'cosmic_spike': False, 'fluorescence': False}"
RS_1198,[0.82549872 0.82425041 0.82180798 ... 0.34264153 0.34296315 0.34330604],pharmaceutical,[ 100  102  104 ... 3194 3196 3198],60.73279616529439,2,"{'cosmic_spike': False, 'fluorescence': False}"
RS_1199,[0.         0.00180298 0.00254985 ... 0.33316751 0.33194858 0.3318039 ],pharmaceutical,[ 100  102  104 ... 3194 3196 3198],103.44521180734931,2,"{'cosmic_spike': True, 'fluorescence': True}"
RS_1200,[0.03786419 0.03904496 0.03999767 ... 0.00308972 0.00553307 0.00436453],biological,[ 100  102  104 ... 3194 3196 3198],41.26133174341297,2,"{'cosmic_spike': False, 'fluorescence': False}"
RS_1201,[0.26369389 0.2613988  0.26223239 ... 0.12420564 0.12469809 0.12507649],biological,[ 100  102  104 ... 3194 3196 3198],48.80827730570758,2,"{'cosmic_spike': True, 'fluorescence': False}"
RS_1202,[0.13973356 0.13983377 0.13968964 ... 0.00038941 0.         0.00046547],biological,[ 100  102  104 ... 3194 3196 3198],76.24435975838257,2,"{'cosmic_spike': False, 'fluorescence': False}"
RS_1203,[0.20809747 0.21245507 0.20972253 ... 0.01147805 0.01258516 0.01566494],biological,[ 100  102  104 ... 3194 3196 3198],34.77947155375007,2,"{'cosmic_spike': False, 'fluorescence': True}"
RS_1204,[0.         0.00120224 0.00060395 ... 0.20686086 0.20656299 0.20623465],biological,[ 100  102  104 ... 3194 3196 3198],49.787525910905124,2,"{'cosmic_spike': False, 'fluorescence': False}"
RS_1205,[0.1359958  0.13607939 0.13608854 ... 0.00029277 0.00029777 0.        ],biological,[ 100  102  104 ... 3194 3196 3198],65.96373025043938,2,"{'cosmic_spike': False, 'fluorescence': False}"
RS_1206,[0.15996639 0.16032198 0.15999838 ... 0.01665107 0.01654323 0.0167831 ],biological,[ 100  102  104 ... 3194 3196 3198],53.72408880322623,2,"{'cosmic_spike': False, 'fluorescence': False}"
RS_1207,[0.20548449 0.20462614 0.20436297 ... 0.00174601 0.00094172 0.        ],biological,[ 100  102  104 ... 3194 3196 3198],51.88057315169097,2,"{'cosmic_spike': False, 'fluorescence': False}"
RS_1208,[0.01505107 0.03216415 0.00785759 ... 0.06827592 0.04815037 0.07233771],biological,[ 100  102  104 ... 3194 3196 3198],22.592626064139814,2,"{'cosmic_spike': False, 'fluorescence': False}"
RS_1209,[0.11829569 0.21169576 0.11802183 ... 0.20135448 0.20037148 0.15165758],biological,[ 100  102  104 ... 3194 3196 3198],8.907522535592154,2,"{'cosmic_spike': True, 'fluorescence': False}"
RS_1210,"[3.45404753e-01 3.44808869e-01 3.45004519e-01 ... 4.64985990e-04
 0.00000000e+00 1.82498078e-04]",biological,[ 100  102  104 ... 3194 3196 3198],59.25873605504462,2,"{'cosmic_spike': False, 'fluorescence': False}"
RS_1211,[0.21461422 0.21484798 0.21461169 ... 0.00042469 0.00048155 0.        ],biological,[ 100  102  104 ... 3194 3196 3198],70.71179942560791,2,"{'cosmic_spike': True, 'fluorescence': False}"
RS_1212,[0.44172105 0.42919071 0.44019928 ... 0.00044369 0.00346679 0.01244167],biological,[ 100  102  104 ... 3194 3196 3198],25.543580700619614,2,"{'cosmic_spike': False, 'fluorescence': False}"
RS_1213,[0.16842775 0.16846387 0.1674434  ... 0.06132787 0.06238621 0.0616112 ],biological,[ 100  102  104 ... 3194 3196 3198],57.21220492039282,2,"{'cosmic_spike': False, 'fluorescence': True}"
RS_1214,[0.01371089 0.00863543 0.01161406 ... 0.12264486 0.11773055 0.1072766 ],biological,[ 100  102  104 ... 3194 3196 3198],29.43022242546373,2,"{'cosmic_spike': True, 'fluorescence': True}"
RS_1215,[0.16700899 0.19209609 0.07831785 ... 0.18385196 0.25346658 0.18696634],biological,[ 100  102  104 ... 3194 3196 3198],6.688362252768766,2,"{'cosmic_spike': False, 'fluorescence': False}"
RS_1216,[0.         0.02911133 0.00763562 ... 0.0531221  0.04948335 0.06590332],biological,[ 100  102  104 ... 3194 3196 3198],29.265963884812976,2,"{'cosmic_spike': False, 'fluorescence': False}"
RS_1217,"[3.90756386e-01 3.90910946e-01 3.90870659e-01 ... 5.56305896e-04
 3.53844548e-04 0.00000000e+00]",biological,[ 100  102  104 ... 3194 3196 3198],74.42340072456325,2,"{'cosmic_spike': False, 'fluorescence': True}"
RS_1218,[0.33394865 0.33335759 0.3326684  ... 0.11270556 0.11286753 0.11380847],biological,[ 100  102  104 ... 3194 3196 3198],78.42819457256752,2,"{'cosmic_spike': True, 'fluorescence': False}"
RS_1219,[0.04366004 0.04380269 0.04400415 ... 0.00019152 0.00033833 0.        ],biological,[ 100  102  104 ... 3194 3196 3198],72.04313190690661,2,"{'cosmic_spike': False, 'fluorescence': True}"
RS_1220,[0.25653602 0.31074253 0.28765917 ... 0.         0.19374738 0.13688721],biological,[ 100  102  104 ... 3194 3196 3198],9.64624797663507,2,"{'cosmic_spike': False, 'fluorescence': False}"
RS_1221,[0.0024424  0.         0.00343806 ... 0.195425   0.1938142  0.19427804],biological,[ 100  102  104 ... 3194 3196 3198],42.14220495272438,2,"{'cosmic_spike': False, 'fluorescence': True}"
RS_1222,[0.13759778 0.14059401 0.13139878 ... 0.01022093 0.02423948 0.00867269],biological,[ 100  102  104 ... 3194 3196 3198],33.29872807149607,2,"{'cosmic_spike': False, 'fluorescence': True}"
RS_1223,[0.         0.00032694 0.00043987 ... 0.06352892 0.06338791 0.06320824],biological,[ 100  102  104 ... 3194 3196 3198],72.11125837081129,2,"{'cosmic_spike': False, 'fluorescence': False}"
RS_1224,[0.03366017 0.03393773 0.03438162 ... 0.00044821 0.00017037 0.        ],biological,[ 100  102  104 ... 3194 3196 3198],75.46772615474578,2,"{'cosmic_spike': False, 'fluorescence': False}"
RS_1225,[0.12398648 0.12370487 0.12408272 ... 0.28385991 0.28408846 0.28495369],biological,[ 100  102  104 ... 3194 3196 3198],71.40282579145625,2,"{'cosmic_spike': False, 'fluorescence': False}"
RS_1226,[0.16428472 0.16410169 0.16355906 ... 0.06720446 0.06742903 0.06768496],biological,[ 100  102  104 ... 3194 3196 3198],64.62519142449077,2,"{'cosmic_spike': False, 'fluorescence': False}"
RS_1227,"[8.43307836e-02 8.48430035e-02 8.48821194e-02 ... 5.45648346e-04
 1.33405865e-05 0.00000000e+00]",biological,[ 100  102  104 ... 3194 3196 3198],64.41039169624574,2,"{'cosmic_spike': False, 'fluorescence': False}"
RS_1228,[0.1004788  0.0751198  0.09069994 ... 0.22530236 0.12245708 0.20199648],biological,[ 100  102  104 ... 3194 3196 3198],15.217804103006491,2,"{'cosmic_spike': False, 'fluorescence': False}"
RS_1229,"[1.01004549e-01 1.01015943e-01 1.01085475e-01 ... 2.35699841e-04
 2.19071641e-04 1.86531018e-05]",biological,[ 100  102  104 ... 3194 3196 3198],55.83561661071725,2,"{'cosmic_spike': False, 'fluorescence': False}"
RS_1230,[0.03624992 0.035856   0.03598641 ... 0.00032078 0.         0.00034197],biological,[ 100  102  104 ... 3194 3196 3198],70.58026035571514,2,"{'cosmic_spike': False, 'fluorescence': False}"
RS_1231,[0.05491731 0.05457499 0.05499664 ... 0.06418837 0.06510201 0.06537355],biological,[ 100  102  104 ... 3194 3196 3198],54.55992096386157,2,"{'cosmic_spike': False, 'fluorescence': False}"
RS_1232,[0.         0.00044    0.00164777 ... 0.24460711 0.2446106  0.24546018],biological,[ 100  102  104 ... 3194 3196 3198],51.188541500346794,2,"{'cosmic_spike': False, 'fluorescence': True}"
RS_1233,"[3.87349004e-02 3.84692611e-02 3.86794745e-02 ... 3.67781636e-04
 0.00000000e+00 7.24337067e-05]",biological,[ 100  102  104 ... 3194 3196 3198],68.74222777371902,2,"{'cosmic_spike': False, 'fluorescence': False}"
RS_1234,[0.0411198  0.02665559 0.04284561 ... 0.19257468 0.14386134 0.15673507],biological,[ 100  102  104 ... 3194 3196 3198],19.532832734299003,2,"{'cosmic_spike': False, 'fluorescence': False}"
RS_1235,"[3.02828899e-01 3.02606917e-01 3.02492986e-01 ... 3.28231842e-04
 1.27450840e-04 0.00000000e+00]",biological,[ 100  102  104 ... 3194 3196 3198],75.98684751364642,2,"{'cosmic_spike': True, 'fluorescence': True}"
RS_1236,[0.04913009 0.04930832 0.04994173 ... 0.00048029 0.00032163 0.        ],biological,[ 100  102  104 ... 3194 3196 3198],73.4552389400823,2,"{'cosmic_spike': False, 'fluorescence': False}"
RS_1237,[0.25447728 0.19813237 0.16694458 ... 0.18625934 0.15574472 0.20060813],biological,[ 100  102  104 ... 3194 3196 3198],19.087948492145653,2,"{'cosmic_spike': False, 'fluorescence': False}"
RS_1238,"[3.34755649e-01 3.34774992e-01 3.34382231e-01 ... 3.42332580e-04
 1.45355576e-04 0.00000000e+00]",biological,[ 100  102  104 ... 3194 3196 3198],68.82535475262554,2,"{'cosmic_spike': False, 'fluorescence': False}"
RS_1239,[0.38632633 0.30425492 0.40993965 ... 0.10713202 0.11610479 0.02819351],biological,[ 100  102  104 ... 3194 3196 3198],8.02647962198795,2,"{'cosmic_spike': False, 'fluorescence': False}"
RS_1240,[0.1161283  0.1197547  0.11884763 ... 0.01006839 0.01448448 0.00948737],biological,[ 100  102  104 ... 3194 3196 3198],34.217646839687674,2,"{'cosmic_spike': False, 'fluorescence': False}"
RS_1241,[0.04550101 0.05447496 0.05635169 ... 0.19682694 0.21254412 0.21471608],biological,[ 100  102  104 ... 3194 3196 3198],23.51608078245754,2,"{'cosmic_spike': False, 'fluorescence': True}"
RS_1242,[0.01326203 0.01359922 0.01412407 ... 0.0003505  0.00018592 0.        ],biological,[ 100  102  104 ... 3194 3196 3198],72.86336790047375,2,"{'cosmic_spike': False, 'fluorescence': True}"
RS_1243,[0.02237648 0.01306419 0.01760429 ... 0.1810779  0.18027846 0.19261687],biological,[ 100  102  104 ... 3194 3196 3198],26.525189618251094,2,"{'cosmic_spike': False, 'fluorescence': False}"
RS_1244,[0.         0.00055047 0.00049145 ... 0.03046278 0.03048348 0.03057115],biological,[ 100  102  104 ... 3194 3196 3198],70.70847299048147,2,"{'cosmic_spike': False, 'fluorescence': True}"
RS_1245,[0.14300172 0.14173619 0.14214582 ... 0.25260803 0.25403218 0.25518686],biological,[ 100  102  104 ... 3194 3196 3198],55.58560012498327,2,"{'cosmic_spike': True, 'fluorescence': True}"
RS_1246,"[1.54456099e-01 1.54331395e-01 1.54486768e-01 ... 1.61043473e-04
 0.00000000e+00 1.73041211e-05]",biological,[ 100  102  104 ... 3194 3196 3198],74.79566492868624,2,"{'cosmic_spike': False, 'fluorescence': False}"
RS_1247,[0.20991913 0.21030538 0.20949761 ... 0.03710644 0.03722649 0.03747543],biological,[ 100  102  104 ... 3194 3196 3198],74.17245460117671,2,"{'cosmic_spike': False, 'fluorescence': False}"
RS_1248,[0.03460684 0.03462003 0.03492302 ... 0.00030579 0.00021431 0.        ],biological,[ 100  102  104 ... 3194 3196 3198],67.54215075581874,2,"{'cosmic_spike': False, 'fluorescence': False}"
RS_1249,[0.14244778 0.14606213 0.14207853 ... 0.00472674 0.00841047 0.0017661 ],biological,[ 100  102  104 ... 3194 3196 3198],38.07167545097392,2,"{'cosmic_spike': False, 'fluorescence': False}"
RS_1250,[0.1100064  0.11271378 0.14490574 ... 0.07991788 0.23441801 0.22666002],biological,[ 100  102  104 ... 3194 3196 3198],7.156786749424494,2,"{'cosmic_spike': False, 'fluorescence': False}"
RS_1251,[0.         0.00046756 0.00089502 ... 0.09251863 0.09188688 0.09231271],biological,[ 100  102  104 ... 3194 3196 3198],76.4978135533574,2,"{'cosmic_spike': False, 'fluorescence': False}"
RS_1252,[0.05914253 0.04798465 0.03656848 ... 0.08957262 0.13322684 0.14780884],biological,[ 100  102  104 ... 3194 3196 3198],18.159867481434027,2,"{'cosmic_spike': False, 'fluorescence': False}"
RS_1253,[0.00965717 0.01925151 0.01198961 ... 0.34058362 0.34913251 0.36126077],biological,[ 100  102  104 ... 3194 3196 3198],26.478271484154618,2,"{'cosmic_spike': False, 'fluorescence': False}"
RS_1254,"[7.44290445e-02 7.45513739e-02 7.42855547e-02 ... 2.11372392e-04
 1.80216999e-05 2.74251532e-04]",biological,[ 100  102  104 ... 3194 3196 3198],76.98172354978632,2,"{'cosmic_spike': True, 'fluorescence': False}"
RS_1255,[0.00300881 0.00296233 0.00292283 ... 0.01262561 0.01261503 0.0124409 ],biological,[ 100  102  104 ... 3194 3196 3198],79.52572705665683,2,"{'cosmic_spike': False, 'fluorescence': False}"
RS_1256,[0.42269307 0.41685335 0.36645377 ... 0.04054013 0.05181028 0.07540005],biological,[ 100  102  104 ... 3194 3196 3198],13.17699049317267,2,"{'cosmic_spike': False, 'fluorescence': False}"
RS_1257,"[0.00000000e+00 6.00006594e-06 2.79107095e-05 ... 6.63924790e-02
 6.65221188e-02 6.62810915e-02]",biological,[ 100  102  104 ... 3194 3196 3198],70.85137850072277,2,"{'cosmic_spike': True, 'fluorescence': False}"
RS_1258,[0.26179365 0.26199038 0.25455135 ... 0.00862973 0.02888687 0.01464307],biological,[ 100  102  104 ... 3194 3196 3198],23.083274655834668,2,"{'cosmic_spike': False, 'fluorescence': False}"
RS_1259,[0.1839149  0.14776061 0.16337592 ... 0.04397078 0.05402069 0.07178928],biological,[ 100  102  104 ... 3194 3196 3198],18.265893181019567,2,"{'cosmic_spike': False, 'fluorescence': True}"
RS_1260,[0.24589862 0.13942952 0.15858896 ... 0.37957299 0.41468719 0.38827648],biological,[ 100  102  104 ... 3194 3196 3198],10.763250461143269,2,"{'cosmic_spike': False, 'fluorescence': False}"
RS_1261,[0.2165571  0.21617518 0.21573641 ... 0.03395687 0.0343579  0.03468766],biological,[ 100  102  104 ... 3194 3196 3198],76.72503820158151,2,"{'cosmic_spike': False, 'fluorescence': False}"
RS_1262,[0.04585859 0.0461587  0.04563033 ... 0.27533985 0.27630651 0.27627032],biological,[ 100  102  104 ... 3194 3196 3198],67.32954950137734,2,"{'cosmic_spike': False, 'fluorescence': False}"
RS_1263,[0.         0.00020893 0.0011734  ... 0.17364541 0.17357151 0.17388306],biological,[ 100  102  104 ... 3194 3196 3198],68.8958674330459,2,"{'cosmic_spike': False, 'fluorescence': False}"
RS_1264,[0.10110679 0.10139449 0.10065402 ... 0.02080413 0.0195455  0.0212943 ],biological,[ 100  102  104 ... 3194 3196 3198],41.736546333527585,2,"{'cosmic_spike': False, 'fluorescence': False}"
RS_1265,[0.03065144 0.03131879 0.03003716 ... 0.23437968 0.23623186 0.23568829],biological,[ 100  102  104 ... 3194 3196 3198],44.64786725379294,2,"{'cosmic_spike': False, 'fluorescence': True}"
RS_1266,[0.02707823 0.02906835 0.02832881 ... 0.10287425 0.08699086 0.09579994],biological,[ 100  102  104 ... 3194 3196 3198],21.69863220282934,2,"{'cosmic_spike': False, 'fluorescence': False}"
RS_1267,[0.0106869  0.00841869 0.01132457 ... 0.11370204 0.11548243 0.11806211],biological,[ 100  102  104 ... 3194 3196 3198],40.281091602705374,2,"{'cosmic_spike': False, 'fluorescence': True}"
RS_1268,[0.1264218  0.12369389 0.1354323  ... 0.04660129 0.0402516  0.05570371],biological,[ 100  102  104 ... 3194 3196 3198],28.572579376705477,2,"{'cosmic_spike': False, 'fluorescence': False}"
RS_1269,[0.         0.00073396 0.00125883 ... 0.206729   0.20714708 0.20792116],biological,[ 100  102  104 ... 3194 3196 3198],50.08235153762349,2,"{'cosmic_spike': False, 'fluorescence': False}"
RS_1270,[0.04534852 0.04542752 0.0456414  ... 0.00038944 0.00035352 0.        ],biological,[ 100  102  104 ... 3194 3196 3198],65.10238932141671,2,"{'cosmic_spike': False, 'fluorescence': False}"
RS_1271,[0.28372891 0.28631759 0.28925402 ... 0.         0.00786451 0.00217162],biological,[ 100  102  104 ... 3194 3196 3198],34.422534652413354,2,"{'cosmic_spike': False, 'fluorescence': False}"
RS_1272,[0.22592999 0.36822671 0.25156596 ... 0.01259266 0.12602621 0.        ],biological,[ 100  102  104 ... 3194 3196 3198],5.634748393321064,2,"{'cosmic_spike': False, 'fluorescence': False}"
RS_1273,[0.00031369 0.         0.00028833 ... 0.23784411 0.23835961 0.23806047],biological,[ 100  102  104 ... 3194 3196 3198],78.79844661023499,2,"{'cosmic_spike': False, 'fluorescence': False}"
RS_1274,[0.18242206 0.10921456 0.20853934 ... 0.09915587 0.09257272 0.04259217],biological,[ 100  102  104 ... 3194 3196 3198],14.089571355119357,2,"{'cosmic_spike': False, 'fluorescence': False}"
RS_1275,[0.03156824 0.04358201 0.03103176 ... 0.19388408 0.16606673 0.15425727],biological,[ 100  102  104 ... 3194 3196 3198],20.88058102438881,2,"{'cosmic_spike': False, 'fluorescence': True}"
RS_1276,[0.02499732 0.05247989 0.03568482 ... 0.30739561 0.28767504 0.2868114 ],biological,[ 100  102  104 ... 3194 3196 3198],23.98301119573241,2,"{'cosmic_spike': False, 'fluorescence': False}"
RS_1277,"[1.54263665e-01 1.55800575e-01 1.54519394e-01 ... 4.86289875e-04
 4.72779702e-05 0.00000000e+00]",biological,[ 100  102  104 ... 3194 3196 3198],51.04253521561533,2,"{'cosmic_spike': False, 'fluorescence': False}"
RS_1278,[0.00415018 0.00787986 0.01118565 ... 0.10649761 0.09752535 0.10163116],biological,[ 100  102  104 ... 3194 3196 3198],31.39921549987267,2,"{'cosmic_spike': False, 'fluorescence': False}"
RS_1279,[0.05361658 0.07485411 0.06060288 ... 0.05919812 0.06089952 0.06276569],biological,[ 100  102  104 ... 3194 3196 3198],28.030326319974144,2,"{'cosmic_spike': False, 'fluorescence': True}"
RS_1280,[0.14881901 0.16197584 0.16429535 ... 0.11425297 0.13932584 0.1619695 ],biological,[ 100  102  104 ... 3194 3196 3198],18.542877919603495,2,"{'cosmic_spike': False, 'fluorescence': False}"
RS_1281,[0.00037586 0.00028919 0.00036196 ... 0.17657422 0.1764705  0.17708694],biological,[ 100  102  104 ... 3194 3196 3198],78.72172975901984,2,"{'cosmic_spike': False, 'fluorescence': False}"
RS_1282,"[2.24617611e-01 2.24582221e-01 2.24243085e-01 ... 4.95793395e-04
 2.04635629e-04 0.00000000e+00]",biological,[ 100  102  104 ... 3194 3196 3198],57.2941083067608,2,"{'cosmic_spike': False, 'fluorescence': True}"
RS_1283,"[0.00000000e+00 3.26008855e-04 6.13849642e-04 ... 4.06465593e-01
 4.06688677e-01 4.07159850e-01]",biological,[ 100  102  104 ... 3194 3196 3198],59.44964069751602,2,"{'cosmic_spike': False, 'fluorescence': False}"
RS_1284,[0.10216744 0.09086933 0.08283321 ... 0.39463329 0.39631796 0.39414277],biological,[ 100  102  104 ... 3194 3196 3198],25.97844442327398,2,"{'cosmic_spike': False, 'fluorescence': False}"
RS_1285,[0.13436772 0.13380628 0.1334676  ... 0.23047761 0.23123815 0.23158934],biological,[ 100  102  104 ... 3194 3196 3198],79.55861046159139,2,"{'cosmic_spike': False, 'fluorescence': False}"
RS_1286,"[2.76249551e-01 2.75980889e-01 2.75559265e-01 ... 7.16202333e-05
 9.70594241e-05 0.00000000e+00]",biological,[ 100  102  104 ... 3194 3196 3198],68.0820951738862,2,"{'cosmic_spike': False, 'fluorescence': False}"
RS_1287,[0.25251503 0.298678   0.28216246 ... 0.21953753 0.26484389 0.32305654],biological,[ 100  102  104 ... 3194 3196 3198],7.914840605606295,2,"{'cosmic_spike': False, 'fluorescence': False}"
RS_1288,[0.46763228 0.46119289 0.47297108 ... 0.02377977 0.00254396 0.00874389],biological,[ 100  102  104 ... 3194 3196 3198],30.99613365539664,2,"{'cosmic_spike': False, 'fluorescence': True}"
RS_1289,[0.07588356 0.19990488 0.09498813 ... 0.25201955 0.28957554 0.17102207],biological,[ 100  102  104 ... 3194 3196 3198],7.297207204806948,2,"{'cosmic_spike': False, 'fluorescence': False}"
RS_1290,[0.16910681 0.16959496 0.16962734 ... 0.00067483 0.00065822 0.        ],biological,[ 100  102  104 ... 3194 3196 3198],64.0827510861599,2,"{'cosmic_spike': False, 'fluorescence': False}"
RS_1291,[0.14274994 0.14336374 0.14355571 ... 0.00058896 0.00028783 0.        ],biological,[ 100  102  104 ... 3194 3196 3198],71.62791535254217,2,"{'cosmic_spike': False, 'fluorescence': False}"
RS_1292,[0.02252768 0.02465278 0.02442402 ... 0.16647993 0.16653444 0.16710805],biological,[ 100  102  104 ... 3194 3196 3198],40.41032664832948,2,"{'cosmic_spike': False, 'fluorescence': False}"
RS_1293,[0.0032142  0.00311045 0.00388362 ... 0.26713207 0.26867521 0.26939232],biological,[ 100  102  104 ... 3194 3196 3198],39.70024260446182,2,"{'cosmic_spike': False, 'fluorescence': False}"
RS_1294,"[5.08146459e-05 0.00000000e+00 6.26015803e-04 ... 5.87778436e-01
 5.87950730e-01 5.88566166e-01]",biological,[ 100  102  104 ... 3194 3196 3198],58.761834013407785,2,"{'cosmic_spike': False, 'fluorescence': False}"
RS_1295,[0.22296056 0.22410687 0.22242064 ... 0.         0.00254219 0.00202641],biological,[ 100  102  104 ... 3194 3196 3198],39.39512721677307,2,"{'cosmic_spike': False, 'fluorescence': False}"
RS_1296,[0.00399427 0.00382882 0.00225951 ... 0.23264831 0.23064337 0.22927834],biological,[ 100  102  104 ... 3194 3196 3198],38.018954321763395,2,"{'cosmic_spike': False, 'fluorescence': False}"
RS_1297,[0.1037306  0.10777604 0.10291426 ... 0.00294574 0.         0.00186181],biological,[ 100  102  104 ... 3194 3196 3198],34.11227123563204,2,"{'cosmic_spike': False, 'fluorescence': False}"
RS_1298,[0.         0.00055687 0.00159087 ... 0.27771409 0.2777345  0.27704585],biological,[ 100  102  104 ... 3194 3196 3198],56.08193924196338,2,"{'cosmic_spike': False, 'fluorescence': False}"
RS_1299,[0.18839107 0.28420761 0.20583813 ... 0.14956291 0.17046294 0.12743691],biological,[ 100  102  104 ... 3194 3196 3198],17.929505516448764,2,"{'cosmic_spike': False, 'fluorescence': False}"
RS_1300,[0.20387564 0.20321515 0.20351844 ... 0.0254806  0.02532505 0.02552708],biological,[ 100  102  104 ... 3194 3196 3198],69.2687275334592,2,"{'cosmic_spike': False, 'fluorescence': True}"
RS_1301,[0.30390378 0.32252744 0.22153237 ... 0.12014277 0.17532248 0.21458227],biological,[ 100  102  104 ... 3194 3196 3198],8.235519421081207,2,"{'cosmic_spike': False, 'fluorescence': False}"
RS_1302,[0.00863419 0.00949748 0.00817391 ... 0.09819904 0.0976028  0.09788731],biological,[ 100  102  104 ... 3194 3196 3198],55.31438221812243,2,"{'cosmic_spike': False, 'fluorescence': True}"
RS_1303,[0.09808203 0.02572895 0.06274977 ... 0.16829662 0.12412903 0.11964961],biological,[ 100  102  104 ... 3194 3196 3198],15.568018510855278,2,"{'cosmic_spike': False, 'fluorescence': False}"
RS_1304,[0.24991886 0.24971324 0.2491709  ... 0.00039678 0.00049023 0.00073804],biological,[ 100  102  104 ... 3194 3196 3198],54.601185882289165,2,"{'cosmic_spike': False, 'fluorescence': True}"
RS_1305,[0.08970356 0.07063386 0.05686504 ... 0.46591776 0.49190243 0.52043567],biological,[ 100  102  104 ... 3194 3196 3198],12.719238440587675,2,"{'cosmic_spike': True, 'fluorescence': False}"
RS_1306,[0.01621519 0.02018477 0.02349859 ... 0.19721487 0.19709967 0.18533479],biological,[ 100  102  104 ... 3194 3196 3198],28.204052481025354,2,"{'cosmic_spike': False, 'fluorescence': True}"
RS_1307,[0.13294787 0.13482821 0.13213658 ... 0.00110826 0.         0.00166603],biological,[ 100  102  104 ... 3194 3196 3198],42.95682473049291,2,"{'cosmic_spike': False, 'fluorescence': False}"
RS_1308,[0.14152069 0.16403795 0.12145496 ... 0.01307395 0.01297175 0.00884239],biological,[ 100  102  104 ... 3194 3196 3198],26.16562670436781,2,"{'cosmic_spike': False, 'fluorescence': False}"
RS_1309,[0.23661009 0.21791981 0.19481737 ... 0.00736371 0.09903132 0.01755885],biological,[ 100  102  104 ... 3194 3196 3198],15.511652644437708,2,"{'cosmic_spike': False, 'fluorescence': False}"
RS_1310,[0.1805423  0.17836502 0.18248931 ... 0.0047548  0.01497998 0.01164704],biological,[ 100  102  104 ... 3194 3196 3198],28.10432856382168,2,"{'cosmic_spike': False, 'fluorescence': False}"
RS_1311,[0.         0.00062197 0.00047227 ... 0.04261841 0.04184791 0.04203524],biological,[ 100  102  104 ... 3194 3196 3198],49.38135123047185,2,"{'cosmic_spike': False, 'fluorescence': False}"
RS_1312,[0.13312066 0.12984128 0.13249472 ... 0.0028428  0.00260671 0.00041469],biological,[ 100  102  104 ... 3194 3196 3198],41.86076559409569,2,"{'cosmic_spike': False, 'fluorescence': False}"
RS_1313,[0.05034789 0.11628623 0.16629835 ... 0.25722897 0.17176839 0.20985506],biological,[ 100  102  104 ... 3194 3196 3198],10.371101146162143,2,"{'cosmic_spike': False, 'fluorescence': False}"
RS_1314,[0.0826781  0.08342233 0.08268623 ... 0.04187007 0.04097349 0.04182448],biological,[ 100  102  104 ... 3194 3196 3198],51.926885163979655,2,"{'cosmic_spike': False, 'fluorescence': False}"
RS_1315,[0.10123394 0.10157218 0.10126092 ... 0.01959482 0.01953638 0.02034094],biological,[ 100  102  104 ... 3194 3196 3198],68.63002192857374,2,"{'cosmic_spike': False, 'fluorescence': True}"
RS_1316,[0.16987027 0.17072238 0.17119016 ... 0.00078638 0.00069488 0.        ],biological,[ 100  102  104 ... 3194 3196 3198],76.41581887799879,2,"{'cosmic_spike': False, 'fluorescence': False}"
RS_1317,[0.         0.00197171 0.00308653 ... 0.1621384  0.16459832 0.16199931],biological,[ 100  102  104 ... 3194 3196 3198],43.93094946130385,2,"{'cosmic_spike': False, 'fluorescence': False}"
RS_1318,"[0.00000000e+00 1.05507683e-04 1.01203392e-04 ... 1.23595834e-01
 1.23991563e-01 1.24257851e-01]",biological,[ 100  102  104 ... 3194 3196 3198],50.51744462539791,2,"{'cosmic_spike': False, 'fluorescence': False}"
RS_1319,[0.19875891 0.19778554 0.19695956 ... 0.07385768 0.07369547 0.07357951],biological,[ 100  102  104 ... 3194 3196 3198],48.031306938872774,2,"{'cosmic_spike': False, 'fluorescence': False}"
RS_1320,"[9.78097699e-07 5.57939358e-03 1.93026196e-03 ... 1.48058330e-01
 1.46876544e-01 1.49104756e-01]",biological,[ 100  102  104 ... 3194 3196 3198],37.67503871483195,2,"{'cosmic_spike': False, 'fluorescence': True}"
RS_1321,"[0.00000000e+00 2.74189951e-04 3.70862627e-04 ... 3.29847565e-01
 3.30389922e-01 3.30509548e-01]",biological,[ 100  102  104 ... 3194 3196 3198],58.970605568675,2,"{'cosmic_spike': False, 'fluorescence': True}"
RS_1322,[0.13930719 0.13876419 0.13876974 ... 0.13809135 0.13863715 0.13904564],biological,[ 100  102  104 ... 3194 3196 3198],75.08515939454553,2,"{'cosmic_spike': False, 'fluorescence': False}"
RS_1323,[0.09393704 0.09441561 0.09406233 ... 0.00090478 0.00028082 0.        ],biological,[ 100  102  104 ... 3194 3196 3198],66.81367852623964,2,"{'cosmic_spike': False, 'fluorescence': True}"
RS_1324,[0.10468261 0.02055649 0.14943057 ... 0.07429479 0.14439991 0.06785935],biological,[ 100  102  104 ... 3194 3196 3198],7.661425251435154,2,"{'cosmic_spike': False, 'fluorescence': True}"
RS_1325,"[5.98555635e-05 3.88281880e-04 0.00000000e+00 ... 3.23526327e-02
 3.28491213e-02 3.23514977e-02]",biological,[ 100  102  104 ... 3194 3196 3198],62.46968806865143,2,"{'cosmic_spike': False, 'fluorescence': True}"
RS_1326,[0.12667151 0.12848722 0.09147755 ... 0.04518607 0.16256245 0.05196627],biological,[ 100  102  104 ... 3194 3196 3198],13.417809201842577,2,"{'cosmic_spike': False, 'fluorescence': True}"
RS_1327,[0.0030192  0.00559182 0.00454555 ... 0.22387726 0.22509525 0.22280236],biological,[ 100  102  104 ... 3194 3196 3198],45.612997561446065,2,"{'cosmic_spike': False, 'fluorescence': False}"
RS_1328,[0.33935769 0.3714071  0.39468016 ... 0.08912985 0.19822433 0.11061371],biological,[ 100  102  104 ... 3194 3196 3198],8.28982422639102,2,"{'cosmic_spike': True, 'fluorescence': False}"
RS_1329,[0.11225593 0.12654939 0.11689668 ... 0.27667405 0.32605045 0.25469567],biological,[ 100  102  104 ... 3194 3196 3198],15.638194445329518,2,"{'cosmic_spike': False, 'fluorescence': True}"
RS_1330,[0.00649635 0.00555636 0.01447851 ... 0.32073107 0.31398693 0.31820993],biological,[ 100  102  104 ... 3194 3196 3198],27.95192913372332,2,"{'cosmic_spike': False, 'fluorescence': True}"
RS_1331,[0.19931782 0.22468631 0.17785009 ... 0.05362925 0.0791589  0.05541657],biological,[ 100  102  104 ... 3194 3196 3198],20.520981823135916,2,"{'cosmic_spike': False, 'fluorescence': False}"
RS_1332,[0.13674489 0.16908956 0.03118169 ... 0.30138015 0.32192421 0.32061552],biological,[ 100  102  104 ... 3194 3196 3198],5.111886738606212,2,"{'cosmic_spike': False, 'fluorescence': False}"
RS_1333,[0.         0.00089553 0.00141889 ... 0.14700113 0.14577767 0.14682623],biological,[ 100  102  104 ... 3194 3196 3198],49.00903636303643,2,"{'cosmic_spike': False, 'fluorescence': True}"
RS_1334,[0.00714101 0.02821628 0.02364578 ... 0.32547896 0.32815426 0.33526748],biological,[ 100  102  104 ... 3194 3196 3198],26.908568553201167,2,"{'cosmic_spike': False, 'fluorescence': False}"
RS_1335,[0.0302108  0.03156926 0.030447   ... 0.         0.00132636 0.00154227],biological,[ 100  102  104 ... 3194 3196 3198],52.14630169552209,2,"{'cosmic_spike': False, 'fluorescence': False}"
RS_1336,[0.01015819 0.00509687 0.01042556 ... 0.0419779  0.04432471 0.04512799],biological,[ 100  102  104 ... 3194 3196 3198],36.661001872578616,2,"{'cosmic_spike': True, 'fluorescence': False}"
RS_1337,[0.00543709 0.00693826 0.00273943 ... 0.35237242 0.34532248 0.33941836],biological,[ 100  102  104 ... 3194 3196 3198],37.58771293593975,2,"{'cosmic_spike': False, 'fluorescence': False}"
RS_1338,"[9.62096178e-02 9.69033674e-02 9.57702817e-02 ... 4.48867245e-04
 9.48445818e-06 0.00000000e+00]",biological,[ 100  102  104 ... 3194 3196 3198],54.99284383962778,2,"{'cosmic_spike': False, 'fluorescence': False}"
RS_1339,[0.11410573 0.11195572 0.11336972 ... 0.00087727 0.00087013 0.        ],biological,[ 100  102  104 ... 3194 3196 3198],54.881094219556516,2,"{'cosmic_spike': False, 'fluorescence': True}"
RS_1340,[0.24953347 0.249115   0.24878426 ... 0.01837405 0.01869559 0.01853514],biological,[ 100  102  104 ... 3194 3196 3198],67.81873619333902,2,"{'cosmic_spike': False, 'fluorescence': False}"
RS_1341,[0.13054494 0.13595047 0.12386361 ... 0.01307526 0.01712321 0.01877073],biological,[ 100  102  104 ... 3194 3196 3198],31.53244141407575,2,"{'cosmic_spike': True, 'fluorescence': True}"
RS_1342,[0.00619944 0.00641881 0.00622706 ... 0.00386086 0.00391042 0.00390601],biological,[ 100  102  104 ... 3194 3196 3198],72.87718715925863,2,"{'cosmic_spike': False, 'fluorescence': False}"
RS_1343,[0.00151232 0.00040121 0.00186773 ... 0.03319834 0.03339644 0.03549188],biological,[ 100  102  104 ... 3194 3196 3198],46.977352603228546,2,"{'cosmic_spike': False, 'fluorescence': True}"
RS_1344,[0.26252389 0.26776202 0.26167154 ... 0.00765347 0.00303715 0.00641927],biological,[ 100  102  104 ... 3194 3196 3198],29.533858211603683,2,"{'cosmic_spike': False, 'fluorescence': False}"
RS_1345,[0.20378723 0.26345179 0.24454327 ... 0.46114777 0.42855122 0.48576962],biological,[ 100  102  104 ... 3194 3196 3198],19.77823031842562,2,"{'cosmic_spike': False, 'fluorescence': False}"
RS_1346,[0.02181098 0.01688602 0.01770336 ... 0.00328789 0.00288681 0.00279069],biological,[ 100  102  104 ... 3194 3196 3198],31.96361113027968,2,"{'cosmic_spike': False, 'fluorescence': False}"
RS_1347,[0.         0.00048624 0.00044333 ... 0.15328061 0.15221615 0.15131162],biological,[ 100  102  104 ... 3194 3196 3198],45.35605071918486,2,"{'cosmic_spike': False, 'fluorescence': True}"
RS_1348,[0.         0.00092377 0.00148673 ... 0.13849158 0.13798653 0.13755179],biological,[ 100  102  104 ... 3194 3196 3198],61.10740542860238,2,"{'cosmic_spike': False, 'fluorescence': False}"
RS_1349,[0.         0.00068292 0.00136875 ... 0.41976879 0.41967871 0.41988888],biological,[ 100  102  104 ... 3194 3196 3198],61.06406574739703,2,"{'cosmic_spike': False, 'fluorescence': True}"
RS_1350,[0.23588351 0.23423118 0.23191512 ... 0.00849579 0.         0.00792032],biological,[ 100  102  104 ... 3194 3196 3198],32.21909380268136,2,"{'cosmic_spike': False, 'fluorescence': False}"
RS_1351,[0.05263862 0.03043797 0.06319951 ... 0.0870149  0.10504334 0.08643065],biological,[ 100  102  104 ... 3194 3196 3198],18.251832880079085,2,"{'cosmic_spike': False, 'fluorescence': False}"
RS_1352,[0.26863754 0.22317954 0.26009297 ... 0.17928289 0.13288586 0.20638181],biological,[ 100  102  104 ... 3194 3196 3198],6.04735694943515,2,"{'cosmic_spike': True, 'fluorescence': False}"
RS_1353,[0.06961083 0.0741629  0.07032917 ... 0.08973724 0.08927338 0.08533828],biological,[ 100  102  104 ... 3194 3196 3198],36.3009948330354,2,"{'cosmic_spike': False, 'fluorescence': False}"
RS_1354,[0.01050067 0.01032774 0.0106035  ... 0.20130432 0.18829173 0.18702644],biological,[ 100  102  104 ... 3194 3196 3198],29.869283693922547,2,"{'cosmic_spike': False, 'fluorescence': True}"
RS_1355,[0.         0.00055859 0.00080059 ... 0.2714221  0.27162484 0.27176814],biological,[ 100  102  104 ... 3194 3196 3198],70.456226692327,2,"{'cosmic_spike': False, 'fluorescence': True}"
RS_1356,[0.52014464 0.51028172 0.51972067 ... 0.00243603 0.0280762  0.01478948],biological,[ 100  102  104 ... 3194 3196 3198],19.961434585265067,2,"{'cosmic_spike': False, 'fluorescence': False}"
RS_1357,[0.02062506 0.02080079 0.02175317 ... 0.00075165 0.00052531 0.        ],biological,[ 100  102  104 ... 3194 3196 3198],69.49065419409875,2,"{'cosmic_spike': False, 'fluorescence': True}"
RS_1358,[0.07282273 0.1270798  0.17267012 ... 0.19803343 0.19653285 0.12506007],biological,[ 100  102  104 ... 3194 3196 3198],6.286947205354866,2,"{'cosmic_spike': True, 'fluorescence': False}"
RS_1359,[0.00704144 0.00489711 0.00478183 ... 0.27926706 0.27635113 0.28446857],biological,[ 100  102  104 ... 3194 3196 3198],37.84716638386837,2,"{'cosmic_spike': False, 'fluorescence': False}"
RS_1360,[0.00092081 0.         0.00099516 ... 0.06172817 0.06250563 0.06184875],biological,[ 100  102  104 ... 3194 3196 3198],49.293168033217164,2,"{'cosmic_spike': False, 'fluorescence': False}"
RS_1361,[0.18455465 0.11012809 0.19267855 ... 0.30772774 0.32753541 0.42974677],biological,[ 100  102  104 ... 3194 3196 3198],9.160186606574243,2,"{'cosmic_spike': False, 'fluorescence': False}"
RS_1362,[0.12051035 0.13552111 0.15128458 ... 0.21747108 0.2023837  0.19437008],biological,[ 100  102  104 ... 3194 3196 3198],14.647134815899728,2,"{'cosmic_spike': False, 'fluorescence': False}"
RS_1363,[0.17608714 0.19199059 0.18313751 ... 0.05164872 0.05080117 0.044168  ],biological,[ 100  102  104 ... 3194 3196 3198],19.821067371500618,2,"{'cosmic_spike': False, 'fluorescence': True}"
RS_1364,[0.01386785 0.01378378 0.01284148 ... 0.24839434 0.24386938 0.25250848],biological,[ 100  102  104 ... 3194 3196 3198],35.509781209670194,2,"{'cosmic_spike': False, 'fluorescence': True}"
RS_1365,[0.01912486 0.01815287 0.0174012  ... 0.02816593 0.02381769 0.0273801 ],biological,[ 100  102  104 ... 3194 3196 3198],38.84959986259206,2,"{'cosmic_spike': False, 'fluorescence': True}"
RS_1366,[0.0371006  0.01692317 0.02025512 ... 0.40200463 0.40770273 0.4233232 ],biological,[ 100  102  104 ... 3194 3196 3198],24.993057456005253,2,"{'cosmic_spike': True, 'fluorescence': True}"
RS_1367,"[0.00000000e+00 2.42908675e-04 4.30661196e-04 ... 3.28796399e-01
 3.29047938e-01 3.29616421e-01]",biological,[ 100  102  104 ... 3194 3196 3198],68.22262701699097,2,"{'cosmic_spike': False, 'fluorescence': False}"
RS_1368,[0.14291497 0.14216746 0.14228417 ... 0.03438115 0.03425458 0.03420433],biological,[ 100  102  104 ... 3194 3196 3198],59.7807033359645,2,"{'cosmic_spike': False, 'fluorescence': False}"
RS_1369,[0.12522322 0.18705246 0.16426305 ... 0.12125207 0.07117528 0.14418165],biological,[ 100  102  104 ... 3194 3196 3198],9.995612946051214,2,"{'cosmic_spike': False, 'fluorescence': False}"
RS_1370,[0.         0.00104657 0.00222123 ... 0.10888011 0.10729296 0.10595168],biological,[ 100  102  104 ... 3194 3196 3198],42.84434279549723,2,"{'cosmic_spike': False, 'fluorescence': True}"
RS_1371,[0.15184398 0.14643001 0.14134963 ... 0.00645258 0.01208412 0.00160046],biological,[ 100  102  104 ... 3194 3196 3198],30.496313490537418,2,"{'cosmic_spike': False, 'fluorescence': False}"
RS_1372,"[3.97699463e-01 3.97077069e-01 3.97164961e-01 ... 2.24724634e-04
 0.00000000e+00 8.89472172e-05]",biological,[ 100  102  104 ... 3194 3196 3198],72.92237445603186,2,"{'cosmic_spike': False, 'fluorescence': False}"
RS_1373,"[0.00000000e+00 2.37657431e-04 3.26330825e-04 ... 3.98391395e-01
 3.98950807e-01 3.99070581e-01]",biological,[ 100  102  104 ... 3194 3196 3198],74.54094446257396,2,"{'cosmic_spike': False, 'fluorescence': False}"
RS_1374,[0.26501728 0.23677024 0.24418002 ... 0.09023024 0.02336032 0.05620698],biological,[ 100  102  104 ... 3194 3196 3198],18.06419847792544,2,"{'cosmic_spike': False, 'fluorescence': True}"
RS_1375,[0.117548   0.11635147 0.1167301  ... 0.44893583 0.45061176 0.45100908],biological,[ 100  102  104 ... 3194 3196 3198],63.54676721690452,2,"{'cosmic_spike': False, 'fluorescence': False}"
RS_1376,[0.0018466  0.00139188 0.00196528 ... 0.07214645 0.07324421 0.0737454 ],biological,[ 100  102  104 ... 3194 3196 3198],48.01626447971957,2,"{'cosmic_spike': False, 'fluorescence': False}"
RS_1377,"[2.95828774e-05 6.10506554e-05 4.62254065e-04 ... 1.45211322e-01
 1.44989556e-01 1.45026295e-01]",biological,[ 100  102  104 ... 3194 3196 3198],72.89007437156148,2,"{'cosmic_spike': False, 'fluorescence': False}"
RS_1378,[0.25836452 0.25870353 0.25810807 ... 0.00031291 0.00038902 0.        ],biological,[ 100  102  104 ... 3194 3196 3198],62.41376126109994,2,"{'cosmic_spike': False, 'fluorescence': False}"
RS_1379,[0.08011422 0.07998143 0.07979997 ... 0.13894422 0.13941428 0.14030459],biological,[ 100  102  104 ... 3194 3196 3198],74.78807922269951,2,"{'cosmic_spike': False, 'fluorescence': True}"
RS_1380,[0.38421443 0.52235859 0.44240096 ... 0.20778857 0.27382266 0.18506815],biological,[ 100  102  104 ... 3194 3196 3198],8.153637203699212,2,"{'cosmic_spike': False, 'fluorescence': False}"
RS_1381,[0.10906361 0.11493312 0.2210286  ... 0.16459794 0.20864469 0.11808361],biological,[ 100  102  104 ... 3194 3196 3198],16.753893260332127,2,"{'cosmic_spike': False, 'fluorescence': False}"
RS_1382,[0.14508746 0.14549345 0.15421969 ... 0.0367973  0.03071425 0.03606726],biological,[ 100  102  104 ... 3194 3196 3198],37.64535341562187,2,"{'cosmic_spike': True, 'fluorescence': False}"
RS_1383,[0.00176473 0.00186845 0.00081099 ... 0.16162737 0.16141127 0.16013185],biological,[ 100  102  104 ... 3194 3196 3198],44.449935835628466,2,"{'cosmic_spike': False, 'fluorescence': False}"
RS_1384,[0.06442945 0.02718222 0.02160031 ... 0.07326426 0.08478493 0.06336756],biological,[ 100  102  104 ... 3194 3196 3198],18.724636958791592,2,"{'cosmic_spike': False, 'fluorescence': False}"
RS_1385,[0.00666525 0.00264864 0.00325438 ... 0.1708849  0.17423019 0.17029142],biological,[ 100  102  104 ... 3194 3196 3198],31.74011327574093,2,"{'cosmic_spike': False, 'fluorescence': True}"
RS_1386,[0.07727254 0.07966801 0.05707219 ... 0.00801022 0.02138935 0.037338  ],biological,[ 100  102  104 ... 3194 3196 3198],24.67960018060313,2,"{'cosmic_spike': False, 'fluorescence': False}"
RS_1387,[0.06335313 0.0607099  0.07354123 ... 0.03336912 0.03597327 0.01479634],biological,[ 100  102  104 ... 3194 3196 3198],27.922617943046493,2,"{'cosmic_spike': False, 'fluorescence': False}"
RS_1388,[0.39736312 0.40329686 0.41808413 ... 0.00759083 0.01812778 0.00338754],biological,[ 100  102  104 ... 3194 3196 3198],33.25850727546753,2,"{'cosmic_spike': False, 'fluorescence': False}"
RS_1389,[0.22024308 0.22051859 0.22063564 ... 0.01359819 0.01286254 0.01174182],biological,[ 100  102  104 ... 3194 3196 3198],43.96518009698216,2,"{'cosmic_spike': False, 'fluorescence': False}"
RS_1390,[0.00245752 0.00236829 0.00323345 ... 0.         0.00017349 0.0003757 ],biological,[ 100  102  104 ... 3194 3196 3198],77.76304503257269,2,"{'cosmic_spike': False, 'fluorescence': False}"
RS_1391,[0.03407952 0.03405717 0.03366613 ... 0.10263361 0.10281724 0.10313499],biological,[ 100  102  104 ... 3194 3196 3198],78.96120321183933,2,"{'cosmic_spike': False, 'fluorescence': False}"
RS_1392,[0.06521938 0.07315322 0.07684483 ... 0.01488742 0.01731933 0.0219839 ],biological,[ 100  102  104 ... 3194 3196 3198],28.950797718460315,2,"{'cosmic_spike': False, 'fluorescence': True}"
RS_1393,[0.00406343 0.00462293 0.00494132 ... 0.         0.00033747 0.0003578 ],biological,[ 100  102  104 ... 3194 3196 3198],77.8314178751846,2,"{'cosmic_spike': False, 'fluorescence': False}"
RS_1394,[0.25977355 0.25896464 0.26322958 ... 0.12525991 0.10725399 0.13417785],biological,[ 100  102  104 ... 3194 3196 3198],10.023435671409807,2,"{'cosmic_spike': False, 'fluorescence': True}"
RS_1395,[0.15193966 0.15161273 0.15158113 ... 0.00452658 0.00461654 0.00470558],biological,[ 100  102  104 ... 3194 3196 3198],68.57821502008957,2,"{'cosmic_spike': False, 'fluorescence': False}"
RS_1396,[0.15720344 0.10376511 0.12041309 ... 0.07864497 0.08411645 0.06850757],biological,[ 100  102  104 ... 3194 3196 3198],23.257533546063573,2,"{'cosmic_spike': False, 'fluorescence': False}"
RS_1397,"[2.66250243e-04 2.00997770e-04 1.48165024e-04 ... 1.66952880e-01
 1.67130513e-01 1.67268993e-01]",biological,[ 100  102  104 ... 3194 3196 3198],69.69101699851252,2,"{'cosmic_spike': False, 'fluorescence': True}"
RS_1398,[0.30546846 0.32496241 0.31848864 ... 0.00419187 0.01241411 0.02192475],biological,[ 100  102  104 ... 3194 3196 3198],29.284629529770204,2,"{'cosmic_spike': False, 'fluorescence': True}"
RS_1399,[0.09160348 0.08996637 0.07501839 ... 0.24016442 0.22213531 0.23320164],biological,[ 100  102  104 ... 3194 3196 3198],19.456875455207783,2,"{'cosmic_spike': False, 'fluorescence': False}"
RS_1400,[0.15453453 0.15449413 0.15500604 ... 0.00036857 0.00057069 0.        ],biological,[ 100  102  104 ... 3194 3196 3198],67.41055259447874,2,"{'cosmic_spike': False, 'fluorescence': True}"
RS_1401,[0.00213315 0.00208047 0.00197945 ... 0.24209573 0.24231241 0.24305164],biological,[ 100  102  104 ... 3194 3196 3198],71.29868566049565,2,"{'cosmic_spike': False, 'fluorescence': False}"
RS_1402,[0.01292056 0.01320731 0.01338922 ... 0.00019789 0.         0.00020637],biological,[ 100  102  104 ... 3194 3196 3198],78.66249693839958,2,"{'cosmic_spike': False, 'fluorescence': False}"
RS_1403,"[0.00000000e+00 1.31172565e-04 8.02481247e-04 ... 1.37058768e-01
 1.36710635e-01 1.36587563e-01]",biological,[ 100  102  104 ... 3194 3196 3198],56.274700182530324,2,"{'cosmic_spike': False, 'fluorescence': False}"
RS_1404,[0.02023853 0.04234781 0.02323094 ... 0.12004906 0.13040147 0.12870706],biological,[ 100  102  104 ... 3194 3196 3198],19.79549714831924,2,"{'cosmic_spike': False, 'fluorescence': False}"
RS_1405,[0.19253923 0.19399763 0.19204418 ... 0.00251765 0.         0.00144489],biological,[ 100  102  104 ... 3194 3196 3198],34.62729285971224,2,"{'cosmic_spike': False, 'fluorescence': True}"
RS_1406,[0.13671411 0.17048353 0.12579161 ... 0.29405701 0.27300726 0.29668535],biological,[ 100  102  104 ... 3194 3196 3198],14.325924370510425,2,"{'cosmic_spike': False, 'fluorescence': False}"
RS_1407,[0.01681214 0.04863983 0.01609435 ... 0.16165675 0.16781236 0.15329828],biological,[ 100  102  104 ... 3194 3196 3198],17.045413795800236,2,"{'cosmic_spike': False, 'fluorescence': False}"
RS_1408,[0.20156703 0.19964037 0.2001707  ... 0.00049287 0.00059407 0.00164242],biological,[ 100  102  104 ... 3194 3196 3198],46.374002995862696,2,"{'cosmic_spike': False, 'fluorescence': False}"
RS_1409,[0.00383489 0.00077631 0.00249053 ... 0.23152667 0.23294034 0.23463885],biological,[ 100  102  104 ... 3194 3196 3198],38.10226897009054,2,"{'cosmic_spike': False, 'fluorescence': False}"
RS_1410,[0.02586299 0.02367899 0.02425175 ... 0.17211783 0.17793625 0.1842874 ],biological,[ 100  102  104 ... 3194 3196 3198],27.035437346777922,2,"{'cosmic_spike': True, 'fluorescence': False}"
RS_1411,[0.22156668 0.2213328  0.22089756 ... 0.09833144 0.09843281 0.09881086],biological,[ 100  102  104 ... 3194 3196 3198],65.65545621361964,2,"{'cosmic_spike': False, 'fluorescence': True}"
RS_1412,[0.         0.00033516 0.0009634  ... 0.14370813 0.14389872 0.14343749],biological,[ 100  102  104 ... 3194 3196 3198],74.69193174786145,2,"{'cosmic_spike': False, 'fluorescence': True}"
RS_1413,[0.228112   0.18724575 0.114819   ... 0.12368498 0.15261679 0.10269996],biological,[ 100  102  104 ... 3194 3196 3198],9.711242094364842,2,"{'cosmic_spike': False, 'fluorescence': False}"
RS_1414,[0.4173005  0.41709064 0.41629751 ... 0.00108647 0.00080314 0.        ],biological,[ 100  102  104 ... 3194 3196 3198],67.41618075363812,2,"{'cosmic_spike': False, 'fluorescence': True}"
RS_1415,[0.12804374 0.1089178  0.09061766 ... 0.10121617 0.05539719 0.04437444],biological,[ 100  102  104 ... 3194 3196 3198],23.07604969327725,2,"{'cosmic_spike': False, 'fluorescence': False}"
RS_1416,[0.02216734 0.02208702 0.02189487 ... 0.08673082 0.08669756 0.08699117],biological,[ 100  102  104 ... 3194 3196 3198],60.96965729822056,2,"{'cosmic_spike': False, 'fluorescence': False}"
RS_1417,[0.00346488 0.00318459 0.00357612 ... 0.30411356 0.30450772 0.30512986],biological,[ 100  102  104 ... 3194 3196 3198],68.7153595872572,2,"{'cosmic_spike': False, 'fluorescence': False}"
RS_1418,[0.08229063 0.08257191 0.08229388 ... 0.         0.00079796 0.00090378],biological,[ 100  102  104 ... 3194 3196 3198],47.03844313832291,2,"{'cosmic_spike': True, 'fluorescence': False}"
RS_1419,[0.24061699 0.26589059 0.30057507 ... 0.10115523 0.06119498 0.03722172],biological,[ 100  102  104 ... 3194 3196 3198],11.20906133884612,2,"{'cosmic_spike': False, 'fluorescence': True}"
RS_1420,[0.28675064 0.27065139 0.26889765 ... 0.02703248 0.02321008 0.02565532],biological,[ 100  102  104 ... 3194 3196 3198],28.362672211758586,2,"{'cosmic_spike': False, 'fluorescence': False}"
RS_1421,[0.12867525 0.12770148 0.1277892  ... 0.14895425 0.15024627 0.14957467],biological,[ 100  102  104 ... 3194 3196 3198],76.13201062333783,2,"{'cosmic_spike': False, 'fluorescence': False}"
RS_1422,[0.00188151 0.00405138 0.00759754 ... 0.08263086 0.09605243 0.09244974],biological,[ 100  102  104 ... 3194 3196 3198],28.71826055263558,2,"{'cosmic_spike': False, 'fluorescence': True}"
RS_1423,[0.00075392 0.         0.00067886 ... 0.26187492 0.26194206 0.26233368],biological,[ 100  102  104 ... 3194 3196 3198],69.74476852898792,2,"{'cosmic_spike': False, 'fluorescence': True}"
RS_1424,[0.00462055 0.00221251 0.01020248 ... 0.11625356 0.11803899 0.11427817],biological,[ 100  102  104 ... 3194 3196 3198],31.566718957347753,2,"{'cosmic_spike': False, 'fluorescence': False}"
RS_1425,[0.1362181  0.13603435 0.13555571 ... 0.14483828 0.14550019 0.14587318],biological,[ 100  102  104 ... 3194 3196 3198],63.70950130277505,2,"{'cosmic_spike': False, 'fluorescence': False}"
RS_1426,[0.29673611 0.2973993  0.29647417 ... 0.         0.00137822 0.00075725],biological,[ 100  102  104 ... 3194 3196 3198],51.38992081431205,2,"{'cosmic_spike': False, 'fluorescence': False}"
RS_1427,[0.         0.00024456 0.00071984 ... 0.16300362 0.16266392 0.16249771],biological,[ 100  102  104 ... 3194 3196 3198],73.46798473818941,2,"{'cosmic_spike': False, 'fluorescence': False}"
RS_1428,[0.0004082  0.00045894 0.         ... 0.3262234  0.32653722 0.32611644],biological,[ 100  102  104 ... 3194 3196 3198],69.83040874000396,2,"{'cosmic_spike': False, 'fluorescence': False}"
RS_1429,[0.24150321 0.14039533 0.24766353 ... 0.26622873 0.45213724 0.35953664],biological,[ 100  102  104 ... 3194 3196 3198],8.43212661936238,2,"{'cosmic_spike': False, 'fluorescence': True}"
RS_1430,[0.         0.00024044 0.00054418 ... 0.23054409 0.23036089 0.23034706],biological,[ 100  102  104 ... 3194 3196 3198],69.9214305613435,2,"{'cosmic_spike': False, 'fluorescence': True}"
RS_1431,[0.         0.00047614 0.00056334 ... 0.374643   0.37455157 0.37439167],biological,[ 100  102  104 ... 3194 3196 3198],65.00984075879987,2,"{'cosmic_spike': False, 'fluorescence': False}"
RS_1432,[0.00029227 0.         0.00071862 ... 0.25504869 0.25506844 0.25455969],biological,[ 100  102  104 ... 3194 3196 3198],67.8950431165357,2,"{'cosmic_spike': False, 'fluorescence': True}"
RS_1433,[0.08555299 0.08334201 0.08441993 ... 0.14849518 0.14953953 0.14840835],biological,[ 100  102  104 ... 3194 3196 3198],48.838101894211945,2,"{'cosmic_spike': False, 'fluorescence': True}"
RS_1434,"[5.00570766e-05 0.00000000e+00 3.82529434e-04 ... 2.80293145e-01
 2.80406355e-01 2.80833826e-01]",biological,[ 100  102  104 ... 3194 3196 3198],72.14179465123667,2,"{'cosmic_spike': False, 'fluorescence': True}"
RS_1435,[0.18974693 0.17404239 0.18364817 ... 0.07669182 0.07437005 0.0944    ],biological,[ 100  102  104 ... 3194 3196 3198],17.74863021831978,2,"{'cosmic_spike': False, 'fluorescence': False}"
RS_1436,[0.12537717 0.11471572 0.14799237 ... 0.06331995 0.08534672 0.10236662],biological,[ 100  102  104 ... 3194 3196 3198],15.123399809058872,2,"{'cosmic_spike': False, 'fluorescence': False}"
RS_1437,[0.12575758 0.21618342 0.00219376 ... 0.33387359 0.42183219 0.30669436],biological,[ 100  102  104 ... 3194 3196 3198],9.90454042051675,2,"{'cosmic_spike': False, 'fluorescence': True}"
RS_1438,"[2.01877350e-01 2.01544881e-01 2.01676619e-01 ... 5.62835384e-04
 1.75553122e-04 0.00000000e+00]",biological,[ 100  102  104 ... 3194 3196 3198],66.14701075315352,2,"{'cosmic_spike': False, 'fluorescence': False}"
RS_1439,[0.00078479 0.00054163 0.00013218 ... 0.05456889 0.05422875 0.05420489],biological,[ 100  102  104 ... 3194 3196 3198],46.98581834657894,2,"{'cosmic_spike': False, 'fluorescence': False}"
RS_1440,[0.00056925 0.00131003 0.003081   ... 0.2854609  0.28617287 0.28595833],biological,[ 100  102  104 ... 3194 3196 3198],42.8097201947854,2,"{'cosmic_spike': False, 'fluorescence': False}"
RS_1441,[0.15309351 0.15374674 0.11723599 ... 0.06603689 0.03832281 0.04161535],biological,[ 100  102  104 ... 3194 3196 3198],19.697870169111393,2,"{'cosmic_spike': False, 'fluorescence': True}"
RS_1442,[0.1718319  0.17532968 0.16769115 ... 0.0130955  0.01904201 0.00581284],biological,[ 100  102  104 ... 3194 3196 3198],27.641774478931907,2,"{'cosmic_spike': False, 'fluorescence': False}"
RS_1443,[0.02055994 0.02036805 0.020206   ... 0.16146976 0.16156095 0.16180922],biological,[ 100  102  104 ... 3194 3196 3198],75.64904711006128,2,"{'cosmic_spike': False, 'fluorescence': False}"
RS_1444,[0.30947752 0.30984749 0.31000783 ... 0.00114122 0.00054946 0.        ],biological,[ 100  102  104 ... 3194 3196 3198],68.40555905318729,2,"{'cosmic_spike': False, 'fluorescence': False}"
RS_1445,[0.27004685 0.27916391 0.20534074 ... 0.15283654 0.16020886 0.21600292],biological,[ 100  102  104 ... 3194 3196 3198],11.820708642860325,2,"{'cosmic_spike': False, 'fluorescence': False}"
RS_1446,[0.19934732 0.22237384 0.21064214 ... 0.04753407 0.         0.08032717],biological,[ 100  102  104 ... 3194 3196 3198],15.85623659481952,2,"{'cosmic_spike': False, 'fluorescence': True}"
RS_1447,[0.04664534 0.00249986 0.05318116 ... 0.033768   0.04115376 0.05121985],biological,[ 100  102  104 ... 3194 3196 3198],20.498592610158898,2,"{'cosmic_spike': False, 'fluorescence': False}"
RS_1448,[0.00113705 0.00164876 0.         ... 0.27580127 0.27333361 0.27838527],biological,[ 100  102  104 ... 3194 3196 3198],41.20768022496206,2,"{'cosmic_spike': False, 'fluorescence': False}"
RS_1449,[0.03386727 0.03429866 0.03458892 ... 0.00070262 0.00041145 0.        ],biological,[ 100  102  104 ... 3194 3196 3198],77.53308687302042,2,"{'cosmic_spike': False, 'fluorescence': True}"
RS_1450,"[3.40792540e-01 3.40709190e-01 3.40500480e-01 ... 6.47851775e-04
 1.94243133e-04 0.00000000e+00]",biological,[ 100  102  104 ... 3194 3196 3198],76.27543767829238,2,"{'cosmic_spike': False, 'fluorescence': False}"
RS_1451,[0.04454554 0.01449151 0.02255847 ... 0.14653321 0.15713885 0.10279342],biological,[ 100  102  104 ... 3194 3196 3198],15.828096793528028,2,"{'cosmic_spike': False, 'fluorescence': False}"
RS_1452,[0.01453837 0.01499411 0.01451589 ... 0.11806138 0.11771585 0.11818597],biological,[ 100  102  104 ... 3194 3196 3198],78.25788683701857,2,"{'cosmic_spike': False, 'fluorescence': True}"
RS_1453,"[6.36387171e-02 6.39117773e-02 6.41476073e-02 ... 1.69459920e-04
 0.00000000e+00 4.31255232e-05]",biological,[ 100  102  104 ... 3194 3196 3198],71.54991109382863,2,"{'cosmic_spike': False, 'fluorescence': False}"
RS_1454,[0.00462263 0.02383949 0.00550515 ... 0.01154616 0.0165014  0.02475274],biological,[ 100  102  104 ... 3194 3196 3198],27.46901514642394,2,"{'cosmic_spike': False, 'fluorescence': False}"
RS_1455,[0.08714738 0.11174212 0.01734256 ... 0.16799303 0.12835702 0.11373827],biological,[ 100  102  104 ... 3194 3196 3198],16.354445707412687,2,"{'cosmic_spike': False, 'fluorescence': True}"
RS_1456,[0.08252477 0.08203262 0.08214606 ... 0.01616647 0.01630793 0.01660279],biological,[ 100  102  104 ... 3194 3196 3198],74.1563824646863,2,"{'cosmic_spike': True, 'fluorescence': True}"
RS_1457,[0.04934467 0.04937587 0.04918386 ... 0.06273773 0.06329714 0.06330921],biological,[ 100  102  104 ... 3194 3196 3198],68.58495848639518,2,"{'cosmic_spike': False, 'fluorescence': False}"
RS_1458,[0.25590925 0.2591683  0.26052006 ... 0.00379434 0.00192059 0.        ],biological,[ 100  102  104 ... 3194 3196 3198],39.797526931711644,2,"{'cosmic_spike': False, 'fluorescence': False}"
RS_1459,[0.09186557 0.09519733 0.09133247 ... 0.00220845 0.00438808 0.00127306],biological,[ 100  102  104 ... 3194 3196 3198],44.44147989636081,2,"{'cosmic_spike': False, 'fluorescence': False}"
RS_1460,"[5.07294344e-01 5.07277949e-01 5.06631553e-01 ... 4.99063743e-04
 3.13711607e-04 0.00000000e+00]",biological,[ 100  102  104 ... 3194 3196 3198],57.07805168255555,2,"{'cosmic_spike': False, 'fluorescence': False}"
RS_1461,[0.36392057 0.27929928 0.31758195 ... 0.05195582 0.04031017 0.05184239],biological,[ 100  102  104 ... 3194 3196 3198],15.242113136547282,2,"{'cosmic_spike': False, 'fluorescence': True}"
RS_1462,[0.51030772 0.508966   0.50728455 ... 0.24280313 0.24246262 0.24475477],biological,[ 100  102  104 ... 3194 3196 3198],51.44299229697084,2,"{'cosmic_spike': False, 'fluorescence': False}"
RS_1463,[0.00202988 0.00193238 0.00122278 ... 0.0029322  0.00232025 0.        ],biological,[ 100  102  104 ... 3194 3196 3198],44.79346819303453,2,"{'cosmic_spike': False, 'fluorescence': False}"
RS_1464,[0.16033343 0.17501475 0.13156456 ... 0.12286893 0.16427022 0.15208141],biological,[ 100  102  104 ... 3194 3196 3198],22.580918683499412,2,"{'cosmic_spike': False, 'fluorescence': False}"
RS_1465,[0.14008274 0.13957994 0.1389614  ... 0.16364258 0.16406122 0.16470079],biological,[ 100  102  104 ... 3194 3196 3198],72.49947856937474,2,"{'cosmic_spike': False, 'fluorescence': False}"
RS_1466,[0.01357424 0.00673182 0.0139074  ... 0.1896407  0.18807277 0.17864653],biological,[ 100  102  104 ... 3194 3196 3198],31.94545692217277,2,"{'cosmic_spike': False, 'fluorescence': False}"
RS_1467,[0.12415044 0.12403528 0.12391137 ... 0.00047871 0.         0.00048632],biological,[ 100  102  104 ... 3194 3196 3198],71.31123200783814,2,"{'cosmic_spike': False, 'fluorescence': False}"
RS_1468,[0.15876016 0.16098031 0.16038254 ... 0.01642287 0.01631773 0.01680838],biological,[ 100  102  104 ... 3194 3196 3198],46.63813271157893,2,"{'cosmic_spike': False, 'fluorescence': False}"
RS_1469,[0.43101857 0.43030032 0.42918649 ... 0.09706864 0.09763242 0.09780275],biological,[ 100  102  104 ... 3194 3196 3198],76.63886179160022,2,"{'cosmic_spike': False, 'fluorescence': False}"
RS_1470,[0.24724219 0.2557104  0.23546201 ... 0.11130102 0.14487946 0.12626323],biological,[ 100  102  104 ... 3194 3196 3198],19.35035532611987,2,"{'cosmic_spike': False, 'fluorescence': True}"
RS_1471,[0.1849811  0.17291898 0.14840404 ... 0.06153556 0.03796037 0.03717121],biological,[ 100  102  104 ... 3194 3196 3198],25.45291738696222,2,"{'cosmic_spike': False, 'fluorescence': False}"
RS_1472,[0.         0.00062062 0.0007902  ... 0.26235295 0.26251254 0.26263768],biological,[ 100  102  104 ... 3194 3196 3198],74.15246288809855,2,"{'cosmic_spike': False, 'fluorescence': False}"
RS_1473,[0.0616416  0.05643728 0.0415482  ... 0.63647494 0.64545605 0.64634895],biological,[ 100  102  104 ... 3194 3196 3198],28.117187337134894,2,"{'cosmic_spike': False, 'fluorescence': False}"
RS_1474,[0.01787255 0.0149844  0.01766795 ... 0.03923909 0.03954126 0.03688324],biological,[ 100  102  104 ... 3194 3196 3198],29.572383323784535,2,"{'cosmic_spike': False, 'fluorescence': True}"
RS_1475,[0.1686438  0.16960022 0.16911305 ... 0.00319792 0.         0.00168708],biological,[ 100  102  104 ... 3194 3196 3198],45.478693001086555,2,"{'cosmic_spike': False, 'fluorescence': False}"
RS_1476,[0.2111047  0.21109766 0.21091425 ... 0.         0.0003725  0.00021197],biological,[ 100  102  104 ... 3194 3196 3198],61.23457095815977,2,"{'cosmic_spike': False, 'fluorescence': False}"
RS_1477,[0.45903259 0.37623687 0.35174112 ... 0.04641937 0.08688519 0.09307349],biological,[ 100  102  104 ... 3194 3196 3198],12.332467889047154,2,"{'cosmic_spike': False, 'fluorescence': True}"
RS_1478,[0.05957757 0.07430163 0.06877342 ... 0.00896739 0.00676094 0.02029725],biological,[ 100  102  104 ... 3194 3196 3198],25.4746161145906,2,"{'cosmic_spike': False, 'fluorescence': False}"
RS_1479,"[1.33602538e-01 1.33645206e-01 1.33707865e-01 ... 1.42270216e-04
 0.00000000e+00 5.52261941e-06]",biological,[ 100  102  104 ... 3194 3196 3198],77.90636749735356,2,"{'cosmic_spike': False, 'fluorescence': True}"
RS_1480,[0.01044228 0.01058422 0.01044343 ... 0.15125458 0.15159045 0.15234903],biological,[ 100  102  104 ... 3194 3196 3198],53.98076196481267,2,"{'cosmic_spike': False, 'fluorescence': False}"
RS_1481,"[0.00000000e+00 9.24683653e-05 3.27703415e-04 ... 1.66485545e-01
 1.66382666e-01 1.66795561e-01]",biological,[ 100  102  104 ... 3194 3196 3198],64.79991360669501,2,"{'cosmic_spike': False, 'fluorescence': False}"
RS_1482,[0.36822396 0.35904719 0.36651055 ... 0.02261022 0.01650517 0.0300473 ],biological,[ 100  102  104 ... 3194 3196 3198],30.04867848647497,2,"{'cosmic_spike': False, 'fluorescence': True}"
RS_1483,[0.00011889 0.0007851  0.         ... 0.04538275 0.04567744 0.04550453],biological,[ 100  102  104 ... 3194 3196 3198],54.97078835056778,2,"{'cosmic_spike': False, 'fluorescence': True}"
RS_1484,[0.16931142 0.17098481 0.16656822 ... 0.1343299  0.14136973 0.13540829],biological,[ 100  102  104 ... 3194 3196 3198],37.22888568376187,2,"{'cosmic_spike': False, 'fluorescence': True}"
RS_1485,[0.39947612 0.25381624 0.33741511 ... 0.03729872 0.38957202 0.2119848 ],biological,[ 100  102  104 ... 3194 3196 3198],5.143760644834898,2,"{'cosmic_spike': False, 'fluorescence': True}"
RS_1486,[0.0015013  0.00104425 0.00146881 ... 0.0537117  0.05561921 0.05406341],biological,[ 100  102  104 ... 3194 3196 3198],43.89930829425949,2,"{'cosmic_spike': False, 'fluorescence': False}"
RS_1487,[0.14076826 0.14117926 0.1412071  ... 0.00063619 0.0006808  0.        ],biological,[ 100  102  104 ... 3194 3196 3198],55.43045502447394,2,"{'cosmic_spike': False, 'fluorescence': False}"
RS_1488,[0.         0.00102766 0.00100692 ... 0.21596437 0.21567603 0.21633794],biological,[ 100  102  104 ... 3194 3196 3198],67.51245061515056,2,"{'cosmic_spike': False, 'fluorescence': False}"
RS_1489,[0.03647068 0.03612386 0.03587905 ... 0.0676376  0.0676709  0.06789334],biological,[ 100  102  104 ... 3194 3196 3198],69.35277154310631,2,"{'cosmic_spike': False, 'fluorescence': True}"
RS_1490,[0.32015968 0.31398144 0.30734517 ... 0.02001322 0.01641479 0.03010862],biological,[ 100  102  104 ... 3194 3196 3198],25.097476794187237,2,"{'cosmic_spike': False, 'fluorescence': False}"
RS_1491,[0.06431316 0.06530203 0.06464464 ... 0.00095928 0.00035759 0.00106496],biological,[ 100  102  104 ... 3194 3196 3198],54.32485480109818,2,"{'cosmic_spike': False, 'fluorescence': True}"
RS_1492,[0.00026623 0.00050846 0.         ... 0.14356652 0.14327497 0.14371891],biological,[ 100  102  104 ... 3194 3196 3198],75.91255376169278,2,"{'cosmic_spike': False, 'fluorescence': False}"
RS_1493,[0.072675   0.07936633 0.072787   ... 0.02215222 0.01663608 0.0186947 ],biological,[ 100  102  104 ... 3194 3196 3198],40.93047087752824,2,"{'cosmic_spike': False, 'fluorescence': True}"
RS_1494,[0.03733598 0.03424485 0.04499965 ... 0.20701724 0.19892665 0.23499999],biological,[ 100  102  104 ... 3194 3196 3198],22.18492863528736,2,"{'cosmic_spike': False, 'fluorescence': True}"
RS_1495,[0.00040833 0.00067044 0.00129949 ... 0.11616251 0.11790917 0.11879596],biological,[ 100  102  104 ... 3194 3196 3198],50.33065708559994,2,"{'cosmic_spike': False, 'fluorescence': True}"
RS_1496,[0.01382738 0.00230194 0.01381114 ... 0.32645435 0.35476099 0.34161539],biological,[ 100  102  104 ... 3194 3196 3198],24.758049779329067,2,"{'cosmic_spike': False, 'fluorescence': True}"
RS_1497,[0.11383439 0.13410469 0.12099743 ... 0.07340941 0.06709422 0.06375743],biological,[ 100  102  104 ... 3194 3196 3198],18.494654144811182,2,"{'cosmic_spike': False, 'fluorescence': True}"
RS_1498,[0.0187792  0.03186608 0.01764587 ... 0.20395511 0.19126407 0.19450321],biological,[ 100  102  104 ... 3194 3196 3198],25.00091543974438,2,"{'cosmic_spike': False, 'fluorescence': True}"
RS_1499,[0.         0.00141729 0.0007862  ... 0.11769678 0.1187492  0.114369  ],biological,[ 100  102  104 ... 3194 3196 3198],40.584301215838906,2,"{'cosmic_spike': False, 'fluorescence': False}"
RS_1500,[0.03961925 0.05960601 0.06239063 ... 0.24303832 0.25856198 0.24056637],biological,[ 100  102  104 ... 3194 3196 3198],21.300917190245823,2,"{'cosmic_spike': False, 'fluorescence': False}"
RS_1501,[0.49991668 0.4978709  0.49808498 ... 0.11045488 0.1086298  0.10983468],biological,[ 100  102  104 ... 3194 3196 3198],46.4078161018013,2,"{'cosmic_spike': False, 'fluorescence': True}"
RS_1502,[0.17293035 0.17668086 0.17306679 ... 0.00850183 0.01665244 0.01700341],biological,[ 100  102  104 ... 3194 3196 3198],34.62940536330827,2,"{'cosmic_spike': False, 'fluorescence': True}"
RS_1503,[0.01316985 0.02356529 0.00722683 ... 0.13422758 0.1508263  0.14148906],biological,[ 100  102  104 ... 3194 3196 3198],23.93499747802176,2,"{'cosmic_spike': False, 'fluorescence': False}"
RS_1504,[0.08494271 0.08543846 0.08498249 ... 0.10116974 0.10147238 0.10121094],biological,[ 100  102  104 ... 3194 3196 3198],51.94184846367556,2,"{'cosmic_spike': False, 'fluorescence': False}"
RS_1505,[0.06439159 0.06434852 0.06429403 ... 0.02291512 0.02291573 0.02308814],biological,[ 100  102  104 ... 3194 3196 3198],73.96282746659165,2,"{'cosmic_spike': False, 'fluorescence': True}"
RS_1506,[0.27201379 0.27520595 0.27492674 ... 0.00402143 0.00742036 0.        ],biological,[ 100  102  104 ... 3194 3196 3198],37.44617285986431,2,"{'cosmic_spike': False, 'fluorescence': False}"
RS_1507,[0.21417933 0.27582354 0.2221692  ... 0.28482682 0.06790352 0.1718644 ],biological,[ 100  102  104 ... 3194 3196 3198],9.907308571714477,2,"{'cosmic_spike': False, 'fluorescence': True}"
RS_1508,[0.19814328 0.16664492 0.18764992 ... 0.01692286 0.0188459  0.0193692 ],biological,[ 100  102  104 ... 3194 3196 3198],30.928178887120644,2,"{'cosmic_spike': False, 'fluorescence': True}"
RS_1509,[0.12375896 0.16371598 0.01831264 ... 0.09281159 0.16067958 0.07445813],biological,[ 100  102  104 ... 3194 3196 3198],13.825815962374461,2,"{'cosmic_spike': False, 'fluorescence': True}"
RS_1510,"[2.05933180e-01 2.08770230e-01 2.10125118e-01 ... 8.53721712e-03
 1.81854131e-04 9.29754252e-03]",biological,[ 100  102  104 ... 3194 3196 3198],35.38241580542312,2,"{'cosmic_spike': False, 'fluorescence': True}"
RS_1511,[0.1610182  0.16061313 0.16047408 ... 0.037166   0.03789703 0.03784097],biological,[ 100  102  104 ... 3194 3196 3198],44.28997289031084,2,"{'cosmic_spike': False, 'fluorescence': False}"
RS_1512,[0.         0.00834393 0.00877565 ... 0.16792096 0.16870999 0.17235073],biological,[ 100  102  104 ... 3194 3196 3198],37.32766219012663,2,"{'cosmic_spike': False, 'fluorescence': False}"
RS_1513,[0.40573029 0.40519949 0.40455361 ... 0.01169706 0.01171516 0.01213361],biological,[ 100  102  104 ... 3194 3196 3198],71.91315447028545,2,"{'cosmic_spike': False, 'fluorescence': True}"
RS_1514,[0.00029446 0.00103119 0.00214023 ... 0.13965649 0.13566732 0.1340758 ],biological,[ 100  102  104 ... 3194 3196 3198],39.565744818127705,2,"{'cosmic_spike': False, 'fluorescence': True}"
RS_1515,[0.03531966 0.03499561 0.03556131 ... 0.         0.00081899 0.00013511],biological,[ 100  102  104 ... 3194 3196 3198],52.67043435060752,2,"{'cosmic_spike': False, 'fluorescence': True}"
RS_1516,[0.00017659 0.00058849 0.00056363 ... 0.07721777 0.0770113  0.07721956],biological,[ 100  102  104 ... 3194 3196 3198],55.33461249452932,2,"{'cosmic_spike': False, 'fluorescence': False}"
RS_1517,[0.1051692  0.10096668 0.09674592 ... 0.3620644  0.3556306  0.35896281],biological,[ 100  102  104 ... 3194 3196 3198],31.97023904006667,2,"{'cosmic_spike': True, 'fluorescence': True}"
RS_1518,[0.00161511 0.00110656 0.         ... 0.00994524 0.0096843  0.00916877],biological,[ 100  102  104 ... 3194 3196 3198],54.79529291109301,2,"{'cosmic_spike': False, 'fluorescence': True}"
RS_1519,[0.         0.00062956 0.00076931 ... 0.18351336 0.18378844 0.18360145],biological,[ 100  102  104 ... 3194 3196 3198],72.17137960865489,2,"{'cosmic_spike': False, 'fluorescence': False}"
RS_1520,[0.09642598 0.09757088 0.09697194 ... 0.00119372 0.00175573 0.        ],biological,[ 100  102  104 ... 3194 3196 3198],49.43809647351813,2,"{'cosmic_spike': False, 'fluorescence': False}"
RS_1521,[0.06187959 0.06177005 0.05833133 ... 0.16155533 0.15435955 0.15566798],biological,[ 100  102  104 ... 3194 3196 3198],31.704553662956325,2,"{'cosmic_spike': False, 'fluorescence': False}"
RS_1522,"[3.40297758e-01 3.40961890e-01 3.39841272e-01 ... 7.37981993e-05
 3.74791427e-05 0.00000000e+00]",biological,[ 100  102  104 ... 3194 3196 3198],53.305159869091455,2,"{'cosmic_spike': False, 'fluorescence': False}"
RS_1523,[0.11079163 0.10957802 0.10944064 ... 0.29383242 0.29403947 0.29499515],biological,[ 100  102  104 ... 3194 3196 3198],58.19582347460806,2,"{'cosmic_spike': False, 'fluorescence': False}"
RS_1524,[0.         0.00066522 0.0007016  ... 0.02429684 0.02474439 0.02419216],biological,[ 100  102  104 ... 3194 3196 3198],56.926105356552206,2,"{'cosmic_spike': False, 'fluorescence': False}"
RS_1525,[0.         0.00025436 0.00022634 ... 0.19626254 0.19629    0.19707283],biological,[ 100  102  104 ... 3194 3196 3198],77.01410522869926,2,"{'cosmic_spike': False, 'fluorescence': False}"
RS_1526,[0.00014104 0.         0.00149993 ... 0.08078925 0.0801846  0.08210253],biological,[ 100  102  104 ... 3194 3196 3198],43.05204457491477,2,"{'cosmic_spike': False, 'fluorescence': False}"
RS_1527,[0.00301408 0.00966234 0.00450284 ... 0.27774783 0.26840027 0.27471577],biological,[ 100  102  104 ... 3194 3196 3198],32.19049970702571,2,"{'cosmic_spike': False, 'fluorescence': False}"
RS_1528,[0.12497535 0.12533233 0.12422999 ... 0.00083347 0.00097068 0.00082695],biological,[ 100  102  104 ... 3194 3196 3198],48.948592321851265,2,"{'cosmic_spike': False, 'fluorescence': False}"
RS_1529,[0.16890574 0.17239265 0.17343905 ... 0.00546331 0.00547225 0.00136387],biological,[ 100  102  104 ... 3194 3196 3198],39.651613976295,2,"{'cosmic_spike': False, 'fluorescence': False}"
RS_1530,[0.17551835 0.15706533 0.17235683 ... 0.07139262 0.05908977 0.05135673],biological,[ 100  102  104 ... 3194 3196 3198],13.918273142578375,2,"{'cosmic_spike': False, 'fluorescence': False}"
RS_1531,[0.12230244 0.12243358 0.12209756 ... 0.07482001 0.07473798 0.07487374],biological,[ 100  102  104 ... 3194 3196 3198],73.49991995108294,2,"{'cosmic_spike': False, 'fluorescence': False}"
RS_1532,[0.23216881 0.23926442 0.23877595 ... 0.10258647 0.08522958 0.09569358],biological,[ 100  102  104 ... 3194 3196 3198],16.960632818410716,2,"{'cosmic_spike': False, 'fluorescence': False}"
RS_1533,[0.14771097 0.14171204 0.13263089 ... 0.01484239 0.         0.00427865],biological,[ 100  102  104 ... 3194 3196 3198],41.28555399355743,2,"{'cosmic_spike': False, 'fluorescence': False}"
RS_1534,"[3.68755461e-01 3.68576924e-01 3.68085277e-01 ... 3.71818248e-04
 0.00000000e+00 3.12896011e-04]",biological,[ 100  102  104 ... 3194 3196 3198],75.00656969378196,2,"{'cosmic_spike': False, 'fluorescence': False}"
RS_1535,[0.23739788 0.21381721 0.24367026 ... 0.05888854 0.06023197 0.05274937],biological,[ 100  102  104 ... 3194 3196 3198],17.296295982219984,2,"{'cosmic_spike': False, 'fluorescence': False}"
RS_1536,[0.00363605 0.00371403 0.00331926 ... 0.07361555 0.07183006 0.07294411],biological,[ 100  102  104 ... 3194 3196 3198],38.12415638644012,2,"{'cosmic_spike': True, 'fluorescence': False}"
RS_1537,[0.13791593 0.13793784 0.13835777 ... 0.00095858 0.00042943 0.        ],biological,[ 100  102  104 ... 3194 3196 3198],72.84179241104478,2,"{'cosmic_spike': False, 'fluorescence': False}"
RS_1538,[0.13431337 0.13098884 0.13605451 ... 0.23800135 0.23344576 0.23634429],biological,[ 100  102  104 ... 3194 3196 3198],30.994641540963364,2,"{'cosmic_spike': False, 'fluorescence': False}"
RS_1539,[0.45390714 0.45345334 0.45300265 ... 0.16338886 0.16360125 0.1659463 ],biological,[ 100  102  104 ... 3194 3196 3198],48.7441936384509,2,"{'cosmic_spike': False, 'fluorescence': False}"
RS_1540,[0.00012165 0.00032782 0.00042689 ... 0.03241079 0.03250185 0.03348753],biological,[ 100  102  104 ... 3194 3196 3198],51.06303979196695,2,"{'cosmic_spike': False, 'fluorescence': False}"
RS_1541,[0.07435757 0.07355116 0.07371181 ... 0.00090367 0.00119669 0.        ],biological,[ 100  102  104 ... 3194 3196 3198],53.389703637771284,2,"{'cosmic_spike': False, 'fluorescence': True}"
RS_1542,[0.2483471  0.24990364 0.24890936 ... 0.00094179 0.00181469 0.        ],biological,[ 100  102  104 ... 3194 3196 3198],43.869970494060446,2,"{'cosmic_spike': False, 'fluorescence': False}"
RS_1543,[0.09361297 0.21808922 0.12648484 ... 0.2074732  0.20034698 0.23568263],biological,[ 100  102  104 ... 3194 3196 3198],10.312706652398134,2,"{'cosmic_spike': False, 'fluorescence': False}"
RS_1544,[0.29379485 0.29310868 0.29250835 ... 0.0274007  0.02755196 0.02779917],biological,[ 100  102  104 ... 3194 3196 3198],69.60085222397328,2,"{'cosmic_spike': False, 'fluorescence': True}"
RS_1545,[0.         0.00252072 0.00148646 ... 0.20160395 0.2033607  0.20274099],biological,[ 100  102  104 ... 3194 3196 3198],36.04259626766472,2,"{'cosmic_spike': False, 'fluorescence': True}"
RS_1546,[0.00018913 0.         0.00051022 ... 0.06072874 0.0609575  0.06093092],biological,[ 100  102  104 ... 3194 3196 3198],70.3922928827006,2,"{'cosmic_spike': False, 'fluorescence': False}"
RS_1547,[0.00356917 0.00341313 0.00295508 ... 0.14756867 0.14851951 0.14768186],biological,[ 100  102  104 ... 3194 3196 3198],37.125249608131796,2,"{'cosmic_spike': False, 'fluorescence': False}"
RS_1548,"[0.00000000e+00 3.28897399e-04 8.97978872e-05 ... 3.90559378e-02
 3.90613322e-02 3.89209488e-02]",biological,[ 100  102  104 ... 3194 3196 3198],72.77681383968081,2,"{'cosmic_spike': False, 'fluorescence': False}"
RS_1549,[0.05673675 0.05656754 0.0561737  ... 0.02537308 0.02518017 0.02531597],biological,[ 100  102  104 ... 3194 3196 3198],69.1557640472992,2,"{'cosmic_spike': False, 'fluorescence': False}"
RS_1550,"[4.12391068e-04 3.78822659e-05 9.43467237e-05 ... 2.15765519e-01
 2.16801473e-01 2.16244658e-01]",biological,[ 100  102  104 ... 3194 3196 3198],49.16752384956962,2,"{'cosmic_spike': True, 'fluorescence': False}"
RS_1551,[0.23842099 0.19124642 0.18280291 ... 0.06130642 0.0098729  0.01919307],biological,[ 100  102  104 ... 3194 3196 3198],14.51100735102145,2,"{'cosmic_spike': False, 'fluorescence': False}"
RS_1552,[0.16736386 0.16696671 0.16714855 ... 0.00021488 0.00033873 0.        ],biological,[ 100  102  104 ... 3194 3196 3198],67.05180837152359,2,"{'cosmic_spike': False, 'fluorescence': False}"
RS_1553,[0.14004141 0.14256    0.14037443 ... 0.55385264 0.55421473 0.5552974 ],biological,[ 100  102  104 ... 3194 3196 3198],54.18371748202908,2,"{'cosmic_spike': False, 'fluorescence': True}"
RS_1554,[0.15638749 0.15590556 0.15558876 ... 0.15203185 0.15239477 0.15303391],biological,[ 100  102  104 ... 3194 3196 3198],78.12714403670721,2,"{'cosmic_spike': False, 'fluorescence': True}"
RS_1555,[0.         0.00054546 0.00100069 ... 0.02397816 0.02379615 0.02326561],biological,[ 100  102  104 ... 3194 3196 3198],69.17497725425284,2,"{'cosmic_spike': False, 'fluorescence': True}"
RS_1556,[0.35775771 0.35738747 0.35674049 ... 0.02259392 0.0227023  0.02297472],biological,[ 100  102  104 ... 3194 3196 3198],72.41799826956144,2,"{'cosmic_spike': False, 'fluorescence': False}"
RS_1557,[0.24326179 0.51645181 0.38828805 ... 0.63577717 0.51899891 0.50407915],biological,[ 100  102  104 ... 3194 3196 3198],6.394445328289851,2,"{'cosmic_spike': False, 'fluorescence': False}"
RS_1558,[0.21263998 0.21256044 0.21235264 ... 0.01622798 0.01612031 0.01632518],biological,[ 100  102  104 ... 3194 3196 3198],77.43589697724782,2,"{'cosmic_spike': False, 'fluorescence': False}"
RS_1559,"[1.52219030e-01 1.51736174e-01 1.52402738e-01 ... 1.22320296e-04
 2.43997035e-04 0.00000000e+00]",biological,[ 100  102  104 ... 3194 3196 3198],55.770985871699736,2,"{'cosmic_spike': False, 'fluorescence': True}"
RS_1560,[0.24082394 0.24123539 0.24125419 ... 0.0012868  0.00065351 0.        ],biological,[ 100  102  104 ... 3194 3196 3198],70.46687874906475,2,"{'cosmic_spike': False, 'fluorescence': False}"
RS_1561,[0.10326177 0.10168587 0.10507772 ... 0.03102966 0.04074593 0.0920811 ],biological,[ 100  102  104 ... 3194 3196 3198],17.80208113265666,2,"{'cosmic_spike': False, 'fluorescence': False}"
RS_1562,[0.2044446  0.25782674 0.22569851 ... 0.23732679 0.33178849 0.27101362],biological,[ 100  102  104 ... 3194 3196 3198],24.973085586891475,2,"{'cosmic_spike': False, 'fluorescence': False}"
RS_1563,[0.53469048 0.53377846 0.5337657  ... 0.57419785 0.57941888 0.57751816],biological,[ 100  102  104 ... 3194 3196 3198],46.20390464438946,2,"{'cosmic_spike': False, 'fluorescence': False}"
RS_1564,[0.14248556 0.14335035 0.14348076 ... 0.00115419 0.00072596 0.        ],biological,[ 100  102  104 ... 3194 3196 3198],77.10747183157189,2,"{'cosmic_spike': False, 'fluorescence': False}"
RS_1565,[0.00057878 0.00070756 0.         ... 0.24739359 0.24725246 0.24819992],biological,[ 100  102  104 ... 3194 3196 3198],58.134335913488385,2,"{'cosmic_spike': False, 'fluorescence': True}"
RS_1566,[0.         0.00067963 0.00145007 ... 0.2345345  0.23393472 0.23523783],biological,[ 100  102  104 ... 3194 3196 3198],55.90794956886228,2,"{'cosmic_spike': False, 'fluorescence': True}"
RS_1567,[0.12853748 0.12859144 0.12881696 ... 0.00090288 0.00054619 0.        ],biological,[ 100  102  104 ... 3194 3196 3198],79.73944017838757,2,"{'cosmic_spike': False, 'fluorescence': False}"
RS_1568,[0.17193264 0.15070657 0.15420823 ... 0.06077503 0.04360131 0.05097525],biological,[ 100  102  104 ... 3194 3196 3198],25.511512496068704,2,"{'cosmic_spike': False, 'fluorescence': False}"
RS_1569,[0.0179569  0.02649226 0.03419245 ... 0.02186069 0.01183255 0.01165352],biological,[ 100  102  104 ... 3194 3196 3198],29.665941867287152,2,"{'cosmic_spike': False, 'fluorescence': True}"
RS_1570,[0.07185601 0.07204891 0.07547947 ... 0.00909217 0.         0.00323627],biological,[ 100  102  104 ... 3194 3196 3198],31.957540604932976,2,"{'cosmic_spike': False, 'fluorescence': False}"
RS_1571,[0.09907554 0.09518124 0.08918994 ... 0.48565169 0.45663805 0.49038045],biological,[ 100  102  104 ... 3194 3196 3198],27.45403615713089,2,"{'cosmic_spike': False, 'fluorescence': True}"
RS_1572,[0.19621821 0.37241048 0.25297194 ... 0.38763834 0.31335045 0.29909039],biological,[ 100  102  104 ... 3194 3196 3198],5.4774684804119165,2,"{'cosmic_spike': False, 'fluorescence': False}"
RS_1573,[0.32504599 0.2654215  0.28444279 ... 0.21377923 0.27740214 0.38374293],biological,[ 100  102  104 ... 3194 3196 3198],8.915285290943729,2,"{'cosmic_spike': False, 'fluorescence': True}"
RS_1574,[0.10768793 0.1262184  0.11731719 ... 0.02313402 0.04169623 0.04332489],biological,[ 100  102  104 ... 3194 3196 3198],29.4014518107454,2,"{'cosmic_spike': False, 'fluorescence': False}"
RS_1575,"[5.95051619e-03 5.48443135e-03 4.88305043e-03 ... 3.74671722e-04
 1.88457015e-03 8.27467202e-05]",biological,[ 100  102  104 ... 3194 3196 3198],46.021378545400445,2,"{'cosmic_spike': False, 'fluorescence': True}"
RS_1576,[0.00949656 0.01139543 0.00256283 ... 0.12853758 0.12205754 0.12187814],biological,[ 100  102  104 ... 3194 3196 3198],39.72622868431482,2,"{'cosmic_spike': False, 'fluorescence': True}"
RS_1577,[0.2212538  0.2351962  0.23831787 ... 0.05327284 0.03917214 0.03830543],biological,[ 100  102  104 ... 3194 3196 3198],21.02697687399881,2,"{'cosmic_spike': False, 'fluorescence': False}"
RS_1578,[0.28453385 0.28379863 0.28276279 ... 0.12703981 0.12890312 0.13201491],biological,[ 100  102  104 ... 3194 3196 3198],47.63879495389125,2,"{'cosmic_spike': False, 'fluorescence': False}"
RS_1579,"[1.56179592e-04 6.13931381e-04 1.23310048e-04 ... 1.35222100e-01
 1.33853917e-01 1.31721968e-01]",biological,[ 100  102  104 ... 3194 3196 3198],32.599388890821515,2,"{'cosmic_spike': True, 'fluorescence': True}"
RS_1580,"[1.32992673e-01 1.33522788e-01 1.33576486e-01 ... 7.05365285e-04
 1.33194022e-04 0.00000000e+00]",biological,[ 100  102  104 ... 3194 3196 3198],69.8362678526388,2,"{'cosmic_spike': False, 'fluorescence': False}"
RS_1581,[0.33278959 0.26329895 0.25478811 ... 0.09748736 0.10887634 0.23551688],biological,[ 100  102  104 ... 3194 3196 3198],6.473381195368245,2,"{'cosmic_spike': False, 'fluorescence': False}"
RS_1582,[0.21561416 0.21536222 0.21536239 ... 0.00056272 0.00030664 0.        ],biological,[ 100  102  104 ... 3194 3196 3198],59.357202291189964,2,"{'cosmic_spike': False, 'fluorescence': False}"
RS_1583,[0.01370306 0.0185568  0.01037726 ... 0.10751967 0.1122211  0.0884396 ],biological,[ 100  102  104 ... 3194 3196 3198],28.332935100027235,2,"{'cosmic_spike': False, 'fluorescence': False}"
RS_1584,[0.01865188 0.01112263 0.02553599 ... 0.48004209 0.49263668 0.48841424],biological,[ 100  102  104 ... 3194 3196 3198],23.332545312010264,2,"{'cosmic_spike': False, 'fluorescence': False}"
RS_1585,[0.00871282 0.00720893 0.00216953 ... 0.05266386 0.05547267 0.05356762],biological,[ 100  102  104 ... 3194 3196 3198],37.19389617642014,2,"{'cosmic_spike': False, 'fluorescence': True}"
RS_1586,[0.15366111 0.151018   0.12718353 ... 0.12515103 0.14729049 0.13034084],biological,[ 100  102  104 ... 3194 3196 3198],29.995562667252187,2,"{'cosmic_spike': False, 'fluorescence': False}"
RS_1587,[0.32911483 0.36137788 0.24417135 ... 0.078178   0.08264446 0.01480515],biological,[ 100  102  104 ... 3194 3196 3198],10.929600557958045,2,"{'cosmic_spike': False, 'fluorescence': False}"
RS_1588,[0.15232195 0.15198631 0.15288301 ... 0.00081757 0.00052611 0.        ],biological,[ 100  102  104 ... 3194 3196 3198],54.659283708604235,2,"{'cosmic_spike': False, 'fluorescence': True}"
RS_1589,"[2.96179616e-04 2.91709845e-04 1.96231120e-04 ... 3.52272647e-01
 3.53071351e-01 3.53635185e-01]",biological,[ 100  102  104 ... 3194 3196 3198],63.2311108473935,2,"{'cosmic_spike': False, 'fluorescence': False}"
RS_1590,[0.26209954 0.26218006 0.2618934  ... 0.02769178 0.02800071 0.02790608],biological,[ 100  102  104 ... 3194 3196 3198],76.34556257413942,2,"{'cosmic_spike': False, 'fluorescence': True}"
RS_1591,[0.07799159 0.09130704 0.07270662 ... 0.01975773 0.01130076 0.06016432],biological,[ 100  102  104 ... 3194 3196 3198],24.81680043063844,2,"{'cosmic_spike': False, 'fluorescence': False}"
RS_1592,[0.00146989 0.00214798 0.00229292 ... 0.19397318 0.19398098 0.19431509],biological,[ 100  102  104 ... 3194 3196 3198],54.21203318710153,2,"{'cosmic_spike': False, 'fluorescence': False}"
RS_1593,[0.19126847 0.16548152 0.16698587 ... 0.11429657 0.08335095 0.0479498 ],biological,[ 100  102  104 ... 3194 3196 3198],19.60225427808924,2,"{'cosmic_spike': False, 'fluorescence': True}"
RS_1594,"[1.23119128e-01 1.23320944e-01 1.23598279e-01 ... 7.04328283e-04
 1.11962060e-04 0.00000000e+00]",biological,[ 100  102  104 ... 3194 3196 3198],55.67629848637693,2,"{'cosmic_spike': True, 'fluorescence': True}"
RS_1595,[0.22990929 0.09652371 0.07753858 ... 0.25305476 0.22324014 0.14178894],biological,[ 100  102  104 ... 3194 3196 3198],10.771781032680252,2,"{'cosmic_spike': False, 'fluorescence': False}"
RS_1596,[0.20943312 0.16783768 0.13854021 ... 0.23241927 0.24513934 0.35416944],biological,[ 100  102  104 ... 3194 3196 3198],6.6024065703510555,2,"{'cosmic_spike': False, 'fluorescence': True}"
RS_1597,[0.10465116 0.1049892  0.10568479 ... 0.00104413 0.0004657  0.        ],biological,[ 100  102  104 ... 3194 3196 3198],70.74568977280961,2,"{'cosmic_spike': False, 'fluorescence': True}"
RS_1598,"[1.45161727e-01 1.44964917e-01 1.44769120e-01 ... 1.06617212e-04
 0.00000000e+00 1.42102533e-04]",biological,[ 100  102  104 ... 3194 3196 3198],72.88273064262664,2,"{'cosmic_spike': False, 'fluorescence': False}"
RS_1599,[0.19001855 0.19053266 0.18993718 ... 0.00110959 0.         0.00089146],biological,[ 100  102  104 ... 3194 3196 3198],52.18279163252979,2,"{'cosmic_spike': False, 'fluorescence': False}"
RS_1600,[0.00014875 0.00012285 0.         ... 0.00842154 0.00825079 0.00829289],biological,[ 100  102  104 ... 3194 3196 3198],65.2074927309822,2,"{'cosmic_spike': False, 'fluorescence': False}"
RS_1601,[0.17750123 0.17737932 0.17625923 ... 0.11494444 0.11561312 0.11552477],biological,[ 100  102  104 ... 3194 3196 3198],61.40893914289603,2,"{'cosmic_spike': False, 'fluorescence': True}"
RS_1602,[0.14272161 0.14113926 0.14047504 ... 0.06965681 0.07174873 0.07384784],biological,[ 100  102  104 ... 3194 3196 3198],38.333993556069785,2,"{'cosmic_spike': False, 'fluorescence': False}"
RS_1603,[0.         0.0005021  0.00126516 ... 0.14736255 0.14671195 0.14738576],biological,[ 100  102  104 ... 3194 3196 3198],56.60099374210213,2,"{'cosmic_spike': False, 'fluorescence': False}"
RS_1604,[0.01105607 0.02716337 0.02708369 ... 0.17517461 0.18945905 0.18642076],biological,[ 100  102  104 ... 3194 3196 3198],23.077186124598988,2,"{'cosmic_spike': False, 'fluorescence': False}"
RS_1605,"[0.00000000e+00 2.56115890e-05 7.15548131e-04 ... 1.91731396e-01
 1.91433414e-01 1.91174767e-01]",biological,[ 100  102  104 ... 3194 3196 3198],64.34150739449447,2,"{'cosmic_spike': False, 'fluorescence': False}"
RS_1606,[0.00693268 0.00180895 0.00888105 ... 0.15884369 0.16497629 0.17000452],biological,[ 100  102  104 ... 3194 3196 3198],33.72870178520207,2,"{'cosmic_spike': False, 'fluorescence': False}"
RS_1607,[0.00064352 0.         0.00104305 ... 0.22579158 0.22652645 0.22689993],biological,[ 100  102  104 ... 3194 3196 3198],47.14335667643146,2,"{'cosmic_spike': False, 'fluorescence': True}"
RS_1608,[0.09919494 0.09764875 0.09869849 ... 0.1652635  0.16518524 0.16594505],biological,[ 100  102  104 ... 3194 3196 3198],55.52295928083022,2,"{'cosmic_spike': False, 'fluorescence': False}"
RS_1609,[0.         0.00090248 0.00131128 ... 0.36165038 0.36202419 0.36238736],biological,[ 100  102  104 ... 3194 3196 3198],51.755069189316124,2,"{'cosmic_spike': False, 'fluorescence': True}"
RS_1610,[0.09117883 0.09170896 0.09056886 ... 0.2456852  0.24724669 0.24728849],biological,[ 100  102  104 ... 3194 3196 3198],48.76302479832612,2,"{'cosmic_spike': False, 'fluorescence': False}"
RS_1611,[0.16097608 0.16063563 0.16032433 ... 0.00853738 0.00872453 0.00890669],biological,[ 100  102  104 ... 3194 3196 3198],63.878530207360164,2,"{'cosmic_spike': False, 'fluorescence': False}"
RS_1612,[0.00192646 0.         0.00149834 ... 0.0034808  0.0060332  0.00232474],biological,[ 100  102  104 ... 3194 3196 3198],42.51847610952057,2,"{'cosmic_spike': False, 'fluorescence': False}"
RS_1613,[0.26144477 0.18414812 0.18993995 ... 0.13096113 0.16139348 0.06919692],biological,[ 100  102  104 ... 3194 3196 3198],10.392944556965437,2,"{'cosmic_spike': False, 'fluorescence': False}"
RS_1614,[0.         0.00076282 0.00130663 ... 0.15120898 0.15091482 0.15105742],biological,[ 100  102  104 ... 3194 3196 3198],67.69116473355152,2,"{'cosmic_spike': True, 'fluorescence': False}"
RS_1615,[0.00690932 0.01735777 0.01003833 ... 0.03847003 0.03884714 0.04681016],biological,[ 100  102  104 ... 3194 3196 3198],30.86809986125564,2,"{'cosmic_spike': False, 'fluorescence': False}"
RS_1616,[0.28430637 0.28441253 0.28447715 ... 0.00051152 0.00049329 0.        ],biological,[ 100  102  104 ... 3194 3196 3198],74.91139717097536,2,"{'cosmic_spike': False, 'fluorescence': False}"
RS_1617,"[0.00000000e+00 3.44516059e-05 3.01454872e-04 ... 9.32291819e-03
 9.18578816e-03 9.02620099e-03]",biological,[ 100  102  104 ... 3194 3196 3198],64.3714249628998,2,"{'cosmic_spike': False, 'fluorescence': False}"
RS_1618,[0.         0.00106581 0.00644554 ... 0.28116535 0.28388    0.28370436],biological,[ 100  102  104 ... 3194 3196 3198],42.029959052747024,2,"{'cosmic_spike': False, 'fluorescence': False}"
RS_1619,[0.         0.00071487 0.00074854 ... 0.12857653 0.12845209 0.12826391],biological,[ 100  102  104 ... 3194 3196 3198],67.8183075064058,2,"{'cosmic_spike': False, 'fluorescence': True}"
RS_1620,[0.24719982 0.24939947 0.24603239 ... 0.00162646 0.0035925  0.00042672],biological,[ 100  102  104 ... 3194 3196 3198],41.37362184961033,2,"{'cosmic_spike': False, 'fluorescence': False}"
RS_1621,[0.1155728  0.10073788 0.10451341 ... 0.01601949 0.01437021 0.0237284 ],biological,[ 100  102  104 ... 3194 3196 3198],26.244579672436696,2,"{'cosmic_spike': False, 'fluorescence': False}"
RS_1622,[0.1531401  0.22276639 0.24735691 ... 0.3066772  0.1781181  0.20104851],biological,[ 100  102  104 ... 3194 3196 3198],6.066968526808418,2,"{'cosmic_spike': False, 'fluorescence': False}"
RS_1623,[0.         0.00028155 0.00031191 ... 0.09176194 0.09182804 0.09211448],biological,[ 100  102  104 ... 3194 3196 3198],66.76028473611282,2,"{'cosmic_spike': False, 'fluorescence': False}"
RS_1624,[0.15879967 0.10156181 0.08954643 ... 0.19071879 0.27322602 0.20352837],biological,[ 100  102  104 ... 3194 3196 3198],11.114879708356913,2,"{'cosmic_spike': False, 'fluorescence': False}"
RS_1625,"[3.90244676e-01 3.90267757e-01 3.90266773e-01 ... 1.77934691e-04
 4.23281231e-04 0.00000000e+00]",biological,[ 100  102  104 ... 3194 3196 3198],49.33943688163845,2,"{'cosmic_spike': False, 'fluorescence': False}"
RS_1626,[0.00930602 0.01427569 0.00923444 ... 0.03602651 0.04403765 0.03826802],biological,[ 100  102  104 ... 3194 3196 3198],31.397441206850285,2,"{'cosmic_spike': False, 'fluorescence': False}"
RS_1627,[0.32521305 0.32545947 0.32509872 ... 0.00191807 0.00120158 0.        ],biological,[ 100  102  104 ... 3194 3196 3198],49.602714341320365,2,"{'cosmic_spike': False, 'fluorescence': True}"
RS_1628,"[0.00000000e+00 5.36962971e-04 3.26165401e-04 ... 3.79630836e-01
 3.79984293e-01 3.80367377e-01]",biological,[ 100  102  104 ... 3194 3196 3198],70.62668978761462,2,"{'cosmic_spike': False, 'fluorescence': False}"
RS_1629,[0.         0.00045181 0.00041225 ... 0.11309401 0.11290585 0.11290057],biological,[ 100  102  104 ... 3194 3196 3198],60.9116417552252,2,"{'cosmic_spike': False, 'fluorescence': True}"
RS_1630,[0.20767923 0.19407869 0.16783565 ... 0.21923726 0.15188768 0.2489751 ],biological,[ 100  102  104 ... 3194 3196 3198],10.014092273975942,2,"{'cosmic_spike': False, 'fluorescence': True}"
RS_1631,[0.00091829 0.         0.00103821 ... 0.10528887 0.1059727  0.10604105],biological,[ 100  102  104 ... 3194 3196 3198],47.70292073366709,2,"{'cosmic_spike': False, 'fluorescence': False}"
RS_1632,[0.00064233 0.00091152 0.00252349 ... 0.21315469 0.2192704  0.21453644],biological,[ 100  102  104 ... 3194 3196 3198],38.17493534840481,2,"{'cosmic_spike': False, 'fluorescence': False}"
RS_1633,[0.0025896  0.00102494 0.00301189 ... 0.12752882 0.12802434 0.12844116],biological,[ 100  102  104 ... 3194 3196 3198],37.98456087180463,2,"{'cosmic_spike': False, 'fluorescence': True}"
RS_1634,[0.22296713 0.22352968 0.22490739 ... 0.00880933 0.00853486 0.00892389],biological,[ 100  102  104 ... 3194 3196 3198],50.63460080036648,2,"{'cosmic_spike': False, 'fluorescence': True}"
RS_1635,[0.         0.00067069 0.00070479 ... 0.23087066 0.23072001 0.23030479],biological,[ 100  102  104 ... 3194 3196 3198],73.66624526833314,2,"{'cosmic_spike': False, 'fluorescence': False}"
RS_1636,[0.00195845 0.00227808 0.0017875  ... 0.10860213 0.10951881 0.10995205],biological,[ 100  102  104 ... 3194 3196 3198],51.377780631939686,2,"{'cosmic_spike': False, 'fluorescence': True}"
RS_1637,[0.0041781  0.00431843 0.0035926  ... 0.33872052 0.3396919  0.34142274],biological,[ 100  102  104 ... 3194 3196 3198],51.73041927441056,2,"{'cosmic_spike': False, 'fluorescence': False}"
RS_1638,[0.18248192 0.29294389 0.25248541 ... 0.43785367 0.42593585 0.48880477],biological,[ 100  102  104 ... 3194 3196 3198],15.239834494084906,2,"{'cosmic_spike': False, 'fluorescence': False}"
RS_1639,"[0.00000000e+00 1.09403593e-04 3.12287825e-04 ... 2.18731111e-01
 2.18646696e-01 2.19016762e-01]",biological,[ 100  102  104 ... 3194 3196 3198],57.70666542184426,2,"{'cosmic_spike': True, 'fluorescence': False}"
RS_1640,[0.0366824  0.03287985 0.04765103 ... 0.10509018 0.11411438 0.12513978],biological,[ 100  102  104 ... 3194 3196 3198],20.42690973169723,2,"{'cosmic_spike': False, 'fluorescence': False}"
RS_1641,[0.28872368 0.1827147  0.13139339 ... 0.38943834 0.29511916 0.20260744],biological,[ 100  102  104 ... 3194 3196 3198],5.725944942955178,2,"{'cosmic_spike': False, 'fluorescence': False}"
RS_1642,[0.04023729 0.04074279 0.04133499 ... 0.0006834  0.00050707 0.        ],biological,[ 100  102  104 ... 3194 3196 3198],65.18022758192313,2,"{'cosmic_spike': False, 'fluorescence': False}"
RS_1643,[0.17711131 0.17650211 0.17563033 ... 0.00318782 0.00200449 0.00087737],biological,[ 100  102  104 ... 3194 3196 3198],47.06547907394754,2,"{'cosmic_spike': False, 'fluorescence': False}"
RS_1644,[0.00776722 0.00032672 0.00139661 ... 0.14224649 0.14850502 0.14701776],biological,[ 100  102  104 ... 3194 3196 3198],31.936856156291775,2,"{'cosmic_spike': False, 'fluorescence': True}"
RS_1645,[0.19382079 0.16731325 0.15165515 ... 0.1500001  0.07512093 0.06517342],biological,[ 100  102  104 ... 3194 3196 3198],11.41655806836786,2,"{'cosmic_spike': False, 'fluorescence': False}"
RS_1646,[0.06587062 0.         0.07180079 ... 0.19868555 0.17571814 0.19151524],biological,[ 100  102  104 ... 3194 3196 3198],22.207021395555902,2,"{'cosmic_spike': False, 'fluorescence': False}"
RS_1647,"[0.00000000e+00 3.40985684e-05 7.43271413e-04 ... 2.12797443e-01
 2.11676512e-01 2.11397899e-01]",biological,[ 100  102  104 ... 3194 3196 3198],51.31898284658772,2,"{'cosmic_spike': False, 'fluorescence': False}"
RS_1648,[0.15519152 0.15467644 0.1545777  ... 0.02251568 0.02293272 0.02289294],biological,[ 100  102  104 ... 3194 3196 3198],74.17613000231525,2,"{'cosmic_spike': False, 'fluorescence': True}"
RS_1649,[0.         0.00097018 0.00118428 ... 0.18025005 0.17944173 0.17959895],biological,[ 100  102  104 ... 3194 3196 3198],52.31130727635132,2,"{'cosmic_spike': False, 'fluorescence': True}"
RS_1650,[0.00119684 0.         0.00012026 ... 0.04177135 0.04172004 0.04079656],biological,[ 100  102  104 ... 3194 3196 3198],49.316412159294615,2,"{'cosmic_spike': False, 'fluorescence': False}"
RS_1651,[0.24104292 0.23774175 0.23803016 ... 0.00185112 0.         0.00147937],biological,[ 100  102  104 ... 3194 3196 3198],43.820669690889154,2,"{'cosmic_spike': False, 'fluorescence': True}"
RS_1652,[0.0234694  0.02324012 0.02200041 ... 0.00166548 0.00445205 0.00170616],biological,[ 100  102  104 ... 3194 3196 3198],41.62281795721316,2,"{'cosmic_spike': False, 'fluorescence': True}"
RS_1653,[0.01633432 0.0159274  0.01570173 ... 0.02566668 0.02594729 0.02614929],biological,[ 100  102  104 ... 3194 3196 3198],76.60547966265399,2,"{'cosmic_spike': False, 'fluorescence': False}"
RS_1654,[0.1159211  0.17104605 0.14664193 ... 0.03606792 0.06988253 0.08897025],biological,[ 100  102  104 ... 3194 3196 3198],20.43812508295403,2,"{'cosmic_spike': False, 'fluorescence': False}"
RS_1655,"[5.34332095e-01 5.34638559e-01 5.34279543e-01 ... 6.62207227e-04
 4.48770528e-04 0.00000000e+00]",biological,[ 100  102  104 ... 3194 3196 3198],72.61766931970826,2,"{'cosmic_spike': False, 'fluorescence': False}"
RS_1656,[0.12704422 0.06787736 0.06471606 ... 0.14300977 0.14354261 0.12925956],biological,[ 100  102  104 ... 3194 3196 3198],20.74081252132069,2,"{'cosmic_spike': False, 'fluorescence': False}"
RS_1657,[0.24557194 0.24558164 0.24518881 ... 0.00042691 0.         0.00042515],biological,[ 100  102  104 ... 3194 3196 3198],66.26900673578513,2,"{'cosmic_spike': False, 'fluorescence': True}"
RS_1658,[0.1981303  0.13056315 0.11823886 ... 0.28024629 0.40068704 0.28033109],biological,[ 100  102  104 ... 3194 3196 3198],6.948027844087899,2,"{'cosmic_spike': True, 'fluorescence': False}"
RS_1659,[0.03369603 0.04114559 0.05418926 ... 0.26975593 0.227275   0.25063072],biological,[ 100  102  104 ... 3194 3196 3198],22.871758812756383,2,"{'cosmic_spike': False, 'fluorescence': False}"
RS_1660,[0.16294887 0.22995132 0.16848636 ... 0.1541425  0.20627518 0.13259986],biological,[ 100  102  104 ... 3194 3196 3198],12.598149746722887,2,"{'cosmic_spike': False, 'fluorescence': False}"
RS_1661,[0.3460797  0.35502708 0.3514378  ... 0.01254807 0.0048085  0.02008918],biological,[ 100  102  104 ... 3194 3196 3198],24.303163560354296,2,"{'cosmic_spike': False, 'fluorescence': True}"
RS_1662,[0.25287073 0.24773423 0.26709697 ... 0.13581632 0.08383088 0.10557986],biological,[ 100  102  104 ... 3194 3196 3198],20.411249316650085,2,"{'cosmic_spike': False, 'fluorescence': False}"
RS_1663,[0.0023449  0.00136301 0.00266902 ... 0.0647327  0.0641034  0.06461234],biological,[ 100  102  104 ... 3194 3196 3198],44.427948962655826,2,"{'cosmic_spike': False, 'fluorescence': True}"
RS_1664,[0.         0.00043786 0.00136813 ... 0.19338306 0.19313805 0.19291287],biological,[ 100  102  104 ... 3194 3196 3198],66.04656212341348,2,"{'cosmic_spike': False, 'fluorescence': False}"
RS_1665,[0.02387775 0.02276434 0.0228414  ... 0.34813011 0.34863564 0.34961441],biological,[ 100  102  104 ... 3194 3196 3198],50.7042362004799,2,"{'cosmic_spike': False, 'fluorescence': True}"
RS_1666,[0.00202152 0.00194991 0.00452383 ... 0.33474512 0.33206209 0.33554044],biological,[ 100  102  104 ... 3194 3196 3198],38.75039721405049,2,"{'cosmic_spike': False, 'fluorescence': True}"
RS_1667,[0.27348876 0.24177238 0.22451612 ... 0.02798459 0.06952186 0.02960317],biological,[ 100  102  104 ... 3194 3196 3198],17.042783930654128,2,"{'cosmic_spike': False, 'fluorescence': False}"
RS_1668,"[1.72249894e-01 1.72398256e-01 1.72617148e-01 ... 7.63400792e-04
 0.00000000e+00 2.82031351e-05]",biological,[ 100  102  104 ... 3194 3196 3198],70.24580793138428,2,"{'cosmic_spike': True, 'fluorescence': False}"
RS_1669,[0.17640224 0.17589384 0.17573777 ... 0.01029166 0.01003173 0.01049648],biological,[ 100  102  104 ... 3194 3196 3198],69.48694714535608,2,"{'cosmic_spike': False, 'fluorescence': False}"
RS_1670,[0.         0.00047062 0.0008146  ... 0.39401225 0.3947236  0.39510307],biological,[ 100  102  104 ... 3194 3196 3198],67.78186725049954,2,"{'cosmic_spike': False, 'fluorescence': False}"
RS_1671,"[2.49554580e-01 2.49671216e-01 2.49908070e-01 ... 5.60863745e-04
 2.10387243e-04 0.00000000e+00]",biological,[ 100  102  104 ... 3194 3196 3198],66.95650386170001,2,"{'cosmic_spike': False, 'fluorescence': False}"
RS_1672,[0.06016385 0.0634167  0.06025433 ... 0.00277835 0.00130635 0.00595223],biological,[ 100  102  104 ... 3194 3196 3198],38.9472793831842,2,"{'cosmic_spike': False, 'fluorescence': False}"
RS_1673,[0.07877625 0.0320596  0.08290598 ... 0.32083453 0.34222309 0.29562241],biological,[ 100  102  104 ... 3194 3196 3198],18.78291301100506,2,"{'cosmic_spike': False, 'fluorescence': False}"
RS_1674,[0.20946483 0.20968827 0.21003641 ... 0.00083235 0.00044965 0.        ],biological,[ 100  102  104 ... 3194 3196 3198],70.29052905893319,2,"{'cosmic_spike': False, 'fluorescence': False}"
RS_1675,[0.2223409  0.2881816  0.09852567 ... 0.38919967 0.25644069 0.41645347],biological,[ 100  102  104 ... 3194 3196 3198],7.049230152884027,2,"{'cosmic_spike': False, 'fluorescence': False}"
RS_1676,"[4.38224705e-01 4.37301162e-01 4.37086405e-01 ... 6.44491144e-06
 1.09089017e-04 0.00000000e+00]",biological,[ 100  102  104 ... 3194 3196 3198],72.53809146319911,2,"{'cosmic_spike': False, 'fluorescence': False}"
RS_1677,[0.0989722  0.09886442 0.09892784 ... 0.00078517 0.         0.00011328],biological,[ 100  102  104 ... 3194 3196 3198],72.8501187813998,2,"{'cosmic_spike': False, 'fluorescence': False}"
RS_1678,[0.14465592 0.14072935 0.14017868 ... 0.01529715 0.02690493 0.02417463],biological,[ 100  102  104 ... 3194 3196 3198],36.30788216984769,2,"{'cosmic_spike': False, 'fluorescence': True}"
RS_1679,[0.04882119 0.1172873  0.08970147 ... 0.15479899 0.18622243 0.20135997],biological,[ 100  102  104 ... 3194 3196 3198],12.011722717827269,2,"{'cosmic_spike': False, 'fluorescence': False}"
RS_1680,[0.26320499 0.25527087 0.25384902 ... 0.         0.00864887 0.00575464],biological,[ 100  102  104 ... 3194 3196 3198],29.250940306773398,2,"{'cosmic_spike': False, 'fluorescence': False}"
RS_1681,[0.04798433 0.01424446 0.03177208 ... 0.61203868 0.58786365 0.59618867],biological,[ 100  102  104 ... 3194 3196 3198],22.529296319427772,2,"{'cosmic_spike': True, 'fluorescence': False}"
RS_1682,[0.19885383 0.19880322 0.19917297 ... 0.00128076 0.0007971  0.        ],biological,[ 100  102  104 ... 3194 3196 3198],71.36836400623314,2,"{'cosmic_spike': False, 'fluorescence': False}"
RS_1683,"[1.02877369e-01 1.02485434e-01 1.03394143e-01 ... 3.37899668e-04
 3.67981649e-04 7.24838734e-05]",biological,[ 100  102  104 ... 3194 3196 3198],46.38747248084974,2,"{'cosmic_spike': False, 'fluorescence': False}"
RS_1684,[0.27692995 0.29262909 0.27542255 ... 0.04738054 0.05555895 0.06042131],biological,[ 100  102  104 ... 3194 3196 3198],20.93118492416624,2,"{'cosmic_spike': False, 'fluorescence': False}"
RS_1685,[0.30984284 0.30949933 0.30851905 ... 0.15616457 0.1554933  0.15618551],biological,[ 100  102  104 ... 3194 3196 3198],45.81150799254136,2,"{'cosmic_spike': False, 'fluorescence': False}"
RS_1686,[0.         0.00043292 0.00136362 ... 0.06169861 0.06183065 0.06172048],biological,[ 100  102  104 ... 3194 3196 3198],49.55942582518821,2,"{'cosmic_spike': False, 'fluorescence': False}"
RS_1687,[0.02976167 0.04429813 0.01058664 ... 0.14494965 0.13974821 0.13993994],biological,[ 100  102  104 ... 3194 3196 3198],17.73327099138305,2,"{'cosmic_spike': False, 'fluorescence': False}"
RS_1688,[0.07577235 0.07521599 0.07548475 ... 0.0183636  0.01889891 0.01869624],biological,[ 100  102  104 ... 3194 3196 3198],75.25384344623205,2,"{'cosmic_spike': False, 'fluorescence': False}"
RS_1689,"[2.85068743e-05 0.00000000e+00 3.38212899e-04 ... 8.65660065e-01
 8.66544578e-01 8.67316133e-01]",biological,[ 100  102  104 ... 3194 3196 3198],78.55652548358853,2,"{'cosmic_spike': False, 'fluorescence': True}"
RS_1690,[0.         0.00029036 0.00034658 ... 0.1894504  0.18920322 0.18966769],biological,[ 100  102  104 ... 3194 3196 3198],62.755477384190115,2,"{'cosmic_spike': False, 'fluorescence': False}"
RS_1691,[0.27401815 0.27357605 0.27294081 ... 0.         0.00096582 0.00096118],biological,[ 100  102  104 ... 3194 3196 3198],56.45883179373603,2,"{'cosmic_spike': False, 'fluorescence': False}"
RS_1692,[0.03478565 0.00851956 0.00198664 ... 0.35700476 0.36299163 0.35876729],biological,[ 100  102  104 ... 3194 3196 3198],21.960321952215452,2,"{'cosmic_spike': False, 'fluorescence': False}"
RS_1693,[0.02584712 0.05993686 0.09391427 ... 0.24805894 0.21772736 0.20426444],biological,[ 100  102  104 ... 3194 3196 3198],14.597211340298543,2,"{'cosmic_spike': False, 'fluorescence': True}"
RS_1694,[0.26370037 0.31117816 0.32663245 ... 0.17517481 0.21619709 0.13933788],biological,[ 100  102  104 ... 3194 3196 3198],9.771684354823407,2,"{'cosmic_spike': False, 'fluorescence': True}"
RS_1695,[0.00021957 0.         0.0003452  ... 0.04354391 0.04318252 0.04280683],biological,[ 100  102  104 ... 3194 3196 3198],72.48323015178694,2,"{'cosmic_spike': False, 'fluorescence': False}"
RS_1696,[0.29424595 0.28982586 0.28704558 ... 0.02665877 0.02923956 0.00882715],biological,[ 100  102  104 ... 3194 3196 3198],32.098398934714524,2,"{'cosmic_spike': False, 'fluorescence': False}"
RS_1697,"[0.00000000e+00 8.41704702e-05 7.46963079e-04 ... 1.27789315e-01
 1.27722084e-01 1.27958471e-01]",biological,[ 100  102  104 ... 3194 3196 3198],71.16744220449537,2,"{'cosmic_spike': False, 'fluorescence': False}"
RS_1698,[0.13752038 0.19318167 0.18787572 ... 0.33152992 0.25810955 0.19826649],biological,[ 100  102  104 ... 3194 3196 3198],13.720305392620556,2,"{'cosmic_spike': False, 'fluorescence': True}"
RS_1699,[0.         0.00038726 0.0010172  ... 0.04734158 0.04715255 0.04626922],biological,[ 100  102  104 ... 3194 3196 3198],61.92182957521162,2,"{'cosmic_spike': False, 'fluorescence': True}"
RS_1700,[0.06419897 0.06430487 0.06425272 ... 0.04736964 0.04724947 0.04719836],biological,[ 100  102  104 ... 3194 3196 3198],69.736395453705,2,"{'cosmic_spike': False, 'fluorescence': True}"
RS_1701,[0.00578106 0.01505693 0.01228134 ... 0.00093298 0.00553881 0.        ],biological,[ 100  102  104 ... 3194 3196 3198],30.127086173240805,2,"{'cosmic_spike': False, 'fluorescence': False}"
RS_1702,[0.01810785 0.11462736 0.04686226 ... 0.28562377 0.27670669 0.34073968],biological,[ 100  102  104 ... 3194 3196 3198],14.100422147114228,2,"{'cosmic_spike': False, 'fluorescence': False}"
RS_1703,[0.0299196  0.02582188 0.02529855 ... 0.00699813 0.00694423 0.00068575],biological,[ 100  102  104 ... 3194 3196 3198],39.285787290729886,2,"{'cosmic_spike': False, 'fluorescence': True}"
RS_1704,"[3.41147022e-01 3.40634862e-01 3.40361398e-01 ... 1.43278141e-04
 9.30216820e-05 0.00000000e+00]",biological,[ 100  102  104 ... 3194 3196 3198],77.00650899953274,2,"{'cosmic_spike': False, 'fluorescence': True}"
RS_1705,[0.03781185 0.03882046 0.03497878 ... 0.04066285 0.04232761 0.0423496 ],biological,[ 100  102  104 ... 3194 3196 3198],45.235452068753396,2,"{'cosmic_spike': False, 'fluorescence': True}"
RS_1706,[0.21865613 0.21832412 0.21828172 ... 0.00072938 0.00057257 0.        ],biological,[ 100  102  104 ... 3194 3196 3198],76.9062922162018,2,"{'cosmic_spike': False, 'fluorescence': False}"
RS_1707,[0.02956413 0.02967057 0.02939886 ... 0.01806565 0.01807484 0.01833085],biological,[ 100  102  104 ... 3194 3196 3198],57.70335963227469,2,"{'cosmic_spike': True, 'fluorescence': False}"
RS_1708,[0.         0.00046576 0.00127259 ... 0.29110779 0.29096012 0.29078489],biological,[ 100  102  104 ... 3194 3196 3198],64.38034392651221,2,"{'cosmic_spike': False, 'fluorescence': False}"
RS_1709,[0.36979082 0.36840741 0.36691199 ... 0.51748272 0.51796042 0.51988097],biological,[ 100  102  104 ... 3194 3196 3198],73.50520835693477,2,"{'cosmic_spike': False, 'fluorescence': True}"
RS_1710,[0.25871588 0.25821626 0.25883265 ... 0.12823975 0.12907959 0.12887606],biological,[ 100  102  104 ... 3194 3196 3198],51.63438384832378,2,"{'cosmic_spike': False, 'fluorescence': False}"
RS_1711,"[3.32803007e-01 3.32447485e-01 3.32845488e-01 ... 5.98395055e-04
 7.14674797e-05 0.00000000e+00]",biological,[ 100  102  104 ... 3194 3196 3198],70.07173785614032,2,"{'cosmic_spike': False, 'fluorescence': True}"
RS_1712,[0.27989084 0.27284261 0.25088005 ... 0.17166697 0.14080347 0.19154757],biological,[ 100  102  104 ... 3194 3196 3198],10.49462398461166,2,"{'cosmic_spike': False, 'fluorescence': True}"
RS_1713,"[1.78311349e-01 1.77890444e-01 1.78035221e-01 ... 3.04192565e-04
 9.44533557e-05 0.00000000e+00]",biological,[ 100  102  104 ... 3194 3196 3198],76.42780958422627,2,"{'cosmic_spike': False, 'fluorescence': False}"
RS_1714,[0.25034375 0.25746429 0.25737323 ... 0.20727909 0.21227902 0.20453191],biological,[ 100  102  104 ... 3194 3196 3198],37.69183284127874,2,"{'cosmic_spike': False, 'fluorescence': True}"
RS_1715,[0.         0.00057158 0.00226494 ... 0.07918215 0.08026354 0.07946257],biological,[ 100  102  104 ... 3194 3196 3198],50.749297997987064,2,"{'cosmic_spike': False, 'fluorescence': False}"
RS_1716,[0.14781358 0.14641359 0.14631654 ... 0.32879173 0.3297488  0.33112609],biological,[ 100  102  104 ... 3194 3196 3198],70.36664827761425,2,"{'cosmic_spike': False, 'fluorescence': False}"
RS_1717,"[0.00000000e+00 1.34582141e-04 3.42996155e-05 ... 1.74050763e-02
 1.75023797e-02 1.71336722e-02]",biological,[ 100  102  104 ... 3194 3196 3198],71.1223980108549,2,"{'cosmic_spike': False, 'fluorescence': True}"
RS_1718,"[4.71918917e-05 1.38576401e-04 0.00000000e+00 ... 3.72833034e-01
 3.73283159e-01 3.73814833e-01]",biological,[ 100  102  104 ... 3194 3196 3198],58.3886065584496,2,"{'cosmic_spike': False, 'fluorescence': False}"
RS_1719,[0.13884448 0.13960532 0.13891284 ... 0.00054881 0.00113835 0.00101796],biological,[ 100  102  104 ... 3194 3196 3198],58.30767439026317,2,"{'cosmic_spike': False, 'fluorescence': True}"
RS_1720,[0.09691307 0.09277592 0.09235222 ... 0.01192245 0.00863987 0.0135536 ],biological,[ 100  102  104 ... 3194 3196 3198],35.49981786956306,2,"{'cosmic_spike': False, 'fluorescence': False}"
RS_1721,[0.19594941 0.16533583 0.19771709 ... 0.35274214 0.30156794 0.38574755],biological,[ 100  102  104 ... 3194 3196 3198],8.63406787571306,2,"{'cosmic_spike': False, 'fluorescence': True}"
RS_1722,[0.00258068 0.00493082 0.         ... 0.04874406 0.0480659  0.04824921],biological,[ 100  102  104 ... 3194 3196 3198],40.93730245082616,2,"{'cosmic_spike': False, 'fluorescence': False}"
RS_1723,[0.         0.00052582 0.00031704 ... 0.16422346 0.16418775 0.16420801],biological,[ 100  102  104 ... 3194 3196 3198],63.64773399174797,2,"{'cosmic_spike': True, 'fluorescence': False}"
RS_1724,"[2.90704926e-02 2.95685339e-02 2.92423546e-02 ... 6.38538587e-05
 0.00000000e+00 7.45507703e-04]",biological,[ 100  102  104 ... 3194 3196 3198],66.82096538764085,2,"{'cosmic_spike': False, 'fluorescence': False}"
RS_1725,[0.00804205 0.00811741 0.00816407 ... 0.25737924 0.25770631 0.25804954],biological,[ 100  102  104 ... 3194 3196 3198],73.88088761309386,2,"{'cosmic_spike': False, 'fluorescence': False}"
RS_1726,[0.17951833 0.1598236  0.15644841 ... 0.08996591 0.06108388 0.08675543],biological,[ 100  102  104 ... 3194 3196 3198],15.531197376423826,2,"{'cosmic_spike': False, 'fluorescence': False}"
RS_1727,[0.03568681 0.03833358 0.03770188 ... 0.00452042 0.00441981 0.00039759],biological,[ 100  102  104 ... 3194 3196 3198],37.69137127951944,2,"{'cosmic_spike': False, 'fluorescence': False}"
RS_1728,[0.         0.00082149 0.00279305 ... 0.24604067 0.24427099 0.24259925],biological,[ 100  102  104 ... 3194 3196 3198],40.54484778931537,2,"{'cosmic_spike': False, 'fluorescence': False}"
RS_1729,[0.11772688 0.11981123 0.1148572  ... 0.         0.00265668 0.00892061],biological,[ 100  102  104 ... 3194 3196 3198],36.599973003644024,2,"{'cosmic_spike': False, 'fluorescence': True}"
RS_1730,[0.02438207 0.02420064 0.02501343 ... 0.00049209 0.00025596 0.        ],biological,[ 100  102  104 ... 3194 3196 3198],55.1356710755441,2,"{'cosmic_spike': False, 'fluorescence': False}"
RS_1731,[0.20063372 0.20058464 0.20098556 ... 0.00309474 0.00575655 0.00109321],biological,[ 100  102  104 ... 3194 3196 3198],44.372136408862964,2,"{'cosmic_spike': False, 'fluorescence': False}"
RS_1732,[0.00052232 0.00048064 0.0006047  ... 0.03302923 0.0325184  0.03305268],biological,[ 100  102  104 ... 3194 3196 3198],64.37091639291225,2,"{'cosmic_spike': False, 'fluorescence': False}"
RS_1733,[0.26620721 0.26572569 0.26535005 ... 0.08957266 0.090109   0.09105166],biological,[ 100  102  104 ... 3194 3196 3198],54.31081012539772,2,"{'cosmic_spike': False, 'fluorescence': False}"
RS_1734,[0.0007268  0.00141542 0.         ... 0.05202875 0.05183941 0.05216846],biological,[ 100  102  104 ... 3194 3196 3198],45.602739603667,2,"{'cosmic_spike': True, 'fluorescence': True}"
RS_1735,[0.19071562 0.18060391 0.21341436 ... 0.05706361 0.04342319 0.07031782],biological,[ 100  102  104 ... 3194 3196 3198],21.003827700347742,2,"{'cosmic_spike': False, 'fluorescence': False}"
RS_1736,"[6.05187505e-02 6.04939885e-02 6.03603012e-02 ... 4.78778790e-05
 2.99978190e-04 0.00000000e+00]",biological,[ 100  102  104 ... 3194 3196 3198],76.88733698906039,2,"{'cosmic_spike': False, 'fluorescence': True}"
RS_1737,"[2.33316969e-05 0.00000000e+00 1.89429078e-04 ... 6.19250302e-02
 6.17083972e-02 6.17685414e-02]",biological,[ 100  102  104 ... 3194 3196 3198],65.8724641662356,2,"{'cosmic_spike': False, 'fluorescence': False}"
RS_1738,[0.25190133 0.25583886 0.25212334 ... 0.00337366 0.00219682 0.00226493],biological,[ 100  102  104 ... 3194 3196 3198],42.75453120331404,2,"{'cosmic_spike': False, 'fluorescence': False}"
RS_1739,[0.4226593  0.42247933 0.4146747  ... 0.05980884 0.15621685 0.11516023],biological,[ 100  102  104 ... 3194 3196 3198],10.825284354629758,2,"{'cosmic_spike': False, 'fluorescence': True}"
RS_1740,[0.12634011 0.13560316 0.11812389 ... 0.16464223 0.16885797 0.17727467],biological,[ 100  102  104 ... 3194 3196 3198],16.707463705259094,2,"{'cosmic_spike': False, 'fluorescence': False}"
RS_1741,[0.01428394 0.01522165 0.00333829 ... 0.0124906  0.01295156 0.01027493],biological,[ 100  102  104 ... 3194 3196 3198],28.62970374729636,2,"{'cosmic_spike': False, 'fluorescence': False}"
RS_1742,[0.11678084 0.11698769 0.11700358 ... 0.32098867 0.32274474 0.32251909],biological,[ 100  102  104 ... 3194 3196 3198],47.25167533792185,2,"{'cosmic_spike': False, 'fluorescence': False}"
RS_1743,[0.15041826 0.16841385 0.17963968 ... 0.05439658 0.04353984 0.04320787],biological,[ 100  102  104 ... 3194 3196 3198],20.865695759448712,2,"{'cosmic_spike': False, 'fluorescence': False}"
RS_1744,[0.46758866 0.45270804 0.46454983 ... 0.06035675 0.05713395 0.06566211],biological,[ 100  102  104 ... 3194 3196 3198],29.677220345174725,2,"{'cosmic_spike': False, 'fluorescence': True}"
RS_1745,[0.         0.00029994 0.00078956 ... 0.29588063 0.29584419 0.29601309],biological,[ 100  102  104 ... 3194 3196 3198],65.23347165392967,2,"{'cosmic_spike': False, 'fluorescence': True}"
RS_1746,[0.13299279 0.26437271 0.19988165 ... 0.25342038 0.03729903 0.        ],biological,[ 100  102  104 ... 3194 3196 3198],7.060542353093666,2,"{'cosmic_spike': False, 'fluorescence': False}"
RS_1747,[0.03673001 0.05330431 0.04864965 ... 0.01685271 0.01434248 0.02144785],biological,[ 100  102  104 ... 3194 3196 3198],24.950839428985763,2,"{'cosmic_spike': False, 'fluorescence': False}"
RS_1748,[0.         0.00508268 0.00283486 ... 0.14041912 0.13858982 0.1421632 ],biological,[ 100  102  104 ... 3194 3196 3198],34.73263131900432,2,"{'cosmic_spike': False, 'fluorescence': False}"
RS_1749,[0.06529089 0.06573924 0.06540726 ... 0.00034883 0.         0.00010404],biological,[ 100  102  104 ... 3194 3196 3198],73.48132207953832,2,"{'cosmic_spike': False, 'fluorescence': False}"
RS_1750,[0.0052612  0.0020532  0.00301598 ... 0.17787373 0.179144   0.17831691],biological,[ 100  102  104 ... 3194 3196 3198],40.269441215678846,2,"{'cosmic_spike': False, 'fluorescence': False}"
RS_1751,[0.00084228 0.00744862 0.00118209 ... 0.21834836 0.21602132 0.21918241],biological,[ 100  102  104 ... 3194 3196 3198],36.74458306856231,2,"{'cosmic_spike': False, 'fluorescence': False}"
RS_1752,[0.02293832 0.         0.00291225 ... 0.34600528 0.33969816 0.33259932],biological,[ 100  102  104 ... 3194 3196 3198],23.93612050880776,2,"{'cosmic_spike': False, 'fluorescence': False}"
RS_1753,[0.18787353 0.18741186 0.18717538 ... 0.04146728 0.04149142 0.04126305],biological,[ 100  102  104 ... 3194 3196 3198],78.84950182643603,2,"{'cosmic_spike': False, 'fluorescence': False}"
RS_1754,[0.05812022 0.05819552 0.05828784 ... 0.00025569 0.         0.00018698],biological,[ 100  102  104 ... 3194 3196 3198],74.3255179080511,2,"{'cosmic_spike': False, 'fluorescence': False}"
RS_1755,[0.0292947  0.02889725 0.02895318 ... 0.07089811 0.07117974 0.07146374],biological,[ 100  102  104 ... 3194 3196 3198],73.82206408071795,2,"{'cosmic_spike': False, 'fluorescence': False}"
RS_1756,[0.08733286 0.08752166 0.08758599 ... 0.00063933 0.00051034 0.        ],biological,[ 100  102  104 ... 3194 3196 3198],57.102439237973286,2,"{'cosmic_spike': False, 'fluorescence': False}"
RS_1757,[0.08509759 0.08506191 0.08555367 ... 0.0004439  0.00090795 0.00053305],biological,[ 100  102  104 ... 3194 3196 3198],62.56763711973125,2,"{'cosmic_spike': False, 'fluorescence': False}"
RS_1758,[0.11831523 0.11774617 0.11835879 ... 0.15832514 0.15901291 0.1591408 ],biological,[ 100  102  104 ... 3194 3196 3198],58.10874015864277,2,"{'cosmic_spike': False, 'fluorescence': False}"
RS_1759,[0.07605475 0.07582125 0.07588459 ... 0.01818823 0.01793342 0.01830547],biological,[ 100  102  104 ... 3194 3196 3198],65.26141646090304,2,"{'cosmic_spike': False, 'fluorescence': False}"
RS_1760,"[1.73464856e-01 1.73040095e-01 1.73131157e-01 ... 1.34089472e-04
 0.00000000e+00 1.97145264e-05]",biological,[ 100  102  104 ... 3194 3196 3198],54.18987059280707,2,"{'cosmic_spike': False, 'fluorescence': True}"
RS_1761,[0.00795308 0.00261922 0.00458223 ... 0.06509054 0.07038294 0.06641223],biological,[ 100  102  104 ... 3194 3196 3198],34.91586593372183,2,"{'cosmic_spike': False, 'fluorescence': False}"
RS_1762,[0.         0.00052663 0.00115818 ... 0.24366656 0.2434037  0.24368157],biological,[ 100  102  104 ... 3194 3196 3198],78.37550496299184,2,"{'cosmic_spike': False, 'fluorescence': True}"
RS_1763,[0.16386309 0.16383808 0.16352275 ... 0.0825615  0.0835286  0.08369805],biological,[ 100  102  104 ... 3194 3196 3198],68.50794522403615,2,"{'cosmic_spike': False, 'fluorescence': False}"
RS_1764,[0.01145808 0.         0.00496676 ... 0.40290604 0.41150838 0.41505072],biological,[ 100  102  104 ... 3194 3196 3198],37.60625486308836,2,"{'cosmic_spike': False, 'fluorescence': False}"
RS_1765,[0.20406554 0.23979364 0.35118829 ... 0.16771009 0.10342664 0.15784666],biological,[ 100  102  104 ... 3194 3196 3198],10.342756346520247,2,"{'cosmic_spike': False, 'fluorescence': True}"
RS_1766,[0.04416974 0.05577831 0.03277923 ... 0.35794251 0.40167423 0.37187907],biological,[ 100  102  104 ... 3194 3196 3198],21.705521315724607,2,"{'cosmic_spike': False, 'fluorescence': False}"
RS_1767,"[2.35787235e-01 2.35744426e-01 2.35764004e-01 ... 2.10446038e-04
 2.21089006e-04 1.39816860e-04]",biological,[ 100  102  104 ... 3194 3196 3198],68.1845194512174,2,"{'cosmic_spike': False, 'fluorescence': False}"
RS_1768,"[1.61214359e-04 2.51476720e-04 1.14884582e-04 ... 1.65066146e-01
 1.64765228e-01 1.65056980e-01]",biological,[ 100  102  104 ... 3194 3196 3198],61.654383344241666,2,"{'cosmic_spike': False, 'fluorescence': False}"
RS_1769,[0.00024319 0.         0.00066647 ... 0.03782499 0.03787951 0.03783791],biological,[ 100  102  104 ... 3194 3196 3198],61.005320825829976,2,"{'cosmic_spike': False, 'fluorescence': False}"
RS_1770,[0.06030734 0.08686459 0.06449965 ... 0.18085819 0.20550194 0.19882972],biological,[ 100  102  104 ... 3194 3196 3198],19.017641416525212,2,"{'cosmic_spike': False, 'fluorescence': False}"
RS_1771,[0.0196358  0.01912073 0.04076674 ... 0.06893828 0.08260437 0.07690015],biological,[ 100  102  104 ... 3194 3196 3198],24.327227128451106,2,"{'cosmic_spike': False, 'fluorescence': True}"
RS_1772,"[0.00000000e+00 2.74135761e-04 1.67419475e-03 ... 2.87054796e-01
 2.87682976e-01 2.89078303e-01]",biological,[ 100  102  104 ... 3194 3196 3198],53.780990973887,2,"{'cosmic_spike': True, 'fluorescence': False}"
RS_1773,[0.03017694 0.03010344 0.02998464 ... 0.06410753 0.06434787 0.06478364],biological,[ 100  102  104 ... 3194 3196 3198],60.29567513475986,2,"{'cosmic_spike': True, 'fluorescence': False}"
RS_1774,"[2.29005911e-01 2.28844023e-01 2.29117209e-01 ... 9.51973698e-04
 1.23591729e-04 0.00000000e+00]",biological,[ 100  102  104 ... 3194 3196 3198],61.82046162655903,2,"{'cosmic_spike': False, 'fluorescence': False}"
RS_1775,[0.41303454 0.37273329 0.42739242 ... 0.09327095 0.04485442 0.03577995],biological,[ 100  102  104 ... 3194 3196 3198],15.942202658109368,2,"{'cosmic_spike': False, 'fluorescence': False}"
RS_1776,[0.04263401 0.04371878 0.04079335 ... 0.21359983 0.21354266 0.2134577 ],biological,[ 100  102  104 ... 3194 3196 3198],40.700054388070235,2,"{'cosmic_spike': False, 'fluorescence': False}"
RS_1777,[0.00048699 0.00207483 0.00212404 ... 0.06497189 0.06551753 0.06742058],biological,[ 100  102  104 ... 3194 3196 3198],40.836906092585345,2,"{'cosmic_spike': False, 'fluorescence': False}"
RS_1778,[0.19473225 0.20227442 0.19852654 ... 0.00380965 0.00232395 0.00193639],biological,[ 100  102  104 ... 3194 3196 3198],33.42940445871203,2,"{'cosmic_spike': False, 'fluorescence': True}"
RS_1779,[0.17711234 0.1771199  0.17709195 ... 0.00087566 0.00027545 0.        ],biological,[ 100  102  104 ... 3194 3196 3198],75.16940047334025,2,"{'cosmic_spike': False, 'fluorescence': False}"
RS_1780,[0.04725825 0.01895714 0.02513915 ... 0.04333563 0.0317497  0.01519693],biological,[ 100  102  104 ... 3194 3196 3198],18.952136517868684,2,"{'cosmic_spike': False, 'fluorescence': True}"
RS_1781,"[2.70135046e-01 2.69884531e-01 2.69509828e-01 ... 3.78132619e-04
 0.00000000e+00 1.53623673e-04]",biological,[ 100  102  104 ... 3194 3196 3198],63.564538699166164,2,"{'cosmic_spike': False, 'fluorescence': True}"
RS_1782,[0.03160737 0.03211452 0.03234635 ... 0.00029038 0.00032282 0.        ],biological,[ 100  102  104 ... 3194 3196 3198],65.37744788802331,2,"{'cosmic_spike': False, 'fluorescence': False}"
RS_1783,[0.24395789 0.27120393 0.26049329 ... 0.01132197 0.02661777 0.01844077],biological,[ 100  102  104 ... 3194 3196 3198],27.011164880093194,2,"{'cosmic_spike': False, 'fluorescence': True}"
RS_1784,[0.09552411 0.09506472 0.09476497 ... 0.01955919 0.02001315 0.02024564],biological,[ 100  102  104 ... 3194 3196 3198],54.65664431716867,2,"{'cosmic_spike': False, 'fluorescence': False}"
RS_1785,[0.11013454 0.11020396 0.1103242  ... 0.00046651 0.00016275 0.        ],biological,[ 100  102  104 ... 3194 3196 3198],75.12794435139496,2,"{'cosmic_spike': False, 'fluorescence': False}"
RS_1786,[0.02845269 0.0283598  0.02800312 ... 0.09110415 0.09155509 0.09193765],biological,[ 100  102  104 ... 3194 3196 3198],54.25313023355181,2,"{'cosmic_spike': False, 'fluorescence': False}"
RS_1787,[0.04967801 0.08189672 0.         ... 0.67276106 0.66513571 0.62964073],biological,[ 100  102  104 ... 3194 3196 3198],20.218009857687136,2,"{'cosmic_spike': False, 'fluorescence': False}"
RS_1788,[0.00128703 0.00037568 0.         ... 0.09041886 0.09184523 0.09024456],biological,[ 100  102  104 ... 3194 3196 3198],47.97379405962198,2,"{'cosmic_spike': False, 'fluorescence': True}"
RS_1789,[0.02586436 0.02549398 0.02551731 ... 0.30405502 0.30447827 0.30539829],biological,[ 100  102  104 ... 3194 3196 3198],57.7508659855068,2,"{'cosmic_spike': False, 'fluorescence': False}"
RS_1790,[0.17948909 0.18056102 0.18749961 ... 0.00663223 0.00046526 0.01076822],biological,[ 100  102  104 ... 3194 3196 3198],28.52096935830177,2,"{'cosmic_spike': False, 'fluorescence': False}"
RS_1791,[0.0179188  0.01808693 0.01853945 ... 0.00120464 0.00066998 0.        ],biological,[ 100  102  104 ... 3194 3196 3198],50.9008333850662,2,"{'cosmic_spike': False, 'fluorescence': True}"
RS_1792,[0.04662884 0.04653303 0.0464316  ... 0.26255676 0.26290788 0.263858  ],biological,[ 100  102  104 ... 3194 3196 3198],63.49713551564323,2,"{'cosmic_spike': False, 'fluorescence': True}"
RS_1793,[0.00037586 0.00015236 0.00076254 ... 0.03525903 0.03507253 0.0354709 ],biological,[ 100  102  104 ... 3194 3196 3198],69.80241472997537,2,"{'cosmic_spike': False, 'fluorescence': True}"
RS_1794,[0.52754956 0.51410811 0.50239076 ... 0.03894402 0.01294258 0.01593596],biological,[ 100  102  104 ... 3194 3196 3198],24.8014735366198,2,"{'cosmic_spike': False, 'fluorescence': True}"
RS_1795,[0.         0.00045973 0.00068865 ... 0.04727262 0.04667353 0.04629508],biological,[ 100  102  104 ... 3194 3196 3198],55.00062115371142,2,"{'cosmic_spike': False, 'fluorescence': True}"
RS_1796,"[0.00000000e+00 1.14401607e-05 1.08992268e-04 ... 2.61418633e-01
 2.61469701e-01 2.61645019e-01]",biological,[ 100  102  104 ... 3194 3196 3198],53.31588004699487,2,"{'cosmic_spike': False, 'fluorescence': False}"
RS_1797,[0.08850212 0.08809216 0.08731846 ... 0.3229851  0.32354661 0.32458756],biological,[ 100  102  104 ... 3194 3196 3198],75.67427746035492,2,"{'cosmic_spike': False, 'fluorescence': False}"
RS_1798,[0.12878015 0.13687124 0.13199644 ... 0.00572938 0.01451703 0.        ],biological,[ 100  102  104 ... 3194 3196 3198],34.71789475191652,2,"{'cosmic_spike': False, 'fluorescence': False}"
RS_1799,[0.00155582 0.00118194 0.00129246 ... 0.04381802 0.0432014  0.04354032],biological,[ 100  102  104 ... 3194 3196 3198],76.92822501572644,2,"{'cosmic_spike': False, 'fluorescence': False}"
RS_1800,[0.         0.00016614 0.00052278 ... 0.08474216 0.08442682 0.08464233],biological,[ 100  102  104 ... 3194 3196 3198],59.72345476110835,2,"{'cosmic_spike': False, 'fluorescence': True}"
RS_1801,[0.02737149 0.03118052 0.03113463 ... 0.00339912 0.00504654 0.00391899],biological,[ 100  102  104 ... 3194 3196 3198],44.22824920434766,2,"{'cosmic_spike': False, 'fluorescence': False}"
RS_1802,[0.40756496 0.40240789 0.40107317 ... 0.00181146 0.00985922 0.        ],biological,[ 100  102  104 ... 3194 3196 3198],37.97802720776119,2,"{'cosmic_spike': True, 'fluorescence': False}"
RS_1803,[0.14176385 0.16079452 0.13271041 ... 0.03908693 0.02821669 0.02647795],biological,[ 100  102  104 ... 3194 3196 3198],25.15755611045254,2,"{'cosmic_spike': False, 'fluorescence': False}"
RS_1804,[0.08123329 0.08159011 0.0824493  ... 0.0952686  0.09717447 0.09299297],biological,[ 100  102  104 ... 3194 3196 3198],41.68510479276376,2,"{'cosmic_spike': False, 'fluorescence': True}"
RS_1805,[0.19589514 0.19359931 0.19401478 ... 0.00746188 0.00569717 0.00432601],biological,[ 100  102  104 ... 3194 3196 3198],43.01597094761376,2,"{'cosmic_spike': False, 'fluorescence': True}"
RS_1806,[0.04666259 0.04554378 0.04529939 ... 0.32157897 0.32130422 0.32292789],biological,[ 100  102  104 ... 3194 3196 3198],49.98507376705796,2,"{'cosmic_spike': False, 'fluorescence': False}"
RS_1807,[0.00548605 0.00139723 0.00692789 ... 0.0155205  0.01578946 0.01221307],biological,[ 100  102  104 ... 3194 3196 3198],34.755177568291586,2,"{'cosmic_spike': False, 'fluorescence': False}"
RS_1808,[0.13901783 0.16763275 0.08767347 ... 0.27056914 0.27588474 0.2092596 ],biological,[ 100  102  104 ... 3194 3196 3198],7.148826584061114,2,"{'cosmic_spike': False, 'fluorescence': True}"
RS_1809,[0.12234669 0.11189112 0.11415901 ... 0.10382151 0.10714161 0.10045609],biological,[ 100  102  104 ... 3194 3196 3198],34.283722057989024,2,"{'cosmic_spike': False, 'fluorescence': False}"
RS_1810,[0.34613055 0.33592277 0.44877672 ... 0.21608825 0.21730692 0.25187629],biological,[ 100  102  104 ... 3194 3196 3198],5.822959614917268,2,"{'cosmic_spike': False, 'fluorescence': False}"
RS_1811,[0.0036734  0.02873616 0.02067096 ... 0.119649   0.12271478 0.12404901],biological,[ 100  102  104 ... 3194 3196 3198],25.080087418588878,2,"{'cosmic_spike': False, 'fluorescence': False}"
RS_1812,[0.13552818 0.13515592 0.13460505 ... 0.12481488 0.12493508 0.12512273],biological,[ 100  102  104 ... 3194 3196 3198],72.18928450076356,2,"{'cosmic_spike': False, 'fluorescence': True}"
RS_1813,[0.02642468 0.02520736 0.03332248 ... 0.15559018 0.13399002 0.13314428],biological,[ 100  102  104 ... 3194 3196 3198],30.39749362422146,2,"{'cosmic_spike': False, 'fluorescence': True}"
RS_1814,[0.07213129 0.07017623 0.0754756  ... 0.103527   0.12566239 0.09469211],biological,[ 100  102  104 ... 3194 3196 3198],18.582724161716758,2,"{'cosmic_spike': False, 'fluorescence': False}"
RS_1815,[0.06839386 0.06785704 0.06915411 ... 0.02084191 0.02032909 0.02081232],biological,[ 100  102  104 ... 3194 3196 3198],57.55533375121536,2,"{'cosmic_spike': False, 'fluorescence': False}"
RS_1816,[0.00303535 0.00316663 0.00325982 ... 0.43710927 0.43793197 0.43903665],biological,[ 100  102  104 ... 3194 3196 3198],57.14352612558994,2,"{'cosmic_spike': False, 'fluorescence': False}"
RS_1817,[0.00765188 0.00200582 0.         ... 0.20147336 0.19653193 0.1973999 ],biological,[ 100  102  104 ... 3194 3196 3198],37.33516175007402,2,"{'cosmic_spike': False, 'fluorescence': False}"
RS_1818,"[5.56952931e-02 5.57379235e-02 5.59253665e-02 ... 2.50637528e-04
 5.12649699e-05 0.00000000e+00]",biological,[ 100  102  104 ... 3194 3196 3198],63.95352999178193,2,"{'cosmic_spike': False, 'fluorescence': False}"
RS_1819,[0.35501657 0.35487781 0.35498752 ... 0.         0.00074998 0.00080721],biological,[ 100  102  104 ... 3194 3196 3198],57.38926041591808,2,"{'cosmic_spike': False, 'fluorescence': False}"
RS_1820,[0.         0.0015578  0.00184851 ... 0.14514736 0.1443304  0.14569671],biological,[ 100  102  104 ... 3194 3196 3198],49.45710156223467,2,"{'cosmic_spike': False, 'fluorescence': True}"
RS_1821,[0.06851321 0.08584495 0.11068625 ... 0.25123536 0.27031733 0.28124944],biological,[ 100  102  104 ... 3194 3196 3198],6.4174835202717535,2,"{'cosmic_spike': False, 'fluorescence': False}"
RS_1822,[0.01958576 0.04435174 0.02510837 ... 0.1314989  0.12191121 0.15578179],biological,[ 100  102  104 ... 3194 3196 3198],26.578869581680753,2,"{'cosmic_spike': False, 'fluorescence': False}"
RS_1823,[0.02917465 0.05108624 0.04090879 ... 0.01312651 0.00806246 0.0064656 ],biological,[ 100  102  104 ... 3194 3196 3198],29.095765134142454,2,"{'cosmic_spike': False, 'fluorescence': False}"
RS_1824,[0.09329035 0.09320211 0.09275669 ... 0.09730384 0.09762915 0.09752942],biological,[ 100  102  104 ... 3194 3196 3198],60.0016350330073,2,"{'cosmic_spike': False, 'fluorescence': False}"
RS_1825,[0.00120773 0.         0.00262571 ... 0.30361568 0.30223439 0.30080305],biological,[ 100  102  104 ... 3194 3196 3198],38.14319425772928,2,"{'cosmic_spike': False, 'fluorescence': False}"
RS_1826,[0.20118773 0.2026402  0.19967669 ... 0.02268535 0.         0.01350887],biological,[ 100  102  104 ... 3194 3196 3198],31.489939110217524,2,"{'cosmic_spike': False, 'fluorescence': False}"
RS_1827,"[1.82134407e-01 1.82189283e-01 1.81705688e-01 ... 4.81998944e-04
 1.63608193e-04 0.00000000e+00]",biological,[ 100  102  104 ... 3194 3196 3198],66.70744550920134,2,"{'cosmic_spike': False, 'fluorescence': True}"
RS_1828,[0.17249253 0.19888307 0.18570182 ... 0.07094933 0.05518958 0.07115803],biological,[ 100  102  104 ... 3194 3196 3198],16.558937451196424,2,"{'cosmic_spike': False, 'fluorescence': False}"
RS_1829,[0.09711866 0.04100507 0.16605341 ... 0.19403207 0.20393766 0.28421629],biological,[ 100  102  104 ... 3194 3196 3198],13.134905482870721,2,"{'cosmic_spike': False, 'fluorescence': False}"
RS_1830,[0.03156092 0.03886781 0.04218325 ... 0.         0.00509237 0.00024069],biological,[ 100  102  104 ... 3194 3196 3198],39.549990565333324,2,"{'cosmic_spike': False, 'fluorescence': True}"
RS_1831,[0.16278387 0.16346494 0.16226089 ... 0.15455954 0.15458182 0.1552304 ],biological,[ 100  102  104 ... 3194 3196 3198],46.17950439675436,2,"{'cosmic_spike': False, 'fluorescence': False}"
RS_1832,[0.         0.00036709 0.00052232 ... 0.11584059 0.11607706 0.11608176],biological,[ 100  102  104 ... 3194 3196 3198],57.314479693792116,2,"{'cosmic_spike': False, 'fluorescence': True}"
RS_1833,[0.01115299 0.01162585 0.03046713 ... 0.27290935 0.26938956 0.27039756],biological,[ 100  102  104 ... 3194 3196 3198],25.94328936308155,2,"{'cosmic_spike': False, 'fluorescence': True}"
RS_1834,[0.         0.00030404 0.00098713 ... 0.0237385  0.02358185 0.0240203 ],biological,[ 100  102  104 ... 3194 3196 3198],60.79520610434008,2,"{'cosmic_spike': False, 'fluorescence': False}"
RS_1835,[0.31584154 0.24916038 0.30571503 ... 0.05883809 0.12294387 0.01694512],biological,[ 100  102  104 ... 3194 3196 3198],13.530897564965171,2,"{'cosmic_spike': False, 'fluorescence': True}"
RS_1836,[0.00568646 0.00489496 0.00559183 ... 0.06632728 0.06727452 0.06777746],biological,[ 100  102  104 ... 3194 3196 3198],55.43870682673653,2,"{'cosmic_spike': False, 'fluorescence': False}"
RS_1837,[0.11879355 0.09249377 0.13087567 ... 0.15321338 0.22059679 0.15535072],biological,[ 100  102  104 ... 3194 3196 3198],13.646893833812468,2,"{'cosmic_spike': False, 'fluorescence': True}"
RS_1838,[0.19530072 0.18911544 0.17090543 ... 0.13801986 0.07746709 0.10519706],biological,[ 100  102  104 ... 3194 3196 3198],17.204022338604275,2,"{'cosmic_spike': False, 'fluorescence': False}"
RS_1839,[0.23040927 0.26166042 0.26247746 ... 0.08274824 0.03414736 0.0495823 ],biological,[ 100  102  104 ... 3194 3196 3198],10.776617330309842,2,"{'cosmic_spike': False, 'fluorescence': False}"
RS_1840,[0.00354243 0.00848428 0.00735988 ... 0.10971399 0.1110712  0.10191342],biological,[ 100  102  104 ... 3194 3196 3198],30.577724092335803,2,"{'cosmic_spike': False, 'fluorescence': True}"
RS_1841,[0.25068273 0.25029439 0.25091687 ... 0.07065902 0.07066433 0.07109934],biological,[ 100  102  104 ... 3194 3196 3198],73.23230194150361,2,"{'cosmic_spike': False, 'fluorescence': False}"
RS_1842,[0.0015595  0.00232819 0.00206043 ... 0.15010515 0.15011838 0.15048868],biological,[ 100  102  104 ... 3194 3196 3198],57.455299758625266,2,"{'cosmic_spike': False, 'fluorescence': True}"
RS_1843,[0.27270434 0.20822428 0.19740792 ... 0.36515219 0.2711393  0.33532146],biological,[ 100  102  104 ... 3194 3196 3198],7.918840867272743,2,"{'cosmic_spike': False, 'fluorescence': True}"
RS_1844,[0.27165221 0.37352373 0.20346132 ... 0.1667905  0.32266675 0.20637283],biological,[ 100  102  104 ... 3194 3196 3198],9.0532021798424,2,"{'cosmic_spike': False, 'fluorescence': False}"
RS_1845,[0.16699403 0.15800732 0.14510502 ... 0.1500676  0.20672898 0.20111264],biological,[ 100  102  104 ... 3194 3196 3198],14.240029828269977,2,"{'cosmic_spike': False, 'fluorescence': True}"
RS_1846,[0.37812379 0.42799239 0.31066597 ... 0.07974959 0.14306431 0.33491312],biological,[ 100  102  104 ... 3194 3196 3198],7.67873192823791,2,"{'cosmic_spike': False, 'fluorescence': False}"
RS_1847,[0.30065431 0.29456298 0.29403591 ... 0.19861903 0.19773249 0.19993491],biological,[ 100  102  104 ... 3194 3196 3198],41.40721189189084,2,"{'cosmic_spike': False, 'fluorescence': False}"
RS_1848,"[4.99479381e-01 5.01921081e-01 5.05267732e-01 ... 2.69965249e-03
 2.43754699e-04 2.99483038e-03]",biological,[ 100  102  104 ... 3194 3196 3198],39.63041924996619,2,"{'cosmic_spike': False, 'fluorescence': True}"
RS_1849,[0.14992696 0.15005874 0.14976477 ... 0.25814521 0.25904853 0.26106639],biological,[ 100  102  104 ... 3194 3196 3198],49.82455079037162,2,"{'cosmic_spike': False, 'fluorescence': False}"
RS_1850,[0.04117345 0.04111632 0.04179861 ... 0.0013794  0.00077093 0.        ],biological,[ 100  102  104 ... 3194 3196 3198],67.78371131881973,2,"{'cosmic_spike': False, 'fluorescence': False}"
RS_1851,[0.11556709 0.10837967 0.1008863  ... 0.03721552 0.02551243 0.02533852],biological,[ 100  102  104 ... 3194 3196 3198],22.088819485654756,2,"{'cosmic_spike': False, 'fluorescence': False}"
RS_1852,[0.00761612 0.00808496 0.0082818  ... 0.00054142 0.00019806 0.        ],biological,[ 100  102  104 ... 3194 3196 3198],68.44403534284514,2,"{'cosmic_spike': False, 'fluorescence': False}"
RS_1853,[0.22118667 0.20078754 0.22048055 ... 0.15103493 0.35260685 0.2719994 ],biological,[ 100  102  104 ... 3194 3196 3198],14.874075379004676,2,"{'cosmic_spike': False, 'fluorescence': True}"
RS_1854,[0.         0.00031655 0.00053751 ... 0.16090557 0.1609405  0.16111366],biological,[ 100  102  104 ... 3194 3196 3198],74.88367847836322,2,"{'cosmic_spike': False, 'fluorescence': False}"
RS_1855,[0.05877007 0.05838293 0.05877158 ... 0.01709541 0.01781371 0.01820478],biological,[ 100  102  104 ... 3194 3196 3198],50.455543088681836,2,"{'cosmic_spike': False, 'fluorescence': True}"
RS_1856,[0.         0.00037996 0.00071457 ... 0.17861541 0.17843453 0.17847021],biological,[ 100  102  104 ... 3194 3196 3198],60.83530757791478,2,"{'cosmic_spike': False, 'fluorescence': False}"
RS_1857,[0.06119324 0.0574207  0.05663913 ... 0.10622759 0.1054252  0.11560224],biological,[ 100  102  104 ... 3194 3196 3198],33.117614243650294,2,"{'cosmic_spike': False, 'fluorescence': True}"
RS_1858,[0.         0.00070207 0.00084702 ... 0.15765023 0.15766569 0.15649606],biological,[ 100  102  104 ... 3194 3196 3198],74.81184752949629,2,"{'cosmic_spike': False, 'fluorescence': True}"
RS_1859,[0.06431857 0.08000714 0.08275755 ... 0.58687944 0.53041928 0.55868562],biological,[ 100  102  104 ... 3194 3196 3198],9.126979562906591,2,"{'cosmic_spike': False, 'fluorescence': False}"
RS_1860,[0.01425926 0.01391334 0.01365121 ... 0.40641436 0.40732918 0.40802028],biological,[ 100  102  104 ... 3194 3196 3198],71.59790209212075,2,"{'cosmic_spike': False, 'fluorescence': False}"
RS_1861,[0.09329824 0.10396149 0.1011224  ... 0.13053006 0.13427732 0.1363004 ],biological,[ 100  102  104 ... 3194 3196 3198],27.708863925191363,2,"{'cosmic_spike': False, 'fluorescence': True}"
RS_1862,[0.39419785 0.39448508 0.39367898 ... 0.0187559  0.01891317 0.01882216],biological,[ 100  102  104 ... 3194 3196 3198],72.56200164639905,2,"{'cosmic_spike': False, 'fluorescence': False}"
RS_1863,[0.01873231 0.01703351 0.01923444 ... 0.         0.00202816 0.00090585],biological,[ 100  102  104 ... 3194 3196 3198],44.691878982336405,2,"{'cosmic_spike': False, 'fluorescence': False}"
RS_1864,"[1.36891264e-04 0.00000000e+00 6.69450340e-04 ... 1.51216902e-01
 1.51474989e-01 1.51466980e-01]",biological,[ 100  102  104 ... 3194 3196 3198],55.61655056521607,2,"{'cosmic_spike': False, 'fluorescence': False}"
RS_1865,"[1.70630615e-01 1.70471875e-01 1.70169153e-01 ... 1.40899436e-04
 4.75331887e-04 2.26991176e-04]",biological,[ 100  102  104 ... 3194 3196 3198],78.21728251126243,2,"{'cosmic_spike': False, 'fluorescence': True}"
RS_1866,[0.24948523 0.26123201 0.17799177 ... 0.41860165 0.26698972 0.20995316],biological,[ 100  102  104 ... 3194 3196 3198],5.650814159763893,2,"{'cosmic_spike': False, 'fluorescence': False}"
RS_1867,[0.30588544 0.29978417 0.3109012  ... 0.02441735 0.02067789 0.02458254],biological,[ 100  102  104 ... 3194 3196 3198],34.028715128098234,2,"{'cosmic_spike': False, 'fluorescence': True}"
RS_1868,[0.03829481 0.04166439 0.04162077 ... 0.20441502 0.20689866 0.21063431],biological,[ 100  102  104 ... 3194 3196 3198],33.858670705793735,2,"{'cosmic_spike': False, 'fluorescence': False}"
RS_1869,[0.00708976 0.00703504 0.00730094 ... 0.07511362 0.08040417 0.07387109],biological,[ 100  102  104 ... 3194 3196 3198],37.07639209566259,2,"{'cosmic_spike': False, 'fluorescence': False}"
RS_1870,[0.16520939 0.16667772 0.1652689  ... 0.00063332 0.00054671 0.        ],biological,[ 100  102  104 ... 3194 3196 3198],47.85309120826934,2,"{'cosmic_spike': False, 'fluorescence': False}"
RS_1871,[0.17180641 0.17248062 0.17177762 ... 0.20228653 0.20286749 0.20311236],biological,[ 100  102  104 ... 3194 3196 3198],55.530428975379515,2,"{'cosmic_spike': False, 'fluorescence': False}"
RS_1872,[0.         0.00048002 0.0008849  ... 0.04735936 0.04723665 0.04712989],biological,[ 100  102  104 ... 3194 3196 3198],71.40362861832503,2,"{'cosmic_spike': False, 'fluorescence': False}"
RS_1873,[0.00032987 0.         0.00123597 ... 0.27839433 0.27764853 0.27775684],biological,[ 100  102  104 ... 3194 3196 3198],50.59694045307546,2,"{'cosmic_spike': False, 'fluorescence': False}"
RS_1874,[0.06934816 0.0882054  0.10319319 ... 0.06526679 0.04625412 0.04714449],biological,[ 100  102  104 ... 3194 3196 3198],19.108643048455455,2,"{'cosmic_spike': False, 'fluorescence': True}"
RS_1875,[0.28395695 0.32596397 0.3234191  ... 0.08571328 0.02423406 0.1325773 ],biological,[ 100  102  104 ... 3194 3196 3198],16.27537914832724,2,"{'cosmic_spike': False, 'fluorescence': False}"
RS_1876,[0.         0.0027612  0.00269541 ... 0.288967   0.29008782 0.28899498],biological,[ 100  102  104 ... 3194 3196 3198],34.20028749260482,2,"{'cosmic_spike': False, 'fluorescence': False}"
RS_1877,[0.16798915 0.16792933 0.16745596 ... 0.15272445 0.15321028 0.15352876],biological,[ 100  102  104 ... 3194 3196 3198],58.48597711080184,2,"{'cosmic_spike': False, 'fluorescence': False}"
RS_1878,[0.08122811 0.05613346 0.06709938 ... 0.16663643 0.17001228 0.1449113 ],biological,[ 100  102  104 ... 3194 3196 3198],23.328546106399628,2,"{'cosmic_spike': False, 'fluorescence': False}"
RS_1879,[0.019658   0.00517596 0.01287977 ... 0.66274543 0.62757139 0.65860272],biological,[ 100  102  104 ... 3194 3196 3198],29.367831734894636,2,"{'cosmic_spike': False, 'fluorescence': False}"
RS_1880,[0.02314798 0.01916416 0.02267667 ... 0.09556055 0.09086889 0.08827911],biological,[ 100  102  104 ... 3194 3196 3198],26.997217516034315,2,"{'cosmic_spike': False, 'fluorescence': True}"
RS_1881,[0.37921813 0.30609658 0.28991807 ... 0.09456983 0.12704527 0.13604844],biological,[ 100  102  104 ... 3194 3196 3198],10.304528957445804,2,"{'cosmic_spike': False, 'fluorescence': True}"
RS_1882,[0.00417793 0.00652486 0.00111386 ... 0.41253556 0.41307698 0.41591154],biological,[ 100  102  104 ... 3194 3196 3198],39.15637818418354,2,"{'cosmic_spike': False, 'fluorescence': False}"
RS_1883,[0.07454315 0.07142607 0.07749807 ... 0.00534399 0.01564088 0.01040742],biological,[ 100  102  104 ... 3194 3196 3198],32.12270389248404,2,"{'cosmic_spike': True, 'fluorescence': False}"
RS_1884,[0.1887246  0.25820832 0.20406133 ... 0.09268577 0.11976629 0.10690904],biological,[ 100  102  104 ... 3194 3196 3198],12.419774966231538,2,"{'cosmic_spike': False, 'fluorescence': False}"
RS_1885,"[6.02649197e-05 1.14705797e-03 3.86444410e-04 ... 3.05423279e-02
 2.97804057e-02 3.06099423e-02]",biological,[ 100  102  104 ... 3194 3196 3198],55.3350557871498,2,"{'cosmic_spike': False, 'fluorescence': False}"
RS_1886,[0.35738404 0.3577203  0.35788278 ... 0.00125928 0.00058319 0.        ],biological,[ 100  102  104 ... 3194 3196 3198],70.34580666909615,2,"{'cosmic_spike': False, 'fluorescence': False}"
RS_1887,"[0.00000000e+00 4.86316115e-04 1.14462871e-03 ... 4.94800786e-01
 4.94801657e-01 4.95202222e-01]",biological,[ 100  102  104 ... 3194 3196 3198],66.06304940807806,2,"{'cosmic_spike': False, 'fluorescence': False}"
RS_1888,[0.         0.00065597 0.00047316 ... 0.12301626 0.12348563 0.12312227],biological,[ 100  102  104 ... 3194 3196 3198],55.444678224468085,2,"{'cosmic_spike': False, 'fluorescence': False}"
RS_1889,[0.33365346 0.3310331  0.36398673 ... 0.03571911 0.00783085 0.01927338],biological,[ 100  102  104 ... 3194 3196 3198],16.669348906846295,2,"{'cosmic_spike': False, 'fluorescence': True}"
RS_1890,[0.29840587 0.33282142 0.31692223 ... 0.05271461 0.01508609 0.01343325],biological,[ 100  102  104 ... 3194 3196 3198],19.069603239201093,2,"{'cosmic_spike': False, 'fluorescence': True}"
RS_1891,[0.22799179 0.22764108 0.22738421 ... 0.02024677 0.02032828 0.02090599],biological,[ 100  102  104 ... 3194 3196 3198],59.90080309151219,2,"{'cosmic_spike': True, 'fluorescence': False}"
RS_1892,"[2.86653322e-05 0.00000000e+00 4.05255999e-06 ... 2.28993800e-02
 2.27564071e-02 2.25674983e-02]",biological,[ 100  102  104 ... 3194 3196 3198],73.35399795680216,2,"{'cosmic_spike': False, 'fluorescence': True}"
RS_1893,[0.         0.00066175 0.001022   ... 0.09672821 0.09644264 0.09599698],biological,[ 100  102  104 ... 3194 3196 3198],71.24115154464307,2,"{'cosmic_spike': False, 'fluorescence': True}"
RS_1894,[0.13858686 0.13758206 0.13758789 ... 0.88529899 0.88797149 0.88992737],biological,[ 100  102  104 ... 3194 3196 3198],77.98903211473726,2,"{'cosmic_spike': False, 'fluorescence': True}"
RS_1895,[0.1270226  0.12602478 0.12745613 ... 0.00343474 0.00446291 0.00072888],biological,[ 100  102  104 ... 3194 3196 3198],44.596263187427695,2,"{'cosmic_spike': False, 'fluorescence': True}"
RS_1896,[0.18901029 0.18866411 0.18756105 ... 0.10588867 0.10638577 0.10672418],biological,[ 100  102  104 ... 3194 3196 3198],75.46981629192223,2,"{'cosmic_spike': False, 'fluorescence': True}"
RS_1897,"[4.82879679e-01 4.82573521e-01 4.82435716e-01 ... 4.49406340e-04
 3.15006225e-04 0.00000000e+00]",biological,[ 100  102  104 ... 3194 3196 3198],70.58208260855609,2,"{'cosmic_spike': False, 'fluorescence': False}"
RS_1898,[0.         0.00122801 0.00099669 ... 0.10803753 0.10514204 0.10496469],biological,[ 100  102  104 ... 3194 3196 3198],43.19059089942029,2,"{'cosmic_spike': False, 'fluorescence': False}"
RS_1899,[0.         0.00047073 0.00052893 ... 0.0293133  0.02957096 0.0295802 ],biological,[ 100  102  104 ... 3194 3196 3198],59.24666042893748,2,"{'cosmic_spike': False, 'fluorescence': False}"
RS_1900,[0.0125555  0.01224362 0.01174    ... 0.27346676 0.27439267 0.27435047],biological,[ 100  102  104 ... 3194 3196 3198],79.42346848754454,2,"{'cosmic_spike': False, 'fluorescence': False}"
RS_1901,[0.39193392 0.39179145 0.39115058 ... 0.00052606 0.         0.00057739],biological,[ 100  102  104 ... 3194 3196 3198],52.60308649351177,2,"{'cosmic_spike': False, 'fluorescence': True}"
RS_1902,[0.00505779 0.00489598 0.00880115 ... 0.17028085 0.16850661 0.16717837],biological,[ 100  102  104 ... 3194 3196 3198],42.08393999486401,2,"{'cosmic_spike': False, 'fluorescence': False}"
RS_1903,[0.02766007 0.00810495 0.06203705 ... 0.13506939 0.11618313 0.09298179],biological,[ 100  102  104 ... 3194 3196 3198],17.132186342900194,2,"{'cosmic_spike': False, 'fluorescence': False}"
RS_1904,[0.         0.00022319 0.00036064 ... 0.05011476 0.04952786 0.04957539],biological,[ 100  102  104 ... 3194 3196 3198],59.830611047672804,2,"{'cosmic_spike': False, 'fluorescence': False}"
RS_1905,"[0.00000000e+00 2.64274039e-04 1.45734298e-04 ... 2.44013266e-01
 2.43936248e-01 2.44167353e-01]",biological,[ 100  102  104 ... 3194 3196 3198],69.99612573039744,2,"{'cosmic_spike': False, 'fluorescence': True}"
RS_1906,[0.00063647 0.00070316 0.00032902 ... 0.07869354 0.07944863 0.07992172],biological,[ 100  102  104 ... 3194 3196 3198],47.901428713452106,2,"{'cosmic_spike': False, 'fluorescence': False}"
RS_1907,[0.0662049  0.06513455 0.0638785  ... 0.00331947 0.00485864 0.0036306 ],biological,[ 100  102  104 ... 3194 3196 3198],41.30560179389862,2,"{'cosmic_spike': False, 'fluorescence': False}"
RS_1908,[0.20902741 0.21183263 0.21053414 ... 0.00334222 0.00222034 0.00350905],biological,[ 100  102  104 ... 3194 3196 3198],43.629030184008485,2,"{'cosmic_spike': False, 'fluorescence': False}"
RS_1909,[0.         0.00123548 0.00588853 ... 0.14447784 0.14244026 0.14419467],biological,[ 100  102  104 ... 3194 3196 3198],35.018932760608855,2,"{'cosmic_spike': False, 'fluorescence': False}"
RS_1910,"[1.39836778e-04 3.39632166e-04 0.00000000e+00 ... 2.94084391e-01
 2.94455503e-01 2.94608031e-01]",biological,[ 100  102  104 ... 3194 3196 3198],77.16086628881322,2,"{'cosmic_spike': False, 'fluorescence': False}"
RS_1911,"[0.00000000e+00 2.01994475e-04 3.37121169e-04 ... 2.51167844e-01
 2.51495121e-01 2.51575786e-01]",biological,[ 100  102  104 ... 3194 3196 3198],59.999550347540385,2,"{'cosmic_spike': False, 'fluorescence': False}"
RS_1912,[0.00310519 0.0019567  0.00332782 ... 0.04492473 0.04412905 0.04325787],biological,[ 100  102  104 ... 3194 3196 3198],45.79361097857531,2,"{'cosmic_spike': False, 'fluorescence': False}"
RS_1913,[0.35245741 0.44284602 0.4759651  ... 0.17262179 0.28303726 0.22390448],biological,[ 100  102  104 ... 3194 3196 3198],7.884792558792945,2,"{'cosmic_spike': False, 'fluorescence': False}"
RS_1914,[0.32372485 0.31467711 0.32979332 ... 0.02702631 0.05001932 0.05576501],biological,[ 100  102  104 ... 3194 3196 3198],19.360220769616873,2,"{'cosmic_spike': False, 'fluorescence': False}"
RS_1915,[0.00092728 0.00323142 0.0077276  ... 0.12514532 0.11674963 0.12264857],biological,[ 100  102  104 ... 3194 3196 3198],32.63140032113847,2,"{'cosmic_spike': True, 'fluorescence': False}"
RS_1916,[0.23226595 0.23240776 0.23552435 ... 0.01895651 0.0283472  0.02190249],biological,[ 100  102  104 ... 3194 3196 3198],35.53340991744075,2,"{'cosmic_spike': False, 'fluorescence': True}"
RS_1917,[0.04898764 0.0478133  0.04787093 ... 0.27632072 0.27666928 0.27771904],biological,[ 100  102  104 ... 3194 3196 3198],43.60262457965961,2,"{'cosmic_spike': False, 'fluorescence': True}"
RS_1918,[0.08155996 0.07891264 0.11998539 ... 0.20915392 0.19267421 0.19829072],biological,[ 100  102  104 ... 3194 3196 3198],13.620724228569031,2,"{'cosmic_spike': False, 'fluorescence': False}"
RS_1919,[0.02238925 0.00929331 0.00519625 ... 0.28369567 0.26691795 0.27405368],biological,[ 100  102  104 ... 3194 3196 3198],26.360645500131035,2,"{'cosmic_spike': False, 'fluorescence': True}"
RS_1920,[0.01618651 0.01586034 0.01574179 ... 0.21710035 0.21758853 0.21789197],biological,[ 100  102  104 ... 3194 3196 3198],67.6305385642423,2,"{'cosmic_spike': False, 'fluorescence': False}"
RS_1921,[0.14858783 0.14814983 0.14798396 ... 0.07902255 0.07960494 0.07967395],biological,[ 100  102  104 ... 3194 3196 3198],56.21255819698817,2,"{'cosmic_spike': False, 'fluorescence': False}"
RS_1922,[0.00282424 0.00492839 0.0068014  ... 0.28947347 0.29504944 0.27984803],biological,[ 100  102  104 ... 3194 3196 3198],27.049142485055242,2,"{'cosmic_spike': False, 'fluorescence': True}"
RS_1923,[0.01741262 0.0176893  0.01762136 ... 0.12218716 0.12241873 0.12249634],biological,[ 100  102  104 ... 3194 3196 3198],74.4498522320965,2,"{'cosmic_spike': False, 'fluorescence': True}"
RS_1924,[0.04495723 0.02667677 0.04219738 ... 0.30240547 0.28920016 0.29137459],biological,[ 100  102  104 ... 3194 3196 3198],20.276813470995414,2,"{'cosmic_spike': False, 'fluorescence': False}"
RS_1925,[0.04409847 0.04435679 0.04447769 ... 0.00129324 0.00096821 0.        ],biological,[ 100  102  104 ... 3194 3196 3198],64.16855921187602,2,"{'cosmic_spike': False, 'fluorescence': True}"
RS_1926,"[3.52451434e-04 8.82582436e-05 0.00000000e+00 ... 1.50856818e-01
 1.51002674e-01 1.51304387e-01]",biological,[ 100  102  104 ... 3194 3196 3198],73.02553222697749,2,"{'cosmic_spike': False, 'fluorescence': False}"
RS_1927,[0.16251433 0.17489298 0.1109648  ... 0.16282143 0.16642616 0.12202105],biological,[ 100  102  104 ... 3194 3196 3198],8.944714983167312,2,"{'cosmic_spike': True, 'fluorescence': False}"
RS_1928,"[9.59475983e-02 9.38023287e-02 9.53438455e-02 ... 1.07917394e-03
 2.00982443e-03 5.29532841e-05]",biological,[ 100  102  104 ... 3194 3196 3198],43.32390186547088,2,"{'cosmic_spike': False, 'fluorescence': False}"
RS_1929,[0.24680871 0.24533002 0.2471155  ... 0.0143979  0.01488026 0.0133749 ],biological,[ 100  102  104 ... 3194 3196 3198],47.150027399567776,2,"{'cosmic_spike': False, 'fluorescence': False}"
RS_1930,[0.16180561 0.1209327  0.22656906 ... 0.14223638 0.1577775  0.10243307],biological,[ 100  102  104 ... 3194 3196 3198],7.172039831786568,2,"{'cosmic_spike': True, 'fluorescence': False}"
RS_1931,[0.00137654 0.00056062 0.00148011 ... 0.07611235 0.07592029 0.07687968],biological,[ 100  102  104 ... 3194 3196 3198],45.725332289203045,2,"{'cosmic_spike': False, 'fluorescence': False}"
RS_1932,[0.08498314 0.11054097 0.02831597 ... 0.16178073 0.20655944 0.12772415],biological,[ 100  102  104 ... 3194 3196 3198],15.44782835016026,2,"{'cosmic_spike': False, 'fluorescence': False}"
RS_1933,[0.26797317 0.2680065  0.26820907 ... 0.00127979 0.00059141 0.        ],biological,[ 100  102  104 ... 3194 3196 3198],71.09259221623076,2,"{'cosmic_spike': True, 'fluorescence': False}"
RS_1934,[0.0530844  0.05280811 0.05133231 ... 0.19373688 0.19406059 0.1951578 ],biological,[ 100  102  104 ... 3194 3196 3198],57.508334511924886,2,"{'cosmic_spike': False, 'fluorescence': False}"
RS_1935,[0.20023358 0.19878335 0.19470421 ... 0.09244144 0.0920727  0.10696629],biological,[ 100  102  104 ... 3194 3196 3198],10.41290913379294,2,"{'cosmic_spike': False, 'fluorescence': False}"
RS_1936,"[0.00000000e+00 3.15945058e-04 1.01487761e-03 ... 4.40371811e-01
 4.40985371e-01 4.40897158e-01]",biological,[ 100  102  104 ... 3194 3196 3198],71.00922343664966,2,"{'cosmic_spike': False, 'fluorescence': False}"
RS_1937,"[1.10876213e-02 1.13200875e-02 1.10707850e-02 ... 2.78786335e-05
 3.24650305e-04 0.00000000e+00]",biological,[ 100  102  104 ... 3194 3196 3198],67.51887833249921,2,"{'cosmic_spike': True, 'fluorescence': True}"
RS_1938,[0.09721573 0.10071035 0.11555759 ... 0.0398344  0.04791432 0.03888839],biological,[ 100  102  104 ... 3194 3196 3198],25.027826572140448,2,"{'cosmic_spike': False, 'fluorescence': False}"
RS_1939,[0.2501025  0.24691654 0.2494772  ... 0.03159317 0.03047175 0.03242995],biological,[ 100  102  104 ... 3194 3196 3198],44.28287401126175,2,"{'cosmic_spike': False, 'fluorescence': False}"
RS_1940,[0.10318388 0.09789722 0.10033547 ... 0.00508664 0.00599347 0.00711729],biological,[ 100  102  104 ... 3194 3196 3198],36.94362567042078,2,"{'cosmic_spike': False, 'fluorescence': False}"
RS_1941,[0.00068705 0.00130805 0.         ... 0.02492058 0.02424634 0.02498476],biological,[ 100  102  104 ... 3194 3196 3198],44.614730439274894,2,"{'cosmic_spike': False, 'fluorescence': False}"
RS_1942,[0.         0.00106667 0.00166011 ... 0.49324916 0.49393537 0.49441118],biological,[ 100  102  104 ... 3194 3196 3198],44.907742710726176,2,"{'cosmic_spike': False, 'fluorescence': False}"
RS_1943,[0.30406941 0.39206657 0.37284563 ... 0.20876377 0.23218723 0.26815869],biological,[ 100  102  104 ... 3194 3196 3198],5.255655063780091,2,"{'cosmic_spike': False, 'fluorescence': True}"
RS_1944,[0.22972971 0.26502378 0.28147337 ... 0.04386847 0.05903009 0.03540191],biological,[ 100  102  104 ... 3194 3196 3198],21.717589552203286,2,"{'cosmic_spike': False, 'fluorescence': False}"
RS_1945,"[0.00000000e+00 1.95376408e-04 4.17897583e-04 ... 4.53205600e-01
 4.52968557e-01 4.54537097e-01]",biological,[ 100  102  104 ... 3194 3196 3198],46.76015230577498,2,"{'cosmic_spike': False, 'fluorescence': True}"
RS_1946,[0.02978013 0.03926473 0.0346003  ... 0.34834605 0.36441756 0.3499726 ],biological,[ 100  102  104 ... 3194 3196 3198],28.56752204783781,2,"{'cosmic_spike': False, 'fluorescence': True}"
RS_1947,[0.01439336 0.0179343  0.01163094 ... 0.05526107 0.03684621 0.04195519],biological,[ 100  102  104 ... 3194 3196 3198],25.43725645229416,2,"{'cosmic_spike': False, 'fluorescence': False}"
RS_1948,"[2.26264490e-01 2.26734756e-01 2.24144611e-01 ... 0.00000000e+00
 4.65622132e-04 1.41985374e-04]",biological,[ 100  102  104 ... 3194 3196 3198],45.647232743375746,2,"{'cosmic_spike': False, 'fluorescence': False}"
RS_1949,[0.         0.00015369 0.00078393 ... 0.08347712 0.08390988 0.08428385],biological,[ 100  102  104 ... 3194 3196 3198],57.947048131746605,2,"{'cosmic_spike': False, 'fluorescence': True}"
RS_1950,[0.16929096 0.16877821 0.16835311 ... 0.07615405 0.07605766 0.07649384],biological,[ 100  102  104 ... 3194 3196 3198],75.90395289654975,2,"{'cosmic_spike': False, 'fluorescence': False}"
RS_1951,[0.02155092 0.04901741 0.0676506  ... 0.18258737 0.22589465 0.23684499],biological,[ 100  102  104 ... 3194 3196 3198],16.758279665624272,2,"{'cosmic_spike': False, 'fluorescence': False}"
RS_1952,[0.09665724 0.21174358 0.15830158 ... 0.32490371 0.22777818 0.321946  ],biological,[ 100  102  104 ... 3194 3196 3198],6.7205086251595505,2,"{'cosmic_spike': False, 'fluorescence': False}"
RS_1953,[0.27728358 0.35359952 0.22827071 ... 0.15783741 0.2432244  0.17509255],biological,[ 100  102  104 ... 3194 3196 3198],7.264112678947816,2,"{'cosmic_spike': False, 'fluorescence': True}"
RS_1954,[0.         0.00090623 0.00027709 ... 0.22770564 0.22731456 0.22795219],biological,[ 100  102  104 ... 3194 3196 3198],54.7025121863056,2,"{'cosmic_spike': False, 'fluorescence': True}"
RS_1955,[0.00349024 0.00060237 0.00362164 ... 0.12923539 0.13305532 0.13096868],biological,[ 100  102  104 ... 3194 3196 3198],43.26950401653328,2,"{'cosmic_spike': False, 'fluorescence': False}"
RS_1956,[0.27996791 0.25532749 0.28841559 ... 0.0328552  0.01814412 0.04794905],biological,[ 100  102  104 ... 3194 3196 3198],27.742834327200676,2,"{'cosmic_spike': False, 'fluorescence': False}"
RS_1957,[0.11126136 0.11272673 0.112101   ... 0.14024299 0.14108323 0.14190026],biological,[ 100  102  104 ... 3194 3196 3198],43.16066696061668,2,"{'cosmic_spike': False, 'fluorescence': False}"
RS_1958,"[2.16777504e-02 2.13688050e-02 2.26393455e-02 ... 0.00000000e+00
 4.35105789e-04 8.50042387e-05]",biological,[ 100  102  104 ... 3194 3196 3198],58.045256888490606,2,"{'cosmic_spike': False, 'fluorescence': False}"
RS_1959,[0.22039159 0.21712874 0.21736494 ... 0.03107449 0.04838079 0.03433888],biological,[ 100  102  104 ... 3194 3196 3198],20.57459071326856,2,"{'cosmic_spike': True, 'fluorescence': True}"
RS_1960,[0.05363059 0.06260979 0.08432054 ... 0.15772425 0.13272888 0.13813714],biological,[ 100  102  104 ... 3194 3196 3198],22.640177552128854,2,"{'cosmic_spike': False, 'fluorescence': False}"
RS_1961,[0.         0.0005184  0.00103006 ... 0.09620998 0.09535376 0.09513587],biological,[ 100  102  104 ... 3194 3196 3198],54.61892645410519,2,"{'cosmic_spike': False, 'fluorescence': False}"
RS_1962,[0.04109163 0.04065017 0.04114058 ... 0.00064057 0.00028585 0.        ],biological,[ 100  102  104 ... 3194 3196 3198],69.87732810714382,2,"{'cosmic_spike': False, 'fluorescence': False}"
RS_1963,[0.10590653 0.1058369  0.1056986  ... 0.02823959 0.02858618 0.02866024],biological,[ 100  102  104 ... 3194 3196 3198],70.6978298594679,2,"{'cosmic_spike': False, 'fluorescence': False}"
RS_1964,[0.00338672 0.         0.00496439 ... 0.13098631 0.13201745 0.1326899 ],biological,[ 100  102  104 ... 3194 3196 3198],45.018141302839894,2,"{'cosmic_spike': False, 'fluorescence': False}"
RS_1965,[0.00042255 0.00145517 0.00205759 ... 0.0715736  0.07079175 0.07217687],biological,[ 100  102  104 ... 3194 3196 3198],41.21226577902425,2,"{'cosmic_spike': False, 'fluorescence': False}"
RS_1966,[0.15450248 0.15254484 0.15052188 ... 0.00583669 0.01745439 0.01800417],biological,[ 100  102  104 ... 3194 3196 3198],28.513356334510693,2,"{'cosmic_spike': False, 'fluorescence': False}"
RS_1967,[0.00107925 0.00204709 0.00279669 ... 0.02152391 0.01931633 0.01914865],biological,[ 100  102  104 ... 3194 3196 3198],34.21657006827546,2,"{'cosmic_spike': False, 'fluorescence': True}"
RS_1968,[0.14772808 0.21427752 0.12537047 ... 0.19753365 0.22017617 0.15446878],biological,[ 100  102  104 ... 3194 3196 3198],11.431508556407191,2,"{'cosmic_spike': False, 'fluorescence': False}"
RS_1969,[0.10382728 0.11130586 0.10475034 ... 0.0335078  0.0157113  0.02522561],biological,[ 100  102  104 ... 3194 3196 3198],24.07762620935777,2,"{'cosmic_spike': False, 'fluorescence': False}"
RS_1970,[0.14747076 0.1527542  0.13602713 ... 0.         0.04177305 0.04866597],biological,[ 100  102  104 ... 3194 3196 3198],19.330544362211214,2,"{'cosmic_spike': False, 'fluorescence': False}"
RS_1971,[0.03313476 0.         0.03190083 ... 0.3655325  0.37387564 0.37640692],biological,[ 100  102  104 ... 3194 3196 3198],20.087807321375493,2,"{'cosmic_spike': False, 'fluorescence': True}"
RS_1972,[0.         0.00055719 0.00121256 ... 0.19874874 0.19887168 0.19862518],biological,[ 100  102  104 ... 3194 3196 3198],74.99086656878936,2,"{'cosmic_spike': False, 'fluorescence': True}"
RS_1973,[0.21153015 0.25345643 0.17450301 ... 0.27596383 0.11296472 0.24621539],biological,[ 100  102  104 ... 3194 3196 3198],7.38128001965574,2,"{'cosmic_spike': False, 'fluorescence': False}"
RS_1974,[0.         0.01532701 0.01104009 ... 0.06396479 0.07646688 0.07001692],biological,[ 100  102  104 ... 3194 3196 3198],27.675866921286566,2,"{'cosmic_spike': False, 'fluorescence': False}"
RS_1975,[0.54347129 0.54331189 0.54186467 ... 0.00254364 0.00223708 0.00168913],biological,[ 100  102  104 ... 3194 3196 3198],47.618011107463374,2,"{'cosmic_spike': False, 'fluorescence': True}"
RS_1976,[0.1260665  0.12839588 0.1257404  ... 0.00470735 0.00215953 0.00408895],biological,[ 100  102  104 ... 3194 3196 3198],36.682565881428694,2,"{'cosmic_spike': False, 'fluorescence': False}"
RS_1977,[0.02939901 0.02906777 0.029029   ... 0.07688338 0.07707365 0.07764454],biological,[ 100  102  104 ... 3194 3196 3198],73.8484771761511,2,"{'cosmic_spike': False, 'fluorescence': True}"
RS_1978,[0.21435138 0.21741648 0.22014305 ... 0.10350837 0.10179178 0.09759874],biological,[ 100  102  104 ... 3194 3196 3198],37.23779356753633,2,"{'cosmic_spike': False, 'fluorescence': False}"
RS_1979,[0.30547295 0.31470336 0.38727085 ... 0.25346349 0.25166322 0.26857412],biological,[ 100  102  104 ... 3194 3196 3198],5.291234760654374,2,"{'cosmic_spike': True, 'fluorescence': False}"
RS_1980,[0.00577131 0.00690843 0.         ... 0.20653059 0.20135294 0.21024712],biological,[ 100  102  104 ... 3194 3196 3198],30.252878922329696,2,"{'cosmic_spike': True, 'fluorescence': True}"
RS_1981,[0.01532774 0.01495947 0.01584314 ... 0.09495362 0.09666347 0.09558913],biological,[ 100  102  104 ... 3194 3196 3198],50.78621599243965,2,"{'cosmic_spike': False, 'fluorescence': True}"
RS_1982,[0.27829508 0.26417438 0.28907832 ... 0.01772105 0.06245173 0.03949269],biological,[ 100  102  104 ... 3194 3196 3198],19.144876718821706,2,"{'cosmic_spike': False, 'fluorescence': False}"
RS_1983,[0.02441461 0.02151196 0.02243249 ... 0.00212457 0.0035064  0.00422121],biological,[ 100  102  104 ... 3194 3196 3198],39.25258071186589,2,"{'cosmic_spike': False, 'fluorescence': False}"
RS_1984,[0.23243223 0.23214986 0.23421932 ... 0.00498541 0.00231318 0.00138137],biological,[ 100  102  104 ... 3194 3196 3198],36.23530643012485,2,"{'cosmic_spike': False, 'fluorescence': True}"
RS_1985,[0.28730284 0.30873246 0.20248171 ... 0.31221111 0.22145337 0.32463767],biological,[ 100  102  104 ... 3194 3196 3198],18.327691770457136,2,"{'cosmic_spike': False, 'fluorescence': False}"
RS_1986,[0.         0.00041948 0.00027694 ... 0.16933727 0.16946299 0.16956459],biological,[ 100  102  104 ... 3194 3196 3198],61.71700430882067,2,"{'cosmic_spike': False, 'fluorescence': False}"
RS_1987,[0.         0.00075501 0.00097459 ... 0.02274533 0.0227294  0.02189037],biological,[ 100  102  104 ... 3194 3196 3198],70.67438370826922,2,"{'cosmic_spike': False, 'fluorescence': True}"
RS_1988,[0.         0.00109197 0.00603977 ... 0.2551608  0.2549974  0.25468872],biological,[ 100  102  104 ... 3194 3196 3198],34.48194160615503,2,"{'cosmic_spike': False, 'fluorescence': False}"
RS_1989,[0.0830856  0.08170851 0.05608156 ... 0.06342642 0.05662878 0.0551584 ],biological,[ 100  102  104 ... 3194 3196 3198],14.94339475194832,2,"{'cosmic_spike': False, 'fluorescence': True}"
RS_1990,[0.16932726 0.16444289 0.17487797 ... 0.06329624 0.06725067 0.06298552],biological,[ 100  102  104 ... 3194 3196 3198],15.975458159294277,2,"{'cosmic_spike': False, 'fluorescence': True}"
RS_1991,[0.10852323 0.21518021 0.08993155 ... 0.38100395 0.33858339 0.44904004],biological,[ 100  102  104 ... 3194 3196 3198],6.43269642971352,2,"{'cosmic_spike': False, 'fluorescence': False}"
RS_1992,"[9.57906503e-06 1.17251592e-03 7.06119713e-04 ... 4.30007680e-03
 3.83471672e-03 3.82141112e-03]",biological,[ 100  102  104 ... 3194 3196 3198],52.127414615206945,2,"{'cosmic_spike': False, 'fluorescence': False}"
RS_1993,"[1.50619552e-01 1.51088938e-01 1.50959350e-01 ... 5.42441616e-04
 6.25765457e-04 1.43385085e-04]",biological,[ 100  102  104 ... 3194 3196 3198],59.18220618226057,2,"{'cosmic_spike': False, 'fluorescence': True}"
RS_1994,[0.04857979 0.05020864 0.04687644 ... 0.03481904 0.03143896 0.03204659],biological,[ 100  102  104 ... 3194 3196 3198],44.033418013839295,2,"{'cosmic_spike': False, 'fluorescence': True}"
RS_1995,[0.06832266 0.06834896 0.06891703 ... 0.00088669 0.00043504 0.        ],biological,[ 100  102  104 ... 3194 3196 3198],66.29146684679611,2,"{'cosmic_spike': False, 'fluorescence': True}"
RS_1996,[0.17719316 0.17097566 0.11136053 ... 0.05557361 0.10194514 0.05571046],biological,[ 100  102  104 ... 3194 3196 3198],16.520289068184702,2,"{'cosmic_spike': False, 'fluorescence': False}"
RS_1997,[0.21470122 0.18442146 0.19800237 ... 0.09272372 0.07921797 0.11140453],biological,[ 100  102  104 ... 3194 3196 3198],19.78557765612633,2,"{'cosmic_spike': False, 'fluorescence': False}"
RS_1998,"[2.56809637e-01 2.51161457e-01 2.51176413e-01 ... 8.61228115e-03
 9.01323595e-03 5.32380673e-05]",biological,[ 100  102  104 ... 3194 3196 3198],31.35262467835964,2,"{'cosmic_spike': False, 'fluorescence': False}"
RS_1999,[0.0312243  0.01871458 0.01545558 ... 0.1338067  0.11480599 0.12605705],biological,[ 100  102  104 ... 3194 3196 3198],24.273637148061532,2,"{'cosmic_spike': False, 'fluorescence': False}"
RS_2000,[0.00394658 0.00312204 0.00280882 ... 0.05579609 0.05993131 0.05873634],biological,[ 100  102  104 ... 3194 3196 3198],36.70028030486522,2,"{'cosmic_spike': True, 'fluorescence': True}"
RS_2001,[0.01445196 0.00378794 0.         ... 0.51423221 0.50832921 0.51303663],biological,[ 100  102  104 ... 3194 3196 3198],32.665639439240636,2,"{'cosmic_spike': False, 'fluorescence': False}"
RS_2002,[0.         0.002679   0.00396727 ... 0.04298789 0.04621963 0.04300405],biological,[ 100  102  104 ... 3194 3196 3198],42.96505077558106,2,"{'cosmic_spike': False, 'fluorescence': False}"
RS_2003,[0.00866937 0.02889133 0.02164666 ... 0.18782673 0.17804446 0.1734105 ],biological,[ 100  102  104 ... 3194 3196 3198],16.758310481380537,2,"{'cosmic_spike': False, 'fluorescence': False}"
RS_2004,[0.01765683 0.00277913 0.01189371 ... 0.1906231  0.18870565 0.1898807 ],biological,[ 100  102  104 ... 3194 3196 3198],28.011649720582447,2,"{'cosmic_spike': False, 'fluorescence': False}"
RS_2005,[0.240921   0.24267412 0.24863057 ... 0.01659974 0.01430138 0.0124457 ],biological,[ 100  102  104 ... 3194 3196 3198],25.89665012119305,2,"{'cosmic_spike': False, 'fluorescence': False}"
RS_2006,[0.26952791 0.23749633 0.19562229 ... 0.08105939 0.14663756 0.0980596 ],biological,[ 100  102  104 ... 3194 3196 3198],11.945834198330031,2,"{'cosmic_spike': False, 'fluorescence': False}"
RS_2007,[0.25664793 0.26233508 0.2450031  ... 0.03452614 0.03519537 0.04449564],biological,[ 100  102  104 ... 3194 3196 3198],32.14294268464856,2,"{'cosmic_spike': False, 'fluorescence': False}"
RS_2008,[0.27483316 0.23234619 0.30018625 ... 0.28554159 0.27640715 0.24907295],biological,[ 100  102  104 ... 3194 3196 3198],7.085620262086338,2,"{'cosmic_spike': False, 'fluorescence': True}"
RS_2009,[0.41318552 0.41186828 0.4111403  ... 0.08410316 0.08505256 0.08460012],biological,[ 100  102  104 ... 3194 3196 3198],76.44186285468639,2,"{'cosmic_spike': False, 'fluorescence': False}"
RS_2010,"[0.00000000e+00 1.31442283e-04 1.86186223e-04 ... 2.88326363e-01
 2.87890776e-01 2.88295724e-01]",biological,[ 100  102  104 ... 3194 3196 3198],52.691661597382534,2,"{'cosmic_spike': False, 'fluorescence': False}"
RS_2011,[0.31524917 0.31362644 0.31341132 ... 0.         0.00235224 0.00040224],biological,[ 100  102  104 ... 3194 3196 3198],43.45656147471714,2,"{'cosmic_spike': False, 'fluorescence': False}"
RS_2012,[0.         0.00098124 0.00137712 ... 0.23185937 0.23226516 0.23210101],biological,[ 100  102  104 ... 3194 3196 3198],52.61998345055267,2,"{'cosmic_spike': False, 'fluorescence': False}"
RS_2013,[0.01701712 0.03065669 0.09045357 ... 0.30742804 0.28533009 0.25805357],biological,[ 100  102  104 ... 3194 3196 3198],14.13282479361905,2,"{'cosmic_spike': True, 'fluorescence': False}"
RS_2014,[0.11211644 0.11194116 0.11228594 ... 0.08642045 0.08784322 0.08789958],biological,[ 100  102  104 ... 3194 3196 3198],48.284371558420254,2,"{'cosmic_spike': False, 'fluorescence': True}"
RS_2015,[0.1534909  0.23088338 0.1166076  ... 0.20096843 0.25018788 0.24287854],biological,[ 100  102  104 ... 3194 3196 3198],17.08151685510082,2,"{'cosmic_spike': False, 'fluorescence': False}"
RS_2016,[0.22986169 0.23063171 0.22702553 ... 0.00685426 0.00679244 0.0071207 ],biological,[ 100  102  104 ... 3194 3196 3198],34.51486507596067,2,"{'cosmic_spike': False, 'fluorescence': False}"
RS_2017,[0.27695228 0.26365176 0.11349793 ... 0.23237608 0.13739599 0.06544348],biological,[ 100  102  104 ... 3194 3196 3198],9.148020956382625,2,"{'cosmic_spike': False, 'fluorescence': False}"
RS_2018,[0.04296249 0.04305588 0.04095478 ... 0.31299728 0.31416747 0.31407455],biological,[ 100  102  104 ... 3194 3196 3198],53.77277762296337,2,"{'cosmic_spike': False, 'fluorescence': True}"
RS_2019,[0.34376981 0.3373109  0.36328657 ... 0.02706907 0.02716732 0.03569711],biological,[ 100  102  104 ... 3194 3196 3198],29.420450681385187,2,"{'cosmic_spike': False, 'fluorescence': False}"
RS_2020,[0.10748186 0.10509076 0.10626526 ... 0.0245499  0.02475773 0.023968  ],biological,[ 100  102  104 ... 3194 3196 3198],50.790873323718614,2,"{'cosmic_spike': False, 'fluorescence': True}"
RS_2021,[0.19016052 0.18949115 0.1895152  ... 0.0392994  0.03973794 0.03975043],biological,[ 100  102  104 ... 3194 3196 3198],77.33940071460208,2,"{'cosmic_spike': False, 'fluorescence': False}"
RS_2022,[0.00339773 0.00320343 0.0036574  ... 0.09904817 0.09896534 0.09938788],biological,[ 100  102  104 ... 3194 3196 3198],76.87043496761972,2,"{'cosmic_spike': False, 'fluorescence': False}"
RS_2023,[0.30716956 0.3067796  0.30700228 ... 0.00035489 0.00038825 0.        ],biological,[ 100  102  104 ... 3194 3196 3198],67.41404655922562,2,"{'cosmic_spike': False, 'fluorescence': False}"
RS_2024,[0.16475754 0.02410249 0.20458558 ... 0.27469525 0.1783697  0.2234896 ],biological,[ 100  102  104 ... 3194 3196 3198],7.087999184426048,2,"{'cosmic_spike': False, 'fluorescence': False}"
RS_2025,[0.10480148 0.10504061 0.10123157 ... 0.00938774 0.00426227 0.00343576],biological,[ 100  102  104 ... 3194 3196 3198],35.31160187259801,2,"{'cosmic_spike': False, 'fluorescence': False}"
RS_2026,[0.05909605 0.05918951 0.06662873 ... 0.03213637 0.03332883 0.03485626],biological,[ 100  102  104 ... 3194 3196 3198],33.143790472873384,2,"{'cosmic_spike': False, 'fluorescence': False}"
RS_2027,[0.09923031 0.14057121 0.16118327 ... 0.33799814 0.37489952 0.40030997],biological,[ 100  102  104 ... 3194 3196 3198],17.827181178556323,2,"{'cosmic_spike': False, 'fluorescence': False}"
RS_2028,[0.20885954 0.14132786 0.11490558 ... 0.07940401 0.11329072 0.06702574],biological,[ 100  102  104 ... 3194 3196 3198],9.09752675304746,2,"{'cosmic_spike': False, 'fluorescence': True}"
RS_2029,[0.10416791 0.12587949 0.13174167 ... 0.06648946 0.03886919 0.06515428],biological,[ 100  102  104 ... 3194 3196 3198],15.388321896309483,2,"{'cosmic_spike': False, 'fluorescence': True}"
RS_2030,[0.51718103 0.53916127 0.47954607 ... 0.12735908 0.08910119 0.        ],biological,[ 100  102  104 ... 3194 3196 3198],14.7455059034498,2,"{'cosmic_spike': False, 'fluorescence': False}"
RS_2031,[0.11069013 0.06013862 0.11544355 ... 0.11381693 0.08330141 0.07815819],biological,[ 100  102  104 ... 3194 3196 3198],17.538849932770344,2,"{'cosmic_spike': False, 'fluorescence': True}"
RS_2032,[0.02695369 0.04793929 0.0296936  ... 0.13283354 0.13179674 0.12443476],biological,[ 100  102  104 ... 3194 3196 3198],22.46354669859007,2,"{'cosmic_spike': False, 'fluorescence': False}"
RS_2033,[0.11063922 0.10934457 0.11154652 ... 0.01378504 0.01987758 0.01908809],biological,[ 100  102  104 ... 3194 3196 3198],40.99398388590958,2,"{'cosmic_spike': False, 'fluorescence': False}"
RS_2034,[0.07768489 0.04885754 0.08290389 ... 0.0847218  0.05172293 0.03096428],biological,[ 100  102  104 ... 3194 3196 3198],17.766069810711187,2,"{'cosmic_spike': False, 'fluorescence': True}"
RS_2035,"[4.87636782e-05 0.00000000e+00 3.23986710e-04 ... 6.49848313e-02
 6.43094793e-02 6.42336366e-02]",biological,[ 100  102  104 ... 3194 3196 3198],58.84338984950747,2,"{'cosmic_spike': False, 'fluorescence': False}"
RS_2036,[0.02795719 0.05044626 0.03664813 ... 0.31682582 0.31505626 0.34400079],biological,[ 100  102  104 ... 3194 3196 3198],28.841148406948733,2,"{'cosmic_spike': False, 'fluorescence': False}"
RS_2037,"[3.98504472e-01 3.98153330e-01 3.98124340e-01 ... 2.67017971e-04
 5.58253370e-04 0.00000000e+00]",biological,[ 100  102  104 ... 3194 3196 3198],70.12196579039386,2,"{'cosmic_spike': False, 'fluorescence': False}"
RS_2038,[0.0525646  0.05226635 0.05299503 ... 0.29637477 0.29711143 0.29947102],biological,[ 100  102  104 ... 3194 3196 3198],45.96338034278591,2,"{'cosmic_spike': True, 'fluorescence': False}"
RS_2039,[0.32235488 0.30193729 0.28865611 ... 0.10088533 0.10375098 0.10612541],biological,[ 100  102  104 ... 3194 3196 3198],16.5986798342878,2,"{'cosmic_spike': True, 'fluorescence': False}"
RS_2040,[0.00173853 0.         0.00075564 ... 0.01528573 0.0142978  0.01221718],biological,[ 100  102  104 ... 3194 3196 3198],34.4308756593948,2,"{'cosmic_spike': False, 'fluorescence': True}"
RS_2041,[0.         0.00068043 0.00117856 ... 0.22660718 0.22655819 0.22639583],biological,[ 100  102  104 ... 3194 3196 3198],69.3510107473051,2,"{'cosmic_spike': False, 'fluorescence': False}"
RS_2042,[0.11887485 0.11877851 0.11879355 ... 0.00101364 0.00023396 0.00039407],biological,[ 100  102  104 ... 3194 3196 3198],54.03635146141527,2,"{'cosmic_spike': False, 'fluorescence': False}"
RS_2043,"[0.00000000e+00 2.52688699e-04 7.21866493e-05 ... 6.58853929e-01
 6.59336147e-01 6.59781413e-01]",biological,[ 100  102  104 ... 3194 3196 3198],74.59046871308428,2,"{'cosmic_spike': False, 'fluorescence': True}"
RS_2044,[0.03831653 0.06616753 0.06802914 ... 0.04401569 0.05410657 0.03834385],biological,[ 100  102  104 ... 3194 3196 3198],24.5792950767048,2,"{'cosmic_spike': False, 'fluorescence': True}"
RS_2045,[0.1722657  0.34078601 0.25882166 ... 0.14539481 0.02995695 0.19903303],biological,[ 100  102  104 ... 3194 3196 3198],10.707821931870665,2,"{'cosmic_spike': False, 'fluorescence': True}"
RS_2046,[0.25587869 0.2550862  0.3133087  ... 0.1506623  0.15711861 0.19226509],biological,[ 100  102  104 ... 3194 3196 3198],8.276587671482856,2,"{'cosmic_spike': False, 'fluorescence': True}"
RS_2047,[0.         0.00012353 0.00029703 ... 0.07358639 0.07362082 0.07351111],biological,[ 100  102  104 ... 3194 3196 3198],72.62560219273702,2,"{'cosmic_spike': False, 'fluorescence': False}"
RS_2048,[0.15466327 0.10522111 0.11570292 ... 0.03795931 0.214633   0.25963287],biological,[ 100  102  104 ... 3194 3196 3198],5.59716334506493,2,"{'cosmic_spike': False, 'fluorescence': False}"
RS_2049,"[0.00000000e+00 2.48356300e-04 5.94780960e-04 ... 2.57079139e-01
 2.57628315e-01 2.57364371e-01]",biological,[ 100  102  104 ... 3194 3196 3198],74.95789817122838,2,"{'cosmic_spike': False, 'fluorescence': True}"
RS_2050,[0.00527872 0.0112878  0.02929082 ... 0.237171   0.26244182 0.22782183],biological,[ 100  102  104 ... 3194 3196 3198],21.026147671477055,2,"{'cosmic_spike': False, 'fluorescence': False}"
RS_2051,[0.15295388 0.15289439 0.15349813 ... 0.00436879 0.00453718 0.00359638],biological,[ 100  102  104 ... 3194 3196 3198],40.08387245071762,2,"{'cosmic_spike': False, 'fluorescence': False}"
RS_2052,[0.3038896  0.30362442 0.30318232 ... 0.00134773 0.00178286 0.00116156],biological,[ 100  102  104 ... 3194 3196 3198],60.54839090496892,2,"{'cosmic_spike': False, 'fluorescence': False}"
RS_2053,[0.00176413 0.00012388 0.00208554 ... 0.03132163 0.03040996 0.02980414],biological,[ 100  102  104 ... 3194 3196 3198],42.15951356819557,2,"{'cosmic_spike': False, 'fluorescence': False}"
RS_2054,"[1.51210016e-04 8.90822199e-05 0.00000000e+00 ... 6.08475080e-03
 6.60997536e-03 6.63033848e-03]",biological,[ 100  102  104 ... 3194 3196 3198],78.62797314037209,2,"{'cosmic_spike': False, 'fluorescence': False}"
RS_2055,[0.11737918 0.11744554 0.11714662 ... 0.01629276 0.01815517 0.01883434],biological,[ 100  102  104 ... 3194 3196 3198],43.668405214867605,2,"{'cosmic_spike': False, 'fluorescence': True}"
RS_2056,[0.01574381 0.01817589 0.01742963 ... 0.00325776 0.00388243 0.00374739],biological,[ 100  102  104 ... 3194 3196 3198],46.42856791980201,2,"{'cosmic_spike': False, 'fluorescence': True}"
RS_2057,[0.00028607 0.         0.00082334 ... 0.13193071 0.13162454 0.13182336],biological,[ 100  102  104 ... 3194 3196 3198],55.441614541547885,2,"{'cosmic_spike': False, 'fluorescence': True}"
RS_2058,[0.00373846 0.         0.00592882 ... 0.16057593 0.15642586 0.1581959 ],biological,[ 100  102  104 ... 3194 3196 3198],40.12697931050055,2,"{'cosmic_spike': False, 'fluorescence': True}"
RS_2059,"[3.92861135e-02 3.91164922e-02 3.94509515e-02 ... 7.61218444e-04
 0.00000000e+00 1.09581425e-05]",biological,[ 100  102  104 ... 3194 3196 3198],60.10865834689603,2,"{'cosmic_spike': False, 'fluorescence': True}"
RS_2060,[0.16147726 0.16642431 0.16328876 ... 0.37431757 0.36998386 0.37487246],biological,[ 100  102  104 ... 3194 3196 3198],24.08443535664824,2,"{'cosmic_spike': False, 'fluorescence': False}"
RS_2061,[0.04691277 0.04044196 0.03317611 ... 0.05788285 0.05789834 0.06514225],biological,[ 100  102  104 ... 3194 3196 3198],28.466297919580143,2,"{'cosmic_spike': False, 'fluorescence': False}"
RS_2062,[0.22437552 0.22135699 0.23032301 ... 0.07424556 0.06782962 0.06775857],biological,[ 100  102  104 ... 3194 3196 3198],19.577586171894264,2,"{'cosmic_spike': False, 'fluorescence': False}"
RS_2063,"[6.39437962e-05 0.00000000e+00 7.01598642e-04 ... 2.16793205e-01
 2.16644684e-01 2.16440905e-01]",biological,[ 100  102  104 ... 3194 3196 3198],63.35203270974971,2,"{'cosmic_spike': False, 'fluorescence': False}"
RS_2064,[0.16083504 0.16204077 0.16099657 ... 0.2398409  0.24190458 0.24240551],biological,[ 100  102  104 ... 3194 3196 3198],47.969636560874086,2,"{'cosmic_spike': True, 'fluorescence': True}"
RS_2065,[0.01777465 0.00857957 0.00222539 ... 0.05726916 0.05731437 0.05897274],biological,[ 100  102  104 ... 3194 3196 3198],33.93210743692447,2,"{'cosmic_spike': False, 'fluorescence': False}"
RS_2066,[0.00933286 0.00755254 0.01306586 ... 0.1293148  0.1352699  0.12891685],biological,[ 100  102  104 ... 3194 3196 3198],32.38060950361105,2,"{'cosmic_spike': False, 'fluorescence': False}"
RS_2067,[0.25965225 0.2594309  0.25874586 ... 0.01953796 0.01987016 0.01995323],biological,[ 100  102  104 ... 3194 3196 3198],61.781619585820124,2,"{'cosmic_spike': False, 'fluorescence': False}"
RS_2068,[0.00079544 0.00228647 0.0030867  ... 0.12799741 0.12700714 0.12849671],biological,[ 100  102  104 ... 3194 3196 3198],50.50342869259955,2,"{'cosmic_spike': False, 'fluorescence': False}"
RS_2069,[0.02003679 0.04303788 0.05317262 ... 0.1798384  0.13470678 0.17342741],biological,[ 100  102  104 ... 3194 3196 3198],17.239811569994245,2,"{'cosmic_spike': False, 'fluorescence': False}"
RS_2070,[0.         0.00038951 0.00078492 ... 0.17165093 0.17113428 0.17146138],biological,[ 100  102  104 ... 3194 3196 3198],69.1659964739824,2,"{'cosmic_spike': False, 'fluorescence': False}"
RS_2071,[0.12050642 0.12035656 0.11990429 ... 0.00777505 0.00804036 0.00803632],biological,[ 100  102  104 ... 3194 3196 3198],78.97238694236721,2,"{'cosmic_spike': False, 'fluorescence': False}"
RS_2072,[0.         0.00046709 0.0012286  ... 0.02106027 0.02113666 0.0209491 ],biological,[ 100  102  104 ... 3194 3196 3198],77.38636008147628,2,"{'cosmic_spike': False, 'fluorescence': False}"
RS_2073,[0.24565627 0.24529835 0.24545998 ... 0.08234775 0.08226836 0.08228535],biological,[ 100  102  104 ... 3194 3196 3198],67.48551987680969,2,"{'cosmic_spike': False, 'fluorescence': False}"
RS_2074,[0.02064036 0.02957296 0.0555403  ... 0.15509532 0.17954815 0.15726873],biological,[ 100  102  104 ... 3194 3196 3198],21.760786317724843,2,"{'cosmic_spike': False, 'fluorescence': False}"
RS_2075,[0.06058478 0.06360765 0.05953685 ... 0.06788267 0.07168902 0.07121329],biological,[ 100  102  104 ... 3194 3196 3198],39.104980819943954,2,"{'cosmic_spike': False, 'fluorescence': False}"
RS_2076,[0.0609575  0.12791591 0.06961863 ... 0.36458232 0.33296948 0.35897401],biological,[ 100  102  104 ... 3194 3196 3198],10.356244409117211,2,"{'cosmic_spike': False, 'fluorescence': False}"
RS_2077,"[0.00000000e+00 1.59328985e-04 5.88555975e-04 ... 9.97327250e-01
 9.98908904e-01 1.00000000e+00]",biological,[ 100  102  104 ... 3194 3196 3198],63.78903004791293,2,"{'cosmic_spike': False, 'fluorescence': False}"
RS_2078,[0.0122439  0.01392705 0.01357015 ... 0.00186984 0.00209893 0.0010914 ],biological,[ 100  102  104 ... 3194 3196 3198],47.04477747574619,2,"{'cosmic_spike': False, 'fluorescence': True}"
RS_2079,[0.10606782 0.09659178 0.11466959 ... 0.23012686 0.20500574 0.21626043],biological,[ 100  102  104 ... 3194 3196 3198],28.917260115036946,2,"{'cosmic_spike': False, 'fluorescence': True}"
RS_2080,"[1.46727557e-01 1.46987579e-01 1.46781092e-01 ... 3.22655358e-04
 8.58508023e-05 0.00000000e+00]",biological,[ 100  102  104 ... 3194 3196 3198],58.56840518090199,2,"{'cosmic_spike': False, 'fluorescence': False}"
RS_2081,[0.         0.00356732 0.0023943  ... 0.25559266 0.25518786 0.25690859],biological,[ 100  102  104 ... 3194 3196 3198],46.37893364926317,2,"{'cosmic_spike': False, 'fluorescence': False}"
RS_2082,[0.03898482 0.03666995 0.03402332 ... 0.00859897 0.         0.0006201 ],biological,[ 100  102  104 ... 3194 3196 3198],39.759880434211645,2,"{'cosmic_spike': False, 'fluorescence': False}"
RS_2083,[0.26039336 0.26353095 0.26090336 ... 0.00171339 0.00384512 0.00365191],biological,[ 100  102  104 ... 3194 3196 3198],40.96558433830645,2,"{'cosmic_spike': False, 'fluorescence': False}"
RS_2084,[0.48608333 0.4990851  0.48075294 ... 0.24742662 0.23875784 0.24129002],biological,[ 100  102  104 ... 3194 3196 3198],29.195326734209637,2,"{'cosmic_spike': False, 'fluorescence': False}"
RS_2085,[0.00352031 0.         0.00638879 ... 0.02225143 0.02574791 0.01889484],biological,[ 100  102  104 ... 3194 3196 3198],36.00533522143541,2,"{'cosmic_spike': False, 'fluorescence': False}"
RS_2086,[0.13307023 0.09200274 0.10075502 ... 0.1856949  0.28142063 0.14936998],biological,[ 100  102  104 ... 3194 3196 3198],11.961227526607736,2,"{'cosmic_spike': False, 'fluorescence': False}"
RS_2087,[0.41497838 0.33315598 0.32623365 ... 0.16369998 0.33534977 0.16953795],biological,[ 100  102  104 ... 3194 3196 3198],5.648356018526133,2,"{'cosmic_spike': False, 'fluorescence': False}"
RS_2088,"[1.04190970e-03 1.97217109e-04 2.13926280e-03 ... 2.48404017e-01
 2.47782118e-01 2.48037332e-01]",biological,[ 100  102  104 ... 3194 3196 3198],45.8207817449761,2,"{'cosmic_spike': False, 'fluorescence': True}"
RS_2089,[0.30034083 0.30635832 0.29941848 ... 0.02158952 0.01148557 0.01467931],biological,[ 100  102  104 ... 3194 3196 3198],27.812549392303733,2,"{'cosmic_spike': True, 'fluorescence': False}"
RS_2090,"[2.57408108e-04 7.64996223e-05 2.41705061e-04 ... 2.46459700e-01
 2.46592175e-01 2.46959069e-01]",biological,[ 100  102  104 ... 3194 3196 3198],78.99365841250459,2,"{'cosmic_spike': False, 'fluorescence': True}"
RS_2091,[0.13191736 0.11440182 0.1601242  ... 0.47448886 0.33149576 0.42701697],biological,[ 100  102  104 ... 3194 3196 3198],15.674092468896399,2,"{'cosmic_spike': False, 'fluorescence': True}"
RS_2092,[0.24451516 0.19898391 0.29121233 ... 0.29977604 0.3153803  0.3846282 ],biological,[ 100  102  104 ... 3194 3196 3198],7.440729538480449,2,"{'cosmic_spike': False, 'fluorescence': False}"
RS_2093,[0.04708486 0.0587229  0.0478102  ... 0.26940485 0.2822118  0.27779435],biological,[ 100  102  104 ... 3194 3196 3198],30.615787989233972,2,"{'cosmic_spike': False, 'fluorescence': False}"
RS_2094,[0.33279382 0.1350503  0.26560735 ... 0.21849305 0.32081361 0.26645508],biological,[ 100  102  104 ... 3194 3196 3198],9.90775785144881,2,"{'cosmic_spike': False, 'fluorescence': False}"
RS_2095,[0.03979474 0.04086182 0.03985471 ... 0.00070869 0.00103856 0.        ],biological,[ 100  102  104 ... 3194 3196 3198],62.714513231280655,2,"{'cosmic_spike': False, 'fluorescence': False}"
RS_2096,[0.02587686 0.02596228 0.02579968 ... 0.11978692 0.12013451 0.11992847],biological,[ 100  102  104 ... 3194 3196 3198],64.28338160961172,2,"{'cosmic_spike': False, 'fluorescence': False}"
RS_2097,[0.22834242 0.22861054 0.22838032 ... 0.00073034 0.00064762 0.        ],biological,[ 100  102  104 ... 3194 3196 3198],78.82944731747554,2,"{'cosmic_spike': False, 'fluorescence': False}"
RS_2098,"[2.82811992e-01 2.83019132e-01 2.82901964e-01 ... 7.48043783e-04
 2.50861641e-04 0.00000000e+00]",biological,[ 100  102  104 ... 3194 3196 3198],71.91084054833554,2,"{'cosmic_spike': False, 'fluorescence': False}"
RS_2099,[0.14215659 0.14482238 0.16174852 ... 0.0226966  0.01067069 0.        ],biological,[ 100  102  104 ... 3194 3196 3198],27.729510300638974,2,"{'cosmic_spike': False, 'fluorescence': True}"
RS_2100,"[0.00000000e+00 2.73118476e-05 3.98211802e-04 ... 1.34487292e-01
 1.34348372e-01 1.34394449e-01]",biological,[ 100  102  104 ... 3194 3196 3198],59.47198662191403,2,"{'cosmic_spike': False, 'fluorescence': False}"
RS_2101,[0.13402791 0.13425356 0.1346426  ... 0.00019956 0.00020267 0.        ],biological,[ 100  102  104 ... 3194 3196 3198],57.23051858157388,2,"{'cosmic_spike': False, 'fluorescence': True}"
RS_2102,[0.03449646 0.06192231 0.05988506 ... 0.82034034 0.75412715 0.79614051],biological,[ 100  102  104 ... 3194 3196 3198],7.931029175115424,2,"{'cosmic_spike': False, 'fluorescence': True}"
RS_2103,[0.15741717 0.15190336 0.14920461 ... 0.02378479 0.02369542 0.03394783],biological,[ 100  102  104 ... 3194 3196 3198],36.45055112921065,2,"{'cosmic_spike': False, 'fluorescence': False}"
RS_2104,"[6.56074031e-02 6.56167780e-02 6.56847752e-02 ... 3.58801295e-04
 3.17406914e-05 3.87430365e-04]",biological,[ 100  102  104 ... 3194 3196 3198],60.72800990649551,2,"{'cosmic_spike': False, 'fluorescence': False}"
RS_2105,"[3.94480647e-02 3.97888941e-02 3.97359901e-02 ... 6.15506210e-05
 1.96319634e-05 0.00000000e+00]",biological,[ 100  102  104 ... 3194 3196 3198],71.96674241803872,2,"{'cosmic_spike': False, 'fluorescence': False}"
RS_2106,[0.0045417  0.         0.00726713 ... 0.11040559 0.11228637 0.1069209 ],biological,[ 100  102  104 ... 3194 3196 3198],35.01304493973713,2,"{'cosmic_spike': False, 'fluorescence': False}"
RS_2107,"[0.00000000e+00 1.77570066e-04 2.34884136e-04 ... 5.40468292e-01
 5.41818649e-01 5.41716653e-01]",biological,[ 100  102  104 ... 3194 3196 3198],59.57262679343898,2,"{'cosmic_spike': False, 'fluorescence': False}"
RS_2108,[0.02243552 0.0277987  0.0254961  ... 0.15935908 0.15358466 0.15411173],biological,[ 100  102  104 ... 3194 3196 3198],18.276236202924473,2,"{'cosmic_spike': False, 'fluorescence': False}"
RS_2109,[0.31394659 0.31355753 0.3130564  ... 0.0539488  0.05421583 0.05446269],biological,[ 100  102  104 ... 3194 3196 3198],71.68409227836136,2,"{'cosmic_spike': False, 'fluorescence': False}"
RS_2110,[0.30662281 0.31345863 0.32186488 ... 0.03225462 0.04372734 0.04518659],biological,[ 100  102  104 ... 3194 3196 3198],20.45160474791708,2,"{'cosmic_spike': False, 'fluorescence': False}"
RS_2111,[0.1979392  0.19722486 0.19710001 ... 0.01469691 0.01523406 0.01473089],biological,[ 100  102  104 ... 3194 3196 3198],73.57608608265575,2,"{'cosmic_spike': False, 'fluorescence': False}"
RS_2112,[0.         0.00047045 0.00011077 ... 0.0526348  0.05247339 0.05255565],biological,[ 100  102  104 ... 3194 3196 3198],79.28351580029091,2,"{'cosmic_spike': False, 'fluorescence': False}"
RS_2113,[0.22878275 0.22852612 0.22813405 ... 0.41668314 0.41697734 0.41852931],biological,[ 100  102  104 ... 3194 3196 3198],73.19779018819997,2,"{'cosmic_spike': False, 'fluorescence': False}"
RS_2114,[0.19346033 0.14232512 0.12936007 ... 0.14596388 0.15147408 0.13055665],biological,[ 100  102  104 ... 3194 3196 3198],18.076825544509326,2,"{'cosmic_spike': False, 'fluorescence': False}"
RS_2115,[0.01778372 0.01521092 0.00684164 ... 0.19009579 0.18573679 0.18919531],biological,[ 100  102  104 ... 3194 3196 3198],35.56896115315927,2,"{'cosmic_spike': False, 'fluorescence': False}"
RS_2116,[0.         0.00037551 0.00104124 ... 0.16813339 0.16805089 0.16786688],biological,[ 100  102  104 ... 3194 3196 3198],57.71871492373602,2,"{'cosmic_spike': False, 'fluorescence': False}"
RS_2117,[0.07528112 0.0745085  0.07547129 ... 0.16012664 0.16038195 0.16055813],biological,[ 100  102  104 ... 3194 3196 3198],51.16856194641737,2,"{'cosmic_spike': False, 'fluorescence': False}"
RS_2118,[0.14063357 0.1396145  0.13893827 ... 0.00054482 0.         0.00039114],biological,[ 100  102  104 ... 3194 3196 3198],50.54728398732351,2,"{'cosmic_spike': False, 'fluorescence': False}"
RS_2119,"[1.64217697e-01 1.64507795e-01 1.64450249e-01 ... 0.00000000e+00
 1.86776198e-04 1.74213896e-06]",biological,[ 100  102  104 ... 3194 3196 3198],59.083352485690746,2,"{'cosmic_spike': False, 'fluorescence': False}"
RS_2120,[0.08542211 0.1015304  0.08612716 ... 0.01993931 0.05489939 0.04773573],biological,[ 100  102  104 ... 3194 3196 3198],23.44929038361245,2,"{'cosmic_spike': False, 'fluorescence': False}"
RS_2121,[0.29142473 0.27706301 0.25993846 ... 0.04057995 0.03710871 0.0568295 ],biological,[ 100  102  104 ... 3194 3196 3198],22.353559577758762,2,"{'cosmic_spike': False, 'fluorescence': False}"
RS_2122,[0.21700275 0.19222094 0.2285962  ... 0.21934385 0.23934343 0.24685282],biological,[ 100  102  104 ... 3194 3196 3198],23.979564911811156,2,"{'cosmic_spike': False, 'fluorescence': False}"
RS_2123,[0.01968962 0.02675255 0.03981341 ... 0.29839736 0.31669363 0.31637111],biological,[ 100  102  104 ... 3194 3196 3198],23.291623217079582,2,"{'cosmic_spike': False, 'fluorescence': True}"
RS_2124,[0.01534226 0.01540246 0.01543519 ... 0.37707265 0.37775272 0.37849661],biological,[ 100  102  104 ... 3194 3196 3198],63.681695511513205,2,"{'cosmic_spike': False, 'fluorescence': False}"
RS_2125,[0.10415698 0.10398834 0.10352329 ... 0.05122977 0.05163003 0.05164672],biological,[ 100  102  104 ... 3194 3196 3198],57.88813639788921,2,"{'cosmic_spike': True, 'fluorescence': False}"
RS_2126,"[1.66252879e-04 5.34962327e-04 1.73106308e-04 ... 2.71839108e-01
 2.72212594e-01 2.72624135e-01]",biological,[ 100  102  104 ... 3194 3196 3198],66.88029017472142,2,"{'cosmic_spike': False, 'fluorescence': False}"
RS_2127,[0.06038991 0.04179542 0.04601474 ... 0.06498247 0.10191749 0.08880314],biological,[ 100  102  104 ... 3194 3196 3198],15.636870707726388,2,"{'cosmic_spike': False, 'fluorescence': False}"
RS_2128,[0.08945753 0.08958293 0.08920378 ... 0.00011921 0.00053358 0.        ],biological,[ 100  102  104 ... 3194 3196 3198],73.9989673421856,2,"{'cosmic_spike': False, 'fluorescence': True}"
RS_2129,[0.03562241 0.04713815 0.02977099 ... 0.16568999 0.14928796 0.17216042],biological,[ 100  102  104 ... 3194 3196 3198],27.781455846450108,2,"{'cosmic_spike': False, 'fluorescence': False}"
RS_2130,[0.03235778 0.02322842 0.03575906 ... 0.24749727 0.23488259 0.22975639],biological,[ 100  102  104 ... 3194 3196 3198],22.184514139583214,2,"{'cosmic_spike': False, 'fluorescence': False}"
RS_2131,[0.00026112 0.00028536 0.00016712 ... 0.08837932 0.08814129 0.08829412],biological,[ 100  102  104 ... 3194 3196 3198],70.97398762547763,2,"{'cosmic_spike': False, 'fluorescence': False}"
RS_2132,[0.08911787 0.08824515 0.09135732 ... 0.15155703 0.14828726 0.15176988],biological,[ 100  102  104 ... 3194 3196 3198],39.00840416544447,2,"{'cosmic_spike': False, 'fluorescence': False}"
RS_2133,[0.00067319 0.00156316 0.0007097  ... 0.04865294 0.04906286 0.04903888],biological,[ 100  102  104 ... 3194 3196 3198],54.767642233356256,2,"{'cosmic_spike': False, 'fluorescence': False}"
RS_2134,"[2.67115245e-04 0.00000000e+00 5.98990765e-04 ... 4.67000141e-01
 4.68004672e-01 4.68444285e-01]",biological,[ 100  102  104 ... 3194 3196 3198],63.3709118764287,2,"{'cosmic_spike': False, 'fluorescence': True}"
RS_2135,[0.06480522 0.0646438  0.06432602 ... 0.06336838 0.06343699 0.06361988],biological,[ 100  102  104 ... 3194 3196 3198],63.23867008297228,2,"{'cosmic_spike': False, 'fluorescence': False}"
RS_2136,[0.02726832 0.00461534 0.05492933 ... 0.4414333  0.42511863 0.37878777],biological,[ 100  102  104 ... 3194 3196 3198],21.64294653885842,2,"{'cosmic_spike': False, 'fluorescence': False}"
RS_2137,[0.00097674 0.00057419 0.         ... 0.04517636 0.04569248 0.04535547],biological,[ 100  102  104 ... 3194 3196 3198],53.04043572941821,2,"{'cosmic_spike': False, 'fluorescence': False}"
RS_2138,[0.11200736 0.3093934  0.21433062 ... 0.3133959  0.27134183 0.20292924],biological,[ 100  102  104 ... 3194 3196 3198],9.121236704917086,2,"{'cosmic_spike': False, 'fluorescence': False}"
RS_2139,[0.1542676  0.09408132 0.09894408 ... 0.10078118 0.11672431 0.16397316],biological,[ 100  102  104 ... 3194 3196 3198],13.665536646783323,2,"{'cosmic_spike': False, 'fluorescence': False}"
RS_2140,[0.23239531 0.23186834 0.23197403 ... 0.00060823 0.00030742 0.        ],biological,[ 100  102  104 ... 3194 3196 3198],77.81770638819545,2,"{'cosmic_spike': False, 'fluorescence': True}"
RS_2141,[0.02047913 0.01774479 0.02112916 ... 0.66516625 0.66635257 0.67076786],biological,[ 100  102  104 ... 3194 3196 3198],48.11881883134144,2,"{'cosmic_spike': False, 'fluorescence': False}"
RS_2142,[0.37781052 0.39484921 0.31221077 ... 0.22569532 0.21657462 0.19622712],biological,[ 100  102  104 ... 3194 3196 3198],7.591130140430553,2,"{'cosmic_spike': False, 'fluorescence': False}"
RS_2143,"[4.83484020e-01 4.82361646e-01 4.82005265e-01 ... 2.18451819e-04
 7.24161299e-06 0.00000000e+00]",biological,[ 100  102  104 ... 3194 3196 3198],57.69773359615761,2,"{'cosmic_spike': False, 'fluorescence': False}"
RS_2144,[0.09971472 0.09953633 0.09935385 ... 0.06101202 0.06104531 0.06154373],biological,[ 100  102  104 ... 3194 3196 3198],73.53071788834406,2,"{'cosmic_spike': False, 'fluorescence': False}"
RS_2145,[0.15450704 0.27200587 0.27904282 ... 0.26583889 0.30671248 0.27895893],biological,[ 100  102  104 ... 3194 3196 3198],8.827758990865025,2,"{'cosmic_spike': False, 'fluorescence': True}"
RS_2146,[0.         0.00094411 0.00139709 ... 0.27793367 0.27841706 0.27816954],biological,[ 100  102  104 ... 3194 3196 3198],64.22635771035904,2,"{'cosmic_spike': False, 'fluorescence': False}"
RS_2147,[0.14585843 0.13502791 0.13749    ... 0.06595304 0.07614493 0.07419364],biological,[ 100  102  104 ... 3194 3196 3198],29.190862238971896,2,"{'cosmic_spike': False, 'fluorescence': False}"
RS_2148,[0.30266002 0.28898095 0.23046294 ... 0.02277399 0.19827732 0.18101767],biological,[ 100  102  104 ... 3194 3196 3198],7.1244757657180395,2,"{'cosmic_spike': False, 'fluorescence': False}"
RS_2149,[0.22877872 0.27672789 0.28207765 ... 0.08892946 0.07752571 0.07963898],biological,[ 100  102  104 ... 3194 3196 3198],19.246410589192713,2,"{'cosmic_spike': False, 'fluorescence': True}"
RS_2150,[0.         0.00064877 0.00137212 ... 0.21779581 0.21888758 0.21824513],biological,[ 100  102  104 ... 3194 3196 3198],50.1500020869933,2,"{'cosmic_spike': False, 'fluorescence': False}"
RS_2151,[0.0089825  0.00791649 0.00346503 ... 0.05524327 0.05036098 0.05486362],biological,[ 100  102  104 ... 3194 3196 3198],32.73312407481045,2,"{'cosmic_spike': False, 'fluorescence': False}"
RS_2152,[0.19727716 0.18963071 0.19019643 ... 0.02409507 0.02311782 0.02045086],biological,[ 100  102  104 ... 3194 3196 3198],34.512626795686685,2,"{'cosmic_spike': False, 'fluorescence': False}"
RS_2153,[0.01603495 0.01522712 0.02719528 ... 0.07378466 0.09462282 0.07614148],biological,[ 100  102  104 ... 3194 3196 3198],23.92858544161184,2,"{'cosmic_spike': False, 'fluorescence': False}"
RS_2154,[0.12717533 0.12771926 0.12738304 ... 0.00207932 0.00222779 0.00049287],biological,[ 100  102  104 ... 3194 3196 3198],41.62651392920496,2,"{'cosmic_spike': False, 'fluorescence': True}"
RS_2155,[0.02033022 0.         0.00840356 ... 0.29441747 0.29319394 0.29585347],biological,[ 100  102  104 ... 3194 3196 3198],26.330689481560754,2,"{'cosmic_spike': True, 'fluorescence': False}"
RS_2156,[0.22891888 0.14963883 0.17868973 ... 0.15803339 0.08758984 0.09808699],biological,[ 100  102  104 ... 3194 3196 3198],13.589388692934245,2,"{'cosmic_spike': False, 'fluorescence': True}"
RS_2157,[0.13373661 0.14846347 0.1701589  ... 0.14173663 0.12471137 0.12968089],biological,[ 100  102  104 ... 3194 3196 3198],25.827466374257337,2,"{'cosmic_spike': False, 'fluorescence': False}"
RS_2158,[0.14169247 0.14286308 0.14182305 ... 0.1522374  0.15473311 0.15618421],biological,[ 100  102  104 ... 3194 3196 3198],36.850626420240694,2,"{'cosmic_spike': False, 'fluorescence': False}"
RS_2159,[0.09398594 0.09434774 0.09509966 ... 0.00083663 0.00021514 0.        ],biological,[ 100  102  104 ... 3194 3196 3198],72.23247773947462,2,"{'cosmic_spike': False, 'fluorescence': False}"
RS_2160,[0.10475673 0.09276528 0.09787643 ... 0.01286935 0.01053918 0.01668876],biological,[ 100  102  104 ... 3194 3196 3198],29.614429753924902,2,"{'cosmic_spike': False, 'fluorescence': False}"
RS_2161,[0.10464459 0.10519925 0.10498656 ... 0.00432051 0.00430355 0.00361021],biological,[ 100  102  104 ... 3194 3196 3198],79.71845389380881,2,"{'cosmic_spike': False, 'fluorescence': False}"
RS_2162,[0.         0.00238245 0.00237093 ... 0.0200115  0.01606352 0.01663565],biological,[ 100  102  104 ... 3194 3196 3198],40.526825072040694,2,"{'cosmic_spike': False, 'fluorescence': False}"
RS_2163,[0.2886402  0.29294986 0.29346509 ... 0.01054279 0.01250827 0.0076699 ],biological,[ 100  102  104 ... 3194 3196 3198],32.791745517548115,2,"{'cosmic_spike': False, 'fluorescence': False}"
RS_2164,[0.14327751 0.14322385 0.14358673 ... 0.00058296 0.00026359 0.        ],biological,[ 100  102  104 ... 3194 3196 3198],62.29889385575956,2,"{'cosmic_spike': False, 'fluorescence': False}"
RS_2165,[0.10735251 0.10710432 0.10695376 ... 0.06082661 0.06099412 0.06106607],biological,[ 100  102  104 ... 3194 3196 3198],76.56038812913108,2,"{'cosmic_spike': False, 'fluorescence': False}"
RS_2166,[0.30988571 0.3135611  0.2815729  ... 0.01566179 0.04029893 0.03606746],biological,[ 100  102  104 ... 3194 3196 3198],26.105695119081087,2,"{'cosmic_spike': False, 'fluorescence': True}"
RS_2167,"[3.26160840e-01 3.25550508e-01 3.25754499e-01 ... 1.81564857e-04
 7.91381971e-05 0.00000000e+00]",biological,[ 100  102  104 ... 3194 3196 3198],55.43251663113915,2,"{'cosmic_spike': False, 'fluorescence': True}"
RS_2168,[0.06121359 0.06374118 0.07738993 ... 0.08447657 0.07483802 0.08792282],biological,[ 100  102  104 ... 3194 3196 3198],27.644104134166753,2,"{'cosmic_spike': False, 'fluorescence': False}"
RS_2169,[0.35636141 0.47010789 0.44454732 ... 0.46905192 0.49036652 0.48861718],biological,[ 100  102  104 ... 3194 3196 3198],6.759599718230417,2,"{'cosmic_spike': True, 'fluorescence': False}"
RS_2170,[0.16019688 0.15154908 0.12288918 ... 0.03781086 0.05920853 0.03948199],biological,[ 100  102  104 ... 3194 3196 3198],18.567141026258447,2,"{'cosmic_spike': False, 'fluorescence': True}"
RS_2171,[0.01375913 0.01383044 0.0136787  ... 0.05422007 0.0548729  0.05539623],biological,[ 100  102  104 ... 3194 3196 3198],55.817192619706795,2,"{'cosmic_spike': False, 'fluorescence': True}"
RS_2172,[0.00110263 0.         0.00043005 ... 0.04923964 0.05082282 0.05097904],biological,[ 100  102  104 ... 3194 3196 3198],49.66103900862629,2,"{'cosmic_spike': False, 'fluorescence': True}"
RS_2173,[0.         0.00047585 0.00135147 ... 0.17844047 0.17809511 0.17801404],biological,[ 100  102  104 ... 3194 3196 3198],69.5425282914946,2,"{'cosmic_spike': False, 'fluorescence': True}"
RS_2174,[0.         0.00030119 0.00028092 ... 0.07474162 0.07500902 0.07474359],biological,[ 100  102  104 ... 3194 3196 3198],68.80437695731803,2,"{'cosmic_spike': False, 'fluorescence': False}"
RS_2175,[0.20767848 0.20761216 0.20721101 ... 0.00089304 0.         0.00080339],biological,[ 100  102  104 ... 3194 3196 3198],57.54655601233378,2,"{'cosmic_spike': False, 'fluorescence': False}"
RS_2176,[0.02058213 0.04718804 0.03003668 ... 0.22468218 0.21966818 0.23221328],biological,[ 100  102  104 ... 3194 3196 3198],20.0483602477334,2,"{'cosmic_spike': False, 'fluorescence': False}"
RS_2177,[0.24725662 0.32331072 0.3340939  ... 0.         0.12999166 0.15767842],biological,[ 100  102  104 ... 3194 3196 3198],10.27585349564283,2,"{'cosmic_spike': False, 'fluorescence': False}"
RS_2178,[0.22650988 0.11466802 0.13213378 ... 0.14477244 0.12582435 0.31941761],biological,[ 100  102  104 ... 3194 3196 3198],8.308166365761448,2,"{'cosmic_spike': False, 'fluorescence': False}"
RS_2179,[0.0004654  0.         0.00082631 ... 0.26435659 0.26433522 0.26477383],biological,[ 100  102  104 ... 3194 3196 3198],67.2996919001461,2,"{'cosmic_spike': False, 'fluorescence': False}"
RS_2180,[0.05271548 0.05282612 0.05286731 ... 0.00057686 0.000768   0.00045297],biological,[ 100  102  104 ... 3194 3196 3198],54.45870986274251,2,"{'cosmic_spike': False, 'fluorescence': False}"
RS_2181,[0.11794749 0.11721824 0.11694238 ... 0.10132518 0.10175076 0.10202489],biological,[ 100  102  104 ... 3194 3196 3198],55.24294478367853,2,"{'cosmic_spike': False, 'fluorescence': True}"
RS_2182,[0.37615407 0.37238267 0.40283517 ... 0.12879883 0.09918975 0.1047799 ],biological,[ 100  102  104 ... 3194 3196 3198],17.788802766126484,2,"{'cosmic_spike': False, 'fluorescence': False}"
RS_2183,[0.19397566 0.15231233 0.11114332 ... 0.36935193 0.41473121 0.53478937],biological,[ 100  102  104 ... 3194 3196 3198],7.722985758962313,2,"{'cosmic_spike': False, 'fluorescence': True}"
RS_2184,[0.05735605 0.0574337  0.05716241 ... 0.29804631 0.29845129 0.29943625],biological,[ 100  102  104 ... 3194 3196 3198],61.1358393961117,2,"{'cosmic_spike': False, 'fluorescence': True}"
RS_2185,[0.42673033 0.2272015  0.27449848 ... 0.15622403 0.07481678 0.09507236],biological,[ 100  102  104 ... 3194 3196 3198],7.490307348306606,2,"{'cosmic_spike': False, 'fluorescence': False}"
RS_2186,[0.48023597 0.57184009 0.39079802 ... 0.32694617 0.32139532 0.3555566 ],biological,[ 100  102  104 ... 3194 3196 3198],7.36394773575839,2,"{'cosmic_spike': False, 'fluorescence': False}"
RS_2187,[0.13049287 0.12884219 0.12595942 ... 0.21355718 0.21746228 0.21489174],biological,[ 100  102  104 ... 3194 3196 3198],41.39944652211167,2,"{'cosmic_spike': False, 'fluorescence': True}"
RS_2188,[0.0506091  0.05296656 0.05842159 ... 0.26737721 0.27031246 0.26889833],biological,[ 100  102  104 ... 3194 3196 3198],29.000027351322586,2,"{'cosmic_spike': False, 'fluorescence': False}"
RS_2189,[0.11871221 0.11610163 0.14994113 ... 0.12347132 0.17709371 0.07142005],biological,[ 100  102  104 ... 3194 3196 3198],11.810097927083959,2,"{'cosmic_spike': False, 'fluorescence': False}"
RS_2190,[0.00028465 0.000516   0.00066981 ... 0.08134079 0.08159629 0.08093404],biological,[ 100  102  104 ... 3194 3196 3198],69.5664158898746,2,"{'cosmic_spike': False, 'fluorescence': True}"
RS_2191,[0.01760964 0.03354213 0.02829859 ... 0.41201996 0.4381977  0.41402465],biological,[ 100  102  104 ... 3194 3196 3198],31.940213258854616,2,"{'cosmic_spike': False, 'fluorescence': False}"
RS_2192,[0.06215216 0.06268439 0.06371374 ... 0.01328046 0.01795735 0.01788582],biological,[ 100  102  104 ... 3194 3196 3198],39.65828549575363,2,"{'cosmic_spike': False, 'fluorescence': False}"
RS_2193,[0.15860749 0.15271169 0.14535308 ... 0.02887961 0.01619109 0.04429364],biological,[ 100  102  104 ... 3194 3196 3198],20.297731133104044,2,"{'cosmic_spike': False, 'fluorescence': False}"
RS_2194,[0.26645436 0.26677297 0.26674751 ... 0.0007579  0.00050247 0.        ],biological,[ 100  102  104 ... 3194 3196 3198],74.20918861973901,2,"{'cosmic_spike': False, 'fluorescence': False}"
RS_2195,[0.1011362  0.10079106 0.10085716 ... 0.09289796 0.09330256 0.09346832],biological,[ 100  102  104 ... 3194 3196 3198],72.50883732961572,2,"{'cosmic_spike': False, 'fluorescence': False}"
RS_2196,[0.00134918 0.00094882 0.         ... 0.02180439 0.02124401 0.02304691],biological,[ 100  102  104 ... 3194 3196 3198],46.14892720806958,2,"{'cosmic_spike': False, 'fluorescence': True}"
RS_2197,[0.1792618  0.1791829  0.17870725 ... 0.15320354 0.15347791 0.15400191],biological,[ 100  102  104 ... 3194 3196 3198],70.83836786695085,2,"{'cosmic_spike': False, 'fluorescence': False}"
RS_2198,[0.11607213 0.102225   0.06558911 ... 0.02202962 0.06031247 0.03882607],biological,[ 100  102  104 ... 3194 3196 3198],18.432176812468317,2,"{'cosmic_spike': False, 'fluorescence': False}"
RS_2199,"[0.00000000e+00 3.73355617e-04 1.11713999e-04 ... 1.31860392e-01
 1.32320566e-01 1.31597853e-01]",biological,[ 100  102  104 ... 3194 3196 3198],75.91514377205232,2,"{'cosmic_spike': False, 'fluorescence': False}"
RS_2200,[0.05924173 0.05593163 0.05837476 ... 0.06211745 0.09543917 0.0771187 ],biological,[ 100  102  104 ... 3194 3196 3198],18.274025258369868,2,"{'cosmic_spike': False, 'fluorescence': True}"
RS_2201,"[1.20478472e-01 1.20174901e-01 1.20509816e-01 ... 6.64710065e-05
 1.19239054e-04 0.00000000e+00]",biological,[ 100  102  104 ... 3194 3196 3198],61.429054433465865,2,"{'cosmic_spike': False, 'fluorescence': True}"
RS_2202,[0.25539449 0.20382935 0.20423878 ... 0.09523964 0.09342319 0.12231496],biological,[ 100  102  104 ... 3194 3196 3198],14.84947679042081,2,"{'cosmic_spike': False, 'fluorescence': False}"
RS_2203,[0.05576008 0.0501157  0.05003006 ... 0.04735275 0.04654469 0.04174094],biological,[ 100  102  104 ... 3194 3196 3198],32.84004934639217,2,"{'cosmic_spike': False, 'fluorescence': False}"
RS_2204,"[0.00000000e+00 8.53015836e-05 3.58918804e-04 ... 2.29660377e-02
 2.30629368e-02 2.28189743e-02]",biological,[ 100  102  104 ... 3194 3196 3198],78.42550534794105,2,"{'cosmic_spike': False, 'fluorescence': False}"
RS_2205,[0.15003418 0.00087593 0.20691663 ... 0.45107445 0.41991559 0.23612833],biological,[ 100  102  104 ... 3194 3196 3198],7.1217417046790565,2,"{'cosmic_spike': False, 'fluorescence': False}"
RS_2206,[0.20324593 0.1901904  0.19565421 ... 0.0061238  0.01903213 0.02038524],biological,[ 100  102  104 ... 3194 3196 3198],24.848677821054068,2,"{'cosmic_spike': False, 'fluorescence': False}"
RS_2207,[0.02156922 0.01402619 0.02072454 ... 0.49719371 0.54282922 0.49560517],biological,[ 100  102  104 ... 3194 3196 3198],21.017781344502023,2,"{'cosmic_spike': True, 'fluorescence': True}"
RS_2208,[0.10108408 0.05581895 0.07314317 ... 0.09030621 0.08694847 0.08062348],biological,[ 100  102  104 ... 3194 3196 3198],17.745368647881616,2,"{'cosmic_spike': False, 'fluorescence': False}"
RS_2209,[0.22576024 0.21805325 0.22168033 ... 0.02483776 0.02649607 0.02031566],biological,[ 100  102  104 ... 3194 3196 3198],33.11162484791031,2,"{'cosmic_spike': False, 'fluorescence': True}"
RS_2210,[0.1548943  0.15443955 0.15432883 ... 0.00304885 0.00287526 0.00277032],biological,[ 100  102  104 ... 3194 3196 3198],70.98710859883856,2,"{'cosmic_spike': False, 'fluorescence': True}"
RS_2211,"[0.00000000e+00 1.17912277e-04 4.24454127e-03 ... 2.97132592e-01
 2.95863940e-01 3.00870935e-01]",biological,[ 100  102  104 ... 3194 3196 3198],36.617397727444214,2,"{'cosmic_spike': False, 'fluorescence': False}"
RS_2212,[0.39859183 0.25955634 0.36960932 ... 0.46078168 0.24001839 0.22020811],biological,[ 100  102  104 ... 3194 3196 3198],8.209016819503372,2,"{'cosmic_spike': False, 'fluorescence': False}"
RS_2213,[0.18736122 0.17067347 0.19954066 ... 0.04437889 0.02897369 0.01530403],biological,[ 100  102  104 ... 3194 3196 3198],16.028238624139142,2,"{'cosmic_spike': True, 'fluorescence': False}"
RS_2214,[0.05875566 0.0585982  0.05846449 ... 0.13198792 0.13205775 0.13230571],biological,[ 100  102  104 ... 3194 3196 3198],60.81995943337787,2,"{'cosmic_spike': False, 'fluorescence': True}"
RS_2215,[0.05320316 0.04805873 0.04670336 ... 0.00971933 0.01343519 0.00499052],biological,[ 100  102  104 ... 3194 3196 3198],32.00819947648818,2,"{'cosmic_spike': False, 'fluorescence': False}"
RS_2216,[0.47801258 0.48044806 0.47662158 ... 0.13029961 0.13041104 0.13116653],biological,[ 100  102  104 ... 3194 3196 3198],46.976415134876845,2,"{'cosmic_spike': False, 'fluorescence': False}"
RS_2217,[0.02435041 0.01939949 0.01939297 ... 0.22246375 0.22879178 0.23077378],biological,[ 100  102  104 ... 3194 3196 3198],34.81316239333209,2,"{'cosmic_spike': False, 'fluorescence': False}"
RS_2218,[0.10314489 0.10859087 0.11751273 ... 0.13401773 0.11479393 0.14639624],biological,[ 100  102  104 ... 3194 3196 3198],23.766083217856902,2,"{'cosmic_spike': False, 'fluorescence': False}"
RS_2219,[0.07622439 0.06466939 0.09844582 ... 0.01923994 0.02754743 0.00844895],biological,[ 100  102  104 ... 3194 3196 3198],20.968187603353485,2,"{'cosmic_spike': True, 'fluorescence': False}"
RS_2220,[0.         0.00157295 0.00335954 ... 0.08450952 0.08614507 0.08727106],biological,[ 100  102  104 ... 3194 3196 3198],41.453632016101665,2,"{'cosmic_spike': False, 'fluorescence': False}"
RS_2221,[0.09578398 0.09476517 0.09544875 ... 0.00033212 0.00052014 0.        ],biological,[ 100  102  104 ... 3194 3196 3198],50.52822926728888,2,"{'cosmic_spike': False, 'fluorescence': False}"
RS_2222,[0.09697551 0.09726892 0.0975327  ... 0.0013681  0.         0.00094728],biological,[ 100  102  104 ... 3194 3196 3198],49.8522458998227,2,"{'cosmic_spike': False, 'fluorescence': False}"
RS_2223,[0.02885656 0.03196332 0.03442154 ... 0.0074071  0.00432208 0.00565291],biological,[ 100  102  104 ... 3194 3196 3198],35.00630801662189,2,"{'cosmic_spike': False, 'fluorescence': False}"
RS_2224,[0.         0.00022305 0.0004644  ... 0.13595812 0.13570324 0.13597586],biological,[ 100  102  104 ... 3194 3196 3198],69.6791576958647,2,"{'cosmic_spike': False, 'fluorescence': False}"
RS_2225,[0.0030632  0.00151698 0.00026925 ... 0.15091318 0.15116971 0.15162092],biological,[ 100  102  104 ... 3194 3196 3198],43.83686564810934,2,"{'cosmic_spike': False, 'fluorescence': False}"
RS_2226,"[1.77610505e-01 2.86548604e-01 3.46894530e-01 ... 1.15215740e-01
 1.73958881e-04 1.92701542e-01]",biological,[ 100  102  104 ... 3194 3196 3198],10.25489033666351,2,"{'cosmic_spike': True, 'fluorescence': True}"
RS_2227,[0.         0.00178128 0.00093983 ... 0.39342469 0.39328906 0.39419815],biological,[ 100  102  104 ... 3194 3196 3198],54.35168597352299,2,"{'cosmic_spike': True, 'fluorescence': False}"
RS_2228,[0.12256561 0.05973402 0.06138402 ... 0.         0.07803871 0.02057823],biological,[ 100  102  104 ... 3194 3196 3198],16.129433456913155,2,"{'cosmic_spike': True, 'fluorescence': False}"
RS_2229,[0.19929942 0.19487332 0.20277509 ... 0.00074769 0.0039638  0.        ],biological,[ 100  102  104 ... 3194 3196 3198],36.150695909259,2,"{'cosmic_spike': False, 'fluorescence': False}"
RS_2230,[0.08587782 0.08588469 0.0860061  ... 0.00022793 0.00015462 0.        ],biological,[ 100  102  104 ... 3194 3196 3198],69.94057313088081,2,"{'cosmic_spike': False, 'fluorescence': False}"
RS_2231,[0.00183346 0.00016453 0.00056552 ... 0.09800613 0.09805275 0.09783544],biological,[ 100  102  104 ... 3194 3196 3198],51.0972359900187,2,"{'cosmic_spike': False, 'fluorescence': False}"
RS_2232,[0.12277913 0.12213298 0.12147527 ... 0.30371487 0.30459446 0.30435169],biological,[ 100  102  104 ... 3194 3196 3198],69.58293859119439,2,"{'cosmic_spike': False, 'fluorescence': False}"
RS_2233,[0.24537321 0.22431724 0.26625303 ... 0.26294427 0.27345916 0.24225339],biological,[ 100  102  104 ... 3194 3196 3198],5.381451974001107,2,"{'cosmic_spike': False, 'fluorescence': True}"
RS_2234,[0.25455052 0.23136018 0.2324824  ... 0.09333097 0.01282231 0.07514489],biological,[ 100  102  104 ... 3194 3196 3198],17.797889093499226,2,"{'cosmic_spike': False, 'fluorescence': False}"
RS_2235,[0.01454861 0.00446695 0.01215143 ... 0.08009126 0.08005232 0.07477148],biological,[ 100  102  104 ... 3194 3196 3198],31.02507372726355,2,"{'cosmic_spike': False, 'fluorescence': False}"
RS_2236,[0.08949869 0.0885408  0.08849209 ... 0.0012269  0.         0.00062567],biological,[ 100  102  104 ... 3194 3196 3198],49.06328596219625,2,"{'cosmic_spike': False, 'fluorescence': True}"
RS_2237,[0.23653911 0.23619361 0.2361083  ... 0.00085689 0.00058755 0.00051764],biological,[ 100  102  104 ... 3194 3196 3198],45.40855369881441,2,"{'cosmic_spike': False, 'fluorescence': False}"
RS_2238,[0.26792757 0.26114835 0.2548843  ... 0.06666824 0.0960367  0.08871335],biological,[ 100  102  104 ... 3194 3196 3198],24.363728820064292,2,"{'cosmic_spike': False, 'fluorescence': True}"
RS_2239,[0.16508979 0.15887916 0.15601652 ... 0.19501373 0.19404881 0.19947488],biological,[ 100  102  104 ... 3194 3196 3198],38.37060608567816,2,"{'cosmic_spike': False, 'fluorescence': False}"
RS_2240,"[0.00000000e+00 2.07759042e-04 4.10577048e-04 ... 2.31982418e-01
 2.32417786e-01 2.32221600e-01]",biological,[ 100  102  104 ... 3194 3196 3198],62.78918759910418,2,"{'cosmic_spike': False, 'fluorescence': False}"
RS_2241,[0.15907938 0.11781975 0.15966658 ... 0.25543996 0.24479097 0.22023716],biological,[ 100  102  104 ... 3194 3196 3198],17.381887501642808,2,"{'cosmic_spike': False, 'fluorescence': False}"
RS_2242,[0.44610353 0.52857195 0.4160013  ... 0.09859162 0.08697355 0.06831637],biological,[ 100  102  104 ... 3194 3196 3198],11.0917429113893,2,"{'cosmic_spike': False, 'fluorescence': True}"
RS_2243,[0.23595026 0.26583808 0.29240238 ... 0.06759065 0.03646188 0.02299086],biological,[ 100  102  104 ... 3194 3196 3198],17.609994893178712,2,"{'cosmic_spike': False, 'fluorescence': False}"
RS_2244,[0.33855206 0.27843463 0.30563767 ... 0.2767356  0.26543035 0.36991274],biological,[ 100  102  104 ... 3194 3196 3198],8.96520231384624,2,"{'cosmic_spike': False, 'fluorescence': True}"
RS_2245,"[3.21108480e-04 5.30433641e-04 1.70076973e-04 ... 1.90012140e-01
 1.90747731e-01 1.90832637e-01]",biological,[ 100  102  104 ... 3194 3196 3198],60.71980614214611,2,"{'cosmic_spike': False, 'fluorescence': True}"
RS_2246,[0.09199925 0.07452856 0.06348391 ... 0.05011584 0.04652818 0.06022648],biological,[ 100  102  104 ... 3194 3196 3198],27.219951833482178,2,"{'cosmic_spike': False, 'fluorescence': False}"
RS_2247,"[5.90759710e-03 9.73842746e-03 9.83561159e-05 ... 1.21100588e-01
 1.01157706e-01 1.10256727e-01]",biological,[ 100  102  104 ... 3194 3196 3198],29.160755451649532,2,"{'cosmic_spike': False, 'fluorescence': False}"
RS_2248,[0.05538113 0.02818443 0.05335884 ... 0.01217671 0.03430986 0.01808647],biological,[ 100  102  104 ... 3194 3196 3198],22.077271189210226,2,"{'cosmic_spike': False, 'fluorescence': False}"
RS_2249,[0.08555241 0.08571279 0.08617787 ... 0.00101061 0.00037219 0.        ],biological,[ 100  102  104 ... 3194 3196 3198],61.8144808487336,2,"{'cosmic_spike': False, 'fluorescence': False}"
RS_2250,[0.04792832 0.03578029 0.03086618 ... 0.02123377 0.03867231 0.02412791],biological,[ 100  102  104 ... 3194 3196 3198],19.90821663961649,2,"{'cosmic_spike': False, 'fluorescence': False}"
RS_2251,[0.33371083 0.41322511 0.27567365 ... 0.08399866 0.15051697 0.17701624],biological,[ 100  102  104 ... 3194 3196 3198],9.785265751216556,2,"{'cosmic_spike': False, 'fluorescence': True}"
RS_2252,[0.         0.00079056 0.00163779 ... 0.22478311 0.22467871 0.22453697],biological,[ 100  102  104 ... 3194 3196 3198],68.2789967561815,2,"{'cosmic_spike': False, 'fluorescence': False}"
RS_2253,[0.         0.00020968 0.00159662 ... 0.180428   0.17993442 0.17884618],biological,[ 100  102  104 ... 3194 3196 3198],67.49596688785421,2,"{'cosmic_spike': False, 'fluorescence': True}"
RS_2254,[0.00567702 0.         0.00749043 ... 0.16313467 0.16248711 0.17502034],biological,[ 100  102  104 ... 3194 3196 3198],30.212889181449853,2,"{'cosmic_spike': False, 'fluorescence': True}"
RS_2255,"[1.29631877e-01 1.31932497e-01 1.33630950e-01 ... 1.38210004e-03
 0.00000000e+00 7.13891219e-05]",biological,[ 100  102  104 ... 3194 3196 3198],41.18194710471405,2,"{'cosmic_spike': False, 'fluorescence': False}"
RS_2256,"[2.23023994e-01 2.25918444e-01 2.25444521e-01 ... 9.32102608e-04
 6.22552465e-05 8.99384505e-04]",biological,[ 100  102  104 ... 3194 3196 3198],45.549279755776745,2,"{'cosmic_spike': False, 'fluorescence': False}"
RS_2257,[0.13938063 0.16018773 0.16612611 ... 0.01121271 0.02832355 0.0249769 ],biological,[ 100  102  104 ... 3194 3196 3198],21.1860708701332,2,"{'cosmic_spike': False, 'fluorescence': False}"
RS_2258,[0.02512046 0.02516647 0.02516291 ... 0.00049297 0.         0.00025954],biological,[ 100  102  104 ... 3194 3196 3198],76.68590125412632,2,"{'cosmic_spike': False, 'fluorescence': False}"
RS_2259,[0.23464825 0.23407113 0.23463367 ... 0.00035296 0.00025615 0.        ],biological,[ 100  102  104 ... 3194 3196 3198],63.158496562571955,2,"{'cosmic_spike': True, 'fluorescence': False}"
RS_2260,[0.07864273 0.07916935 0.07873638 ... 0.00280787 0.00263954 0.        ],biological,[ 100  102  104 ... 3194 3196 3198],50.551267497861716,2,"{'cosmic_spike': False, 'fluorescence': False}"
RS_2261,[0.16775201 0.16752047 0.1677816  ... 0.00023385 0.         0.00029113],biological,[ 100  102  104 ... 3194 3196 3198],67.73791411604282,2,"{'cosmic_spike': False, 'fluorescence': True}"
RS_2262,[0.23950325 0.2302259  0.37121284 ... 0.31067341 0.20951702 0.00069753],biological,[ 100  102  104 ... 3194 3196 3198],5.050183245102753,2,"{'cosmic_spike': False, 'fluorescence': True}"
RS_2263,[0.12227294 0.12200944 0.12133184 ... 0.08218633 0.08260345 0.0828745 ],biological,[ 100  102  104 ... 3194 3196 3198],65.39720899520987,2,"{'cosmic_spike': False, 'fluorescence': False}"
RS_2264,[0.07200783 0.07221905 0.07165228 ... 0.11095149 0.11097422 0.1113917 ],biological,[ 100  102  104 ... 3194 3196 3198],76.35032040885356,2,"{'cosmic_spike': False, 'fluorescence': True}"
RS_2265,[0.00961306 0.0073379  0.00821435 ... 0.03717201 0.03584175 0.01457001],biological,[ 100  102  104 ... 3194 3196 3198],28.653901857174205,2,"{'cosmic_spike': True, 'fluorescence': False}"
RS_2266,[0.50043963 0.5007493  0.50039939 ... 0.00172255 0.00108069 0.        ],biological,[ 100  102  104 ... 3194 3196 3198],72.53320856514026,2,"{'cosmic_spike': False, 'fluorescence': False}"
RS_2267,[0.         0.0003786  0.00078287 ... 0.22046539 0.22028591 0.22014339],biological,[ 100  102  104 ... 3194 3196 3198],57.79755602324205,2,"{'cosmic_spike': False, 'fluorescence': False}"
RS_2268,[0.01156093 0.0117211  0.01187324 ... 0.09966675 0.09948791 0.0997032 ],biological,[ 100  102  104 ... 3194 3196 3198],68.3015280270946,2,"{'cosmic_spike': False, 'fluorescence': False}"
RS_2269,[0.08820194 0.06902688 0.19100958 ... 0.27580261 0.21164784 0.21885489],biological,[ 100  102  104 ... 3194 3196 3198],5.360147420926069,2,"{'cosmic_spike': False, 'fluorescence': True}"
RS_2270,[0.08366163 0.05165266 0.08870498 ... 0.04705643 0.0514471  0.04813499],biological,[ 100  102  104 ... 3194 3196 3198],13.453791293534909,2,"{'cosmic_spike': False, 'fluorescence': False}"
RS_2271,[0.32547148 0.32182033 0.31371276 ... 0.28125586 0.26111851 0.25811998],biological,[ 100  102  104 ... 3194 3196 3198],25.3498744253652,2,"{'cosmic_spike': False, 'fluorescence': False}"
RS_2272,[0.         0.00073213 0.00141452 ... 0.08967772 0.08946327 0.0896154 ],biological,[ 100  102  104 ... 3194 3196 3198],67.02816390136579,2,"{'cosmic_spike': False, 'fluorescence': False}"
RS_2273,[0.15718038 0.15371099 0.15427217 ... 0.00842594 0.00271618 0.00557293],biological,[ 100  102  104 ... 3194 3196 3198],32.45251771024151,2,"{'cosmic_spike': False, 'fluorescence': True}"
RS_2274,[0.10001741 0.1043863  0.0868997  ... 0.00759088 0.01513402 0.01767209],biological,[ 100  102  104 ... 3194 3196 3198],29.218278041911535,2,"{'cosmic_spike': False, 'fluorescence': False}"
RS_2275,[0.         0.00050664 0.00070262 ... 0.26734926 0.26768637 0.26796892],biological,[ 100  102  104 ... 3194 3196 3198],60.4339707173165,2,"{'cosmic_spike': False, 'fluorescence': False}"
RS_2276,[0.         0.00229601 0.00166386 ... 0.36970532 0.36788881 0.36977373],biological,[ 100  102  104 ... 3194 3196 3198],46.771314236424594,2,"{'cosmic_spike': False, 'fluorescence': True}"
RS_2277,[0.18656312 0.18619245 0.1860365  ... 0.03594981 0.03583282 0.03608521],biological,[ 100  102  104 ... 3194 3196 3198],58.67633404396057,2,"{'cosmic_spike': False, 'fluorescence': True}"
RS_2278,[0.02202522 0.0155667  0.00848938 ... 0.12580131 0.13548097 0.13226173],biological,[ 100  102  104 ... 3194 3196 3198],30.977904310808427,2,"{'cosmic_spike': False, 'fluorescence': True}"
RS_2279,[0.055706   0.05577907 0.04941164 ... 0.01733074 0.         0.02187191],biological,[ 100  102  104 ... 3194 3196 3198],32.7331413410206,2,"{'cosmic_spike': False, 'fluorescence': False}"
RS_2280,[0.13833757 0.12430164 0.18726474 ... 0.04174715 0.08663348 0.06765523],biological,[ 100  102  104 ... 3194 3196 3198],8.987100694441793,2,"{'cosmic_spike': False, 'fluorescence': True}"
RS_2281,[0.32562872 0.5043886  0.41262278 ... 0.25306882 0.1895902  0.10152819],biological,[ 100  102  104 ... 3194 3196 3198],14.473002286689914,2,"{'cosmic_spike': False, 'fluorescence': True}"
RS_2282,[0.35726665 0.33219878 0.38028154 ... 0.04977909 0.08047041 0.115445  ],biological,[ 100  102  104 ... 3194 3196 3198],16.716111217831816,2,"{'cosmic_spike': False, 'fluorescence': False}"
RS_2283,"[0.00000000e+00 2.57273920e-04 7.66395214e-04 ... 2.85767782e-01
 2.86059228e-01 2.86210993e-01]",biological,[ 100  102  104 ... 3194 3196 3198],58.73885179161255,2,"{'cosmic_spike': False, 'fluorescence': True}"
RS_2284,[0.00218364 0.00405701 0.00185079 ... 0.09246615 0.09280039 0.0916995 ],biological,[ 100  102  104 ... 3194 3196 3198],39.48221831225053,2,"{'cosmic_spike': False, 'fluorescence': False}"
RS_2285,[0.0003088  0.         0.00085157 ... 0.1238863  0.12394909 0.12360408],biological,[ 100  102  104 ... 3194 3196 3198],52.0688199404367,2,"{'cosmic_spike': False, 'fluorescence': False}"
RS_2286,"[0.00000000e+00 1.41628464e-04 5.71137271e-04 ... 1.61113379e-01
 1.61430747e-01 1.61128560e-01]",biological,[ 100  102  104 ... 3194 3196 3198],57.854804389611495,2,"{'cosmic_spike': False, 'fluorescence': False}"
RS_2287,[0.00832173 0.01064021 0.0062622  ... 0.32068785 0.31086169 0.3234301 ],biological,[ 100  102  104 ... 3194 3196 3198],28.342999835973288,2,"{'cosmic_spike': False, 'fluorescence': True}"
RS_2288,[0.         0.00036111 0.00094424 ... 0.295042   0.29533225 0.2953282 ],biological,[ 100  102  104 ... 3194 3196 3198],62.58150732689087,2,"{'cosmic_spike': False, 'fluorescence': True}"
RS_2289,[0.44143428 0.29322613 0.30502028 ... 0.16206016 0.17768892 0.19218412],biological,[ 100  102  104 ... 3194 3196 3198],13.430411549656199,2,"{'cosmic_spike': False, 'fluorescence': True}"
RS_2290,[0.30666024 0.34504281 0.31195208 ... 0.28813787 0.3553695  0.21484015],biological,[ 100  102  104 ... 3194 3196 3198],10.538588701493797,2,"{'cosmic_spike': False, 'fluorescence': False}"
RS_2291,[0.02305564 0.03695786 0.04931025 ... 0.21934774 0.20201341 0.2104574 ],biological,[ 100  102  104 ... 3194 3196 3198],22.675516996746374,2,"{'cosmic_spike': False, 'fluorescence': False}"
RS_2292,[0.18761547 0.19107198 0.18944779 ... 0.1659386  0.07800297 0.20245416],biological,[ 100  102  104 ... 3194 3196 3198],11.123189973763115,2,"{'cosmic_spike': False, 'fluorescence': False}"
RS_2293,[0.15844288 0.15922688 0.15927036 ... 0.00074792 0.00035621 0.        ],biological,[ 100  102  104 ... 3194 3196 3198],61.97681655168575,2,"{'cosmic_spike': False, 'fluorescence': False}"
RS_2294,[0.06724147 0.09814413 0.08580364 ... 0.16608459 0.13829399 0.13076313],biological,[ 100  102  104 ... 3194 3196 3198],17.768513598804358,2,"{'cosmic_spike': False, 'fluorescence': True}"
RS_2295,[0.10499128 0.10442419 0.10538598 ... 0.0052368  0.00321084 0.00480725],biological,[ 100  102  104 ... 3194 3196 3198],41.69249511665472,2,"{'cosmic_spike': False, 'fluorescence': True}"
RS_2296,[0.27180218 0.22266074 0.24624208 ... 0.28373209 0.35815305 0.24531915],biological,[ 100  102  104 ... 3194 3196 3198],5.561558202962914,2,"{'cosmic_spike': False, 'fluorescence': False}"
RS_2297,[0.06585999 0.06580448 0.06623107 ... 0.0005953  0.00063815 0.        ],biological,[ 100  102  104 ... 3194 3196 3198],69.45381800540724,2,"{'cosmic_spike': False, 'fluorescence': False}"
RS_2298,[0.08148056 0.02104852 0.03719537 ... 0.23280738 0.19640056 0.23087695],biological,[ 100  102  104 ... 3194 3196 3198],20.32726200423723,2,"{'cosmic_spike': False, 'fluorescence': False}"
RS_2299,[0.17147649 0.17039146 0.16983374 ... 0.06635404 0.06691358 0.06720416],biological,[ 100  102  104 ... 3194 3196 3198],58.40076377475452,2,"{'cosmic_spike': True, 'fluorescence': False}"
RS_2300,[0.2955836  0.21239343 0.21876338 ... 0.20799918 0.26388197 0.27546532],biological,[ 100  102  104 ... 3194 3196 3198],7.196931342971359,2,"{'cosmic_spike': False, 'fluorescence': False}"
RS_2301,[0.         0.00036065 0.00079468 ... 0.14120765 0.14100211 0.14115791],biological,[ 100  102  104 ... 3194 3196 3198],63.73911688294055,2,"{'cosmic_spike': False, 'fluorescence': False}"
RS_2302,[0.03126668 0.02374436 0.05774601 ... 0.23865941 0.23510865 0.26559486],biological,[ 100  102  104 ... 3194 3196 3198],21.10822235190434,2,"{'cosmic_spike': False, 'fluorescence': False}"
RS_2303,"[0.00000000e+00 1.82839436e-04 5.54443294e-04 ... 1.88047199e-01
 1.88062472e-01 1.88390361e-01]",biological,[ 100  102  104 ... 3194 3196 3198],74.12903579048788,2,"{'cosmic_spike': False, 'fluorescence': False}"
RS_2304,[0.00047726 0.         0.00380692 ... 0.38937417 0.3869554  0.3885202 ],biological,[ 100  102  104 ... 3194 3196 3198],37.74344186810116,2,"{'cosmic_spike': False, 'fluorescence': True}"
RS_2305,[0.23237759 0.23229102 0.23209985 ... 0.00031054 0.00025181 0.        ],biological,[ 100  102  104 ... 3194 3196 3198],61.49513488095074,2,"{'cosmic_spike': False, 'fluorescence': False}"
RS_2306,"[0.00000000e+00 1.29417714e-03 2.25404378e-04 ... 2.51270007e-01
 2.51343489e-01 2.51326250e-01]",biological,[ 100  102  104 ... 3194 3196 3198],57.247213204159316,2,"{'cosmic_spike': False, 'fluorescence': False}"
RS_2307,"[2.12872125e-04 9.11799504e-05 0.00000000e+00 ... 2.12363994e-01
 2.12724471e-01 2.12722726e-01]",biological,[ 100  102  104 ... 3194 3196 3198],66.82365135984068,2,"{'cosmic_spike': False, 'fluorescence': True}"
RS_2308,[0.0023747  0.00426832 0.00456759 ... 0.31529286 0.31714314 0.3181982 ],biological,[ 100  102  104 ... 3194 3196 3198],45.376359104268445,2,"{'cosmic_spike': False, 'fluorescence': True}"
RS_2309,[0.16514298 0.1648425  0.16495434 ... 0.00031832 0.00033548 0.        ],biological,[ 100  102  104 ... 3194 3196 3198],62.08029597489209,2,"{'cosmic_spike': False, 'fluorescence': True}"
RS_2310,[0.         0.00033448 0.00068105 ... 0.24987386 0.2502511  0.25052487],biological,[ 100  102  104 ... 3194 3196 3198],67.4825515269699,2,"{'cosmic_spike': False, 'fluorescence': False}"
RS_2311,[0.00742729 0.00774933 0.00786096 ... 0.07521001 0.07526335 0.07558594],biological,[ 100  102  104 ... 3194 3196 3198],65.81692288873184,2,"{'cosmic_spike': False, 'fluorescence': False}"
RS_2312,[0.39694236 0.46453785 0.5197593  ... 0.26663834 0.24108904 0.2350637 ],biological,[ 100  102  104 ... 3194 3196 3198],12.425545676022256,2,"{'cosmic_spike': False, 'fluorescence': False}"
RS_2313,[0.         0.00053086 0.00108133 ... 0.22700577 0.22691503 0.22654499],biological,[ 100  102  104 ... 3194 3196 3198],66.37031631613053,2,"{'cosmic_spike': False, 'fluorescence': False}"
RS_2314,[0.01971273 0.02136543 0.03458449 ... 0.19355391 0.17877308 0.20977383],biological,[ 100  102  104 ... 3194 3196 3198],20.66026507292223,2,"{'cosmic_spike': True, 'fluorescence': True}"
RS_2315,"[5.44378927e-01 5.44330702e-01 5.42636433e-01 ... 0.00000000e+00
 1.14588908e-03 3.41377781e-04]",biological,[ 100  102  104 ... 3194 3196 3198],44.47633640811732,2,"{'cosmic_spike': False, 'fluorescence': False}"
RS_2316,[0.01018927 0.01000353 0.01007699 ... 0.03169245 0.03164591 0.03238199],biological,[ 100  102  104 ... 3194 3196 3198],56.331150193495326,2,"{'cosmic_spike': False, 'fluorescence': False}"
RS_2317,[0.00247784 0.00600167 0.00760753 ... 0.34151484 0.33374513 0.33616858],biological,[ 100  102  104 ... 3194 3196 3198],31.584331223345764,2,"{'cosmic_spike': False, 'fluorescence': False}"
RS_2318,[0.25805816 0.16930076 0.21783462 ... 0.04914684 0.0570257  0.05361888],biological,[ 100  102  104 ... 3194 3196 3198],17.211434391161042,2,"{'cosmic_spike': False, 'fluorescence': False}"
RS_2319,[0.17105806 0.17145785 0.1724152  ... 0.10847869 0.10555289 0.11337308],biological,[ 100  102  104 ... 3194 3196 3198],31.843972833646486,2,"{'cosmic_spike': False, 'fluorescence': False}"
RS_2320,[0.00061568 0.00065574 0.00062353 ... 0.11425438 0.11455134 0.11473816],biological,[ 100  102  104 ... 3194 3196 3198],61.74253637445602,2,"{'cosmic_spike': False, 'fluorescence': False}"
RS_2321,"[3.76173097e-06 2.89311244e-04 3.07217285e-05 ... 1.86938227e-01
 1.87397336e-01 1.87330326e-01]",biological,[ 100  102  104 ... 3194 3196 3198],68.42373241772347,2,"{'cosmic_spike': False, 'fluorescence': False}"
RS_2322,[0.22823405 0.10451803 0.19923241 ... 0.21102507 0.22696463 0.1203733 ],biological,[ 100  102  104 ... 3194 3196 3198],5.640712765724246,2,"{'cosmic_spike': False, 'fluorescence': True}"
RS_2323,[0.32434083 0.32260727 0.32326592 ... 0.00309776 0.0028376  0.        ],biological,[ 100  102  104 ... 3194 3196 3198],48.01180451118663,2,"{'cosmic_spike': False, 'fluorescence': False}"
RS_2324,[0.27542596 0.27667612 0.27622887 ... 0.00080522 0.00034126 0.        ],biological,[ 100  102  104 ... 3194 3196 3198],54.38691968761632,2,"{'cosmic_spike': False, 'fluorescence': False}"
RS_2325,[0.19094528 0.19001692 0.18949297 ... 0.17808217 0.17831851 0.17967184],biological,[ 100  102  104 ... 3194 3196 3198],52.272795168593525,2,"{'cosmic_spike': False, 'fluorescence': True}"
RS_2326,[0.0537974  0.05435758 0.05422706 ... 0.00034108 0.00013689 0.        ],biological,[ 100  102  104 ... 3194 3196 3198],57.14452243434451,2,"{'cosmic_spike': False, 'fluorescence': False}"
RS_2327,[0.12819239 0.11326868 0.11267046 ... 0.13164289 0.10682644 0.14236883],biological,[ 100  102  104 ... 3194 3196 3198],15.091449111389238,2,"{'cosmic_spike': False, 'fluorescence': False}"
RS_2328,[0.0012212  0.00106    0.         ... 0.13508677 0.13373569 0.13487855],biological,[ 100  102  104 ... 3194 3196 3198],45.870901392038625,2,"{'cosmic_spike': True, 'fluorescence': False}"
RS_2329,[0.28873527 0.24036818 0.31574499 ... 0.04511291 0.03809953 0.06134709],biological,[ 100  102  104 ... 3194 3196 3198],16.237673366587707,2,"{'cosmic_spike': False, 'fluorescence': False}"
RS_2330,[0.11143369 0.11312374 0.11031869 ... 0.00038858 0.00358187 0.00139513],biological,[ 100  102  104 ... 3194 3196 3198],48.579649992079524,2,"{'cosmic_spike': False, 'fluorescence': True}"
RS_2331,[0.         0.00029767 0.00070022 ... 0.0647532  0.06471092 0.06461878],biological,[ 100  102  104 ... 3194 3196 3198],61.33031870211966,2,"{'cosmic_spike': False, 'fluorescence': False}"
RS_2332,[0.11064672 0.11046725 0.11038315 ... 0.03689193 0.03719068 0.03746406],biological,[ 100  102  104 ... 3194 3196 3198],74.87229099533236,2,"{'cosmic_spike': True, 'fluorescence': True}"
RS_2333,[0.00074872 0.00185684 0.         ... 0.12529375 0.12628945 0.12580275],biological,[ 100  102  104 ... 3194 3196 3198],35.176721058411125,2,"{'cosmic_spike': False, 'fluorescence': True}"
RS_2334,[0.04579374 0.0464991  0.04670379 ... 0.00108017 0.00049649 0.        ],biological,[ 100  102  104 ... 3194 3196 3198],54.10139833691105,2,"{'cosmic_spike': False, 'fluorescence': False}"
RS_2335,"[9.78622435e-03 1.31607521e-04 1.61832692e-03 ... 3.20487851e-01
 3.28298481e-01 3.25529552e-01]",biological,[ 100  102  104 ... 3194 3196 3198],30.616087402687064,2,"{'cosmic_spike': True, 'fluorescence': False}"
RS_2336,[0.29849938 0.28857005 0.09355177 ... 0.22077183 0.20026513 0.24441766],biological,[ 100  102  104 ... 3194 3196 3198],13.339831651369071,2,"{'cosmic_spike': False, 'fluorescence': False}"
RS_2337,[0.03619344 0.0359161  0.03633009 ... 0.05055765 0.05067418 0.05083758],biological,[ 100  102  104 ... 3194 3196 3198],78.43305775566027,2,"{'cosmic_spike': False, 'fluorescence': False}"
RS_2338,[0.11118472 0.11056995 0.11055334 ... 0.12003552 0.12062909 0.12078461],biological,[ 100  102  104 ... 3194 3196 3198],53.53802443795875,2,"{'cosmic_spike': False, 'fluorescence': True}"
RS_2339,[0.0594811  0.06818328 0.05042892 ... 0.30085921 0.37100016 0.37633536],biological,[ 100  102  104 ... 3194 3196 3198],11.889837123825219,2,"{'cosmic_spike': False, 'fluorescence': False}"
RS_2340,[0.00042437 0.00071391 0.         ... 0.00448772 0.00498426 0.00484468],biological,[ 100  102  104 ... 3194 3196 3198],69.994066919054,2,"{'cosmic_spike': False, 'fluorescence': False}"
RS_2341,[0.07637194 0.07629469 0.07642524 ... 0.00029549 0.00052216 0.        ],biological,[ 100  102  104 ... 3194 3196 3198],75.55417152999708,2,"{'cosmic_spike': False, 'fluorescence': False}"
RS_2342,"[2.10114755e-01 2.10224246e-01 2.09996405e-01 ... 3.41587116e-04
 1.86094671e-04 0.00000000e+00]",biological,[ 100  102  104 ... 3194 3196 3198],69.99680092400185,2,"{'cosmic_spike': False, 'fluorescence': False}"
RS_2343,[0.24918143 0.25166821 0.2515131  ... 0.00167215 0.         0.00063818],biological,[ 100  102  104 ... 3194 3196 3198],38.51275866465793,2,"{'cosmic_spike': False, 'fluorescence': False}"
RS_2344,[0.11082034 0.10353181 0.10373548 ... 0.01988744 0.00472366 0.        ],biological,[ 100  102  104 ... 3194 3196 3198],23.739221460229366,2,"{'cosmic_spike': False, 'fluorescence': False}"
RS_2345,[0.21851028 0.2180589  0.21765717 ... 0.03694017 0.03711635 0.0374323 ],biological,[ 100  102  104 ... 3194 3196 3198],65.06343607710733,2,"{'cosmic_spike': False, 'fluorescence': True}"
RS_2346,[0.00334043 0.         0.00323878 ... 0.0692293  0.06432348 0.06941558],biological,[ 100  102  104 ... 3194 3196 3198],38.54598156743351,2,"{'cosmic_spike': False, 'fluorescence': False}"
RS_2347,[0.29692726 0.21942075 0.19811257 ... 0.1981973  0.18510917 0.1501527 ],biological,[ 100  102  104 ... 3194 3196 3198],6.671828769575248,2,"{'cosmic_spike': False, 'fluorescence': False}"
RS_2348,[0.07127091 0.07114677 0.07099046 ... 0.08685541 0.08687297 0.08665353],biological,[ 100  102  104 ... 3194 3196 3198],58.78206479762653,2,"{'cosmic_spike': False, 'fluorescence': True}"
RS_2349,[0.30820339 0.30144139 0.34167951 ... 0.06197588 0.05798769 0.04603763],biological,[ 100  102  104 ... 3194 3196 3198],17.816906419889847,2,"{'cosmic_spike': False, 'fluorescence': False}"
RS_2350,[0.36645552 0.38389093 0.37330107 ... 0.02731038 0.02401358 0.0271784 ],biological,[ 100  102  104 ... 3194 3196 3198],24.868112205450785,2,"{'cosmic_spike': False, 'fluorescence': True}"
RS_2351,"[2.57867291e-01 2.58138569e-01 2.58177166e-01 ... 8.72514546e-04
 1.95030262e-04 0.00000000e+00]",biological,[ 100  102  104 ... 3194 3196 3198],79.86783249835398,2,"{'cosmic_spike': False, 'fluorescence': True}"
RS_2352,[0.03535766 0.04714865 0.0642657  ... 0.0172338  0.09894698 0.05904996],biological,[ 100  102  104 ... 3194 3196 3198],16.503598261984223,2,"{'cosmic_spike': False, 'fluorescence': False}"
RS_2353,[0.3026008  0.30075906 0.30116332 ... 0.00608253 0.01222781 0.01035539],biological,[ 100  102  104 ... 3194 3196 3198],29.620986603737286,2,"{'cosmic_spike': False, 'fluorescence': False}"
RS_2354,[0.08373349 0.1000894  0.09571019 ... 0.00792235 0.02428883 0.01788719],biological,[ 100  102  104 ... 3194 3196 3198],33.99737338241633,2,"{'cosmic_spike': False, 'fluorescence': False}"
RS_2355,[0.07824467 0.10720481 0.11858975 ... 0.15658528 0.14232659 0.12694542],biological,[ 100  102  104 ... 3194 3196 3198],14.44000188299919,2,"{'cosmic_spike': False, 'fluorescence': True}"
RS_2356,[0.         0.00045557 0.00021912 ... 0.19379511 0.19282077 0.19431007],biological,[ 100  102  104 ... 3194 3196 3198],46.2514634890107,2,"{'cosmic_spike': False, 'fluorescence': False}"
RS_2357,[0.00145884 0.0015653  0.00148731 ... 0.09761078 0.09780357 0.09798634],biological,[ 100  102  104 ... 3194 3196 3198],79.62884348091525,2,"{'cosmic_spike': False, 'fluorescence': False}"
RS_2358,[0.11691288 0.1171364  0.11666073 ... 0.06559129 0.06585087 0.06601612],biological,[ 100  102  104 ... 3194 3196 3198],73.2409183171009,2,"{'cosmic_spike': False, 'fluorescence': False}"
RS_2359,[0.33070446 0.33835827 0.33237756 ... 0.37390389 0.40248181 0.37046618],biological,[ 100  102  104 ... 3194 3196 3198],20.957956577304216,2,"{'cosmic_spike': False, 'fluorescence': False}"
RS_2360,"[0.00000000e+00 5.37625495e-05 1.22228290e-03 ... 2.92234014e-01
 2.93223305e-01 2.93379694e-01]",biological,[ 100  102  104 ... 3194 3196 3198],53.69598971871774,2,"{'cosmic_spike': True, 'fluorescence': True}"
RS_2361,[0.06053226 0.03282283 0.02610501 ... 0.13184509 0.11895506 0.03707152],biological,[ 100  102  104 ... 3194 3196 3198],12.256650722670745,2,"{'cosmic_spike': False, 'fluorescence': False}"
RS_2362,[0.11003752 0.11064814 0.10948746 ... 0.12577718 0.1271766  0.12653435],biological,[ 100  102  104 ... 3194 3196 3198],52.193545912177264,2,"{'cosmic_spike': False, 'fluorescence': True}"
RS_2363,[0.3039333  0.3027627  0.30219299 ... 0.3004219  0.30099677 0.30238232],biological,[ 100  102  104 ... 3194 3196 3198],65.5508935722344,2,"{'cosmic_spike': False, 'fluorescence': False}"
RS_2364,[0.18866088 0.1876217  0.18657251 ... 0.33569235 0.33657795 0.33783445],biological,[ 100  102  104 ... 3194 3196 3198],74.49593063968844,2,"{'cosmic_spike': False, 'fluorescence': False}"
RS_2365,"[9.69285020e-05 0.00000000e+00 1.64384264e-04 ... 2.46569228e-01
 2.47042557e-01 2.47422362e-01]",biological,[ 100  102  104 ... 3194 3196 3198],66.64877892695486,2,"{'cosmic_spike': False, 'fluorescence': False}"
RS_2366,"[2.83071661e-01 2.82675710e-01 2.82732047e-01 ... 4.62265116e-04
 2.22480267e-04 0.00000000e+00]",biological,[ 100  102  104 ... 3194 3196 3198],77.34383728956664,2,"{'cosmic_spike': False, 'fluorescence': False}"
RS_2367,[0.20945173 0.20939292 0.20967004 ... 0.00081206 0.00047365 0.        ],biological,[ 100  102  104 ... 3194 3196 3198],76.37173259268715,2,"{'cosmic_spike': False, 'fluorescence': False}"
RS_2368,[0.27013814 0.2802596  0.28192561 ... 0.07378032 0.11282244 0.11271578],biological,[ 100  102  104 ... 3194 3196 3198],8.930229371624785,2,"{'cosmic_spike': False, 'fluorescence': False}"
RS_2369,[0.01188206 0.01113501 0.00443859 ... 0.06177711 0.05774482 0.06257981],biological,[ 100  102  104 ... 3194 3196 3198],30.303961010284972,2,"{'cosmic_spike': False, 'fluorescence': False}"
RS_2370,[0.05007072 0.05003067 0.05020642 ... 0.00033206 0.00027659 0.        ],biological,[ 100  102  104 ... 3194 3196 3198],78.86330777675855,2,"{'cosmic_spike': True, 'fluorescence': False}"
RS_2371,[0.36893413 0.38306929 0.52605415 ... 0.3702794  0.14770929 0.2289817 ],biological,[ 100  102  104 ... 3194 3196 3198],8.385723843404866,2,"{'cosmic_spike': False, 'fluorescence': False}"
RS_2372,[0.         0.00050007 0.00052644 ... 0.14329293 0.14325381 0.14328701],biological,[ 100  102  104 ... 3194 3196 3198],72.50711815553878,2,"{'cosmic_spike': False, 'fluorescence': True}"
RS_2373,"[1.47142828e-01 1.47267613e-01 1.47526737e-01 ... 2.23197813e-04
 0.00000000e+00 3.73424871e-05]",biological,[ 100  102  104 ... 3194 3196 3198],69.38407497398012,2,"{'cosmic_spike': False, 'fluorescence': False}"
RS_2374,[0.30376945 0.30383065 0.30359594 ... 0.00065904 0.00039452 0.        ],biological,[ 100  102  104 ... 3194 3196 3198],72.06500416603835,2,"{'cosmic_spike': False, 'fluorescence': False}"
RS_2375,[0.15212601 0.14334432 0.1558433  ... 0.05372083 0.07687677 0.06024574],biological,[ 100  102  104 ... 3194 3196 3198],26.040698079036474,2,"{'cosmic_spike': False, 'fluorescence': True}"
RS_2376,[0.03169614 0.03129826 0.03178428 ... 0.05502795 0.05690231 0.05613357],biological,[ 100  102  104 ... 3194 3196 3198],48.979735231791764,2,"{'cosmic_spike': False, 'fluorescence': False}"
RS_2377,[0.07068633 0.06896481 0.0648074  ... 0.00059905 0.00271358 0.00143744],biological,[ 100  102  104 ... 3194 3196 3198],40.37963083362727,2,"{'cosmic_spike': False, 'fluorescence': False}"
RS_2378,[0.31171584 0.31204733 0.31194078 ... 0.00096334 0.00095193 0.        ],biological,[ 100  102  104 ... 3194 3196 3198],57.177782743956975,2,"{'cosmic_spike': False, 'fluorescence': False}"
RS_2379,[0.00057211 0.00048632 0.00058363 ... 0.30760684 0.30808383 0.30802699],biological,[ 100  102  104 ... 3194 3196 3198],61.17154548973487,2,"{'cosmic_spike': False, 'fluorescence': False}"
RS_2380,[0.15670555 0.13959941 0.11159448 ... 0.05308455 0.15996996 0.13043494],biological,[ 100  102  104 ... 3194 3196 3198],12.626964473764486,2,"{'cosmic_spike': False, 'fluorescence': False}"
RS_2381,[0.         0.00073653 0.00113397 ... 0.26000083 0.2599756  0.25924202],biological,[ 100  102  104 ... 3194 3196 3198],54.40432205486551,2,"{'cosmic_spike': False, 'fluorescence': False}"
RS_2382,[0.06084629 0.0607027  0.06079619 ... 0.00890051 0.00887976 0.00891681],biological,[ 100  102  104 ... 3194 3196 3198],71.20174959477866,2,"{'cosmic_spike': False, 'fluorescence': False}"
RS_2383,[0.54199928 0.54124706 0.54140436 ... 0.01721739 0.01689585 0.01703412],biological,[ 100  102  104 ... 3194 3196 3198],71.5694550440757,2,"{'cosmic_spike': False, 'fluorescence': False}"
RS_2384,[0.00374152 0.00410841 0.00415153 ... 0.13930784 0.13932116 0.13990083],biological,[ 100  102  104 ... 3194 3196 3198],57.2064503493472,2,"{'cosmic_spike': False, 'fluorescence': True}"
RS_2385,[0.01043473 0.01136844 0.01173294 ... 0.00090263 0.00046967 0.        ],biological,[ 100  102  104 ... 3194 3196 3198],44.126178319034075,2,"{'cosmic_spike': False, 'fluorescence': False}"
RS_2386,[0.09025401 0.06815978 0.08138325 ... 0.1200085  0.11746864 0.11813652],biological,[ 100  102  104 ... 3194 3196 3198],34.422523049905735,2,"{'cosmic_spike': False, 'fluorescence': True}"
RS_2387,[0.08799096 0.10161434 0.14509377 ... 0.12124965 0.08103124 0.13881619],biological,[ 100  102  104 ... 3194 3196 3198],22.937640066358508,2,"{'cosmic_spike': False, 'fluorescence': False}"
RS_2388,[0.         0.00045634 0.00076828 ... 0.08969865 0.08955945 0.08871562],biological,[ 100  102  104 ... 3194 3196 3198],74.16539847106847,2,"{'cosmic_spike': False, 'fluorescence': False}"
RS_2389,[0.02353556 0.02344794 0.02380228 ... 0.00056332 0.         0.00020063],biological,[ 100  102  104 ... 3194 3196 3198],52.05314701872347,2,"{'cosmic_spike': False, 'fluorescence': False}"
RS_2390,[0.11943137 0.119174   0.11895856 ... 0.0403133  0.04034781 0.04050341],biological,[ 100  102  104 ... 3194 3196 3198],63.635231619359445,2,"{'cosmic_spike': False, 'fluorescence': False}"
RS_2391,[0.         0.00061392 0.00150444 ... 0.08145032 0.08142035 0.08080631],biological,[ 100  102  104 ... 3194 3196 3198],72.2529578806158,2,"{'cosmic_spike': False, 'fluorescence': False}"
RS_2392,"[6.99873060e-06 8.25278784e-04 0.00000000e+00 ... 8.94342469e-03
 9.77071193e-03 9.82259255e-03]",biological,[ 100  102  104 ... 3194 3196 3198],43.9831739117399,2,"{'cosmic_spike': False, 'fluorescence': False}"
RS_2393,[0.30961777 0.30923107 0.30853895 ... 0.0098791  0.00961596 0.01013514],biological,[ 100  102  104 ... 3194 3196 3198],77.77427222106795,2,"{'cosmic_spike': False, 'fluorescence': False}"
RS_2394,[0.00050374 0.         0.0001007  ... 0.03315343 0.03436341 0.03278979],biological,[ 100  102  104 ... 3194 3196 3198],48.02960796529795,2,"{'cosmic_spike': False, 'fluorescence': False}"
RS_2395,[0.00150884 0.00309379 0.00062601 ... 0.23880676 0.24168155 0.24165861],biological,[ 100  102  104 ... 3194 3196 3198],46.19787829831994,2,"{'cosmic_spike': False, 'fluorescence': False}"
RS_2396,[0.33993952 0.37069907 0.37268537 ... 0.03710006 0.04863364 0.09503808],biological,[ 100  102  104 ... 3194 3196 3198],15.649401664258423,2,"{'cosmic_spike': False, 'fluorescence': False}"
RS_2397,[0.02344491 0.0177034  0.00135066 ... 0.35023937 0.35798605 0.34978147],biological,[ 100  102  104 ... 3194 3196 3198],24.59535910288999,2,"{'cosmic_spike': False, 'fluorescence': True}"
RS_2398,[0.16001491 0.14914549 0.14086953 ... 0.01582809 0.02076531 0.02319902],biological,[ 100  102  104 ... 3194 3196 3198],28.643134996519517,2,"{'cosmic_spike': False, 'fluorescence': False}"
RS_2399,"[3.67895700e-01 3.67600922e-01 3.67358540e-01 ... 4.70765723e-04
 2.54526408e-04 0.00000000e+00]",biological,[ 100  102  104 ... 3194 3196 3198],70.59444249475285,2,"{'cosmic_spike': False, 'fluorescence': True}"
RS_2400,[0.13742843 0.13671233 0.13747037 ... 0.00261325 0.00131062 0.00204659],biological,[ 100  102  104 ... 3194 3196 3198],48.96746437593731,2,"{'cosmic_spike': False, 'fluorescence': True}"
RS_2401,[0.00961512 0.00769508 0.         ... 0.65621764 0.65440118 0.66446704],biological,[ 100  102  104 ... 3194 3196 3198],31.71653145040821,2,"{'cosmic_spike': False, 'fluorescence': False}"
RS_2402,[0.13672636 0.13848942 0.13006936 ... 0.07295399 0.04219174 0.045915  ],biological,[ 100  102  104 ... 3194 3196 3198],25.313424114653845,2,"{'cosmic_spike': False, 'fluorescence': False}"
RS_2403,[0.11866173 0.11848748 0.11856752 ... 0.00056963 0.00015388 0.        ],biological,[ 100  102  104 ... 3194 3196 3198],66.7586392307368,2,"{'cosmic_spike': False, 'fluorescence': False}"
RS_2404,[0.21307208 0.21350739 0.2138439  ... 0.00095042 0.00049283 0.00100378],biological,[ 100  102  104 ... 3194 3196 3198],55.56576940670026,2,"{'cosmic_spike': False, 'fluorescence': True}"
RS_2405,[0.2730589  0.26635935 0.26994466 ... 0.04615136 0.04814232 0.04890976],biological,[ 100  102  104 ... 3194 3196 3198],37.63916725395479,2,"{'cosmic_spike': True, 'fluorescence': True}"
RS_2406,"[0.00000000e+00 7.09147289e-05 1.36491862e-04 ... 5.36100148e-02
 5.38198167e-02 5.36906226e-02]",biological,[ 100  102  104 ... 3194 3196 3198],77.84577577515334,2,"{'cosmic_spike': False, 'fluorescence': False}"
RS_2407,"[2.70011345e-01 2.70277391e-01 2.70292974e-01 ... 5.36511781e-04
 0.00000000e+00 1.28126095e-04]",biological,[ 100  102  104 ... 3194 3196 3198],55.4547461775117,2,"{'cosmic_spike': False, 'fluorescence': True}"
RS_2408,[0.00243063 0.0018344  0.00198128 ... 0.00142801 0.00031281 0.00162716],biological,[ 100  102  104 ... 3194 3196 3198],49.448114397942824,2,"{'cosmic_spike': False, 'fluorescence': False}"
RS_2409,[0.38411854 0.38657625 0.38883861 ... 0.0044583  0.         0.00375064],biological,[ 100  102  104 ... 3194 3196 3198],43.16834608640798,2,"{'cosmic_spike': False, 'fluorescence': False}"
RS_2410,[0.00748504 0.00088799 0.01972495 ... 0.14730426 0.14491155 0.13966376],biological,[ 100  102  104 ... 3194 3196 3198],28.416157992701173,2,"{'cosmic_spike': False, 'fluorescence': False}"
RS_2411,[0.15133268 0.1440632  0.15024239 ... 0.01946449 0.02221295 0.01337072],biological,[ 100  102  104 ... 3194 3196 3198],34.16939266811079,2,"{'cosmic_spike': False, 'fluorescence': False}"
RS_2412,[0.2283423  0.27998077 0.25835326 ... 0.1161269  0.09642929 0.10782043],biological,[ 100  102  104 ... 3194 3196 3198],12.835710216393007,2,"{'cosmic_spike': False, 'fluorescence': False}"
RS_2413,[0.         0.00043686 0.00136262 ... 0.16709382 0.16673972 0.16675183],biological,[ 100  102  104 ... 3194 3196 3198],54.960380754942534,2,"{'cosmic_spike': False, 'fluorescence': False}"
RS_2414,[0.178881   0.17981956 0.17913337 ... 0.00298131 0.00325282 0.        ],biological,[ 100  102  104 ... 3194 3196 3198],40.236774261346724,2,"{'cosmic_spike': False, 'fluorescence': False}"
RS_2415,[0.13095897 0.1331969  0.13320424 ... 0.00182573 0.         0.00190153],biological,[ 100  102  104 ... 3194 3196 3198],46.673835632559715,2,"{'cosmic_spike': False, 'fluorescence': False}"
RS_2416,[0.         0.00151    0.00162104 ... 0.15265032 0.15241907 0.15115141],biological,[ 100  102  104 ... 3194 3196 3198],52.84163554234477,2,"{'cosmic_spike': False, 'fluorescence': False}"
RS_2417,[0.21776586 0.21595054 0.21647069 ... 0.0577886  0.0610039  0.06248234],biological,[ 100  102  104 ... 3194 3196 3198],44.134422008528254,2,"{'cosmic_spike': False, 'fluorescence': False}"
RS_2418,[0.09820235 0.09959729 0.09973997 ... 0.0006875  0.         0.00028305],biological,[ 100  102  104 ... 3194 3196 3198],53.81516797919236,2,"{'cosmic_spike': False, 'fluorescence': False}"
RS_2419,[0.02669777 0.00950843 0.04963996 ... 0.06273497 0.04137357 0.06676091],biological,[ 100  102  104 ... 3194 3196 3198],19.14681463693504,2,"{'cosmic_spike': False, 'fluorescence': True}"
RS_2420,[0.06398066 0.06399279 0.06318925 ... 0.01084126 0.01591285 0.01003631],biological,[ 100  102  104 ... 3194 3196 3198],42.29505032609213,2,"{'cosmic_spike': False, 'fluorescence': False}"
RS_2421,[0.11547636 0.10211686 0.15191337 ... 0.05543905 0.05359638 0.01479318],biological,[ 100  102  104 ... 3194 3196 3198],17.08208363778413,2,"{'cosmic_spike': False, 'fluorescence': False}"
RS_2422,[0.04379333 0.04351515 0.04320503 ... 0.13952722 0.1397533  0.14004689],biological,[ 100  102  104 ... 3194 3196 3198],75.87827745949484,2,"{'cosmic_spike': False, 'fluorescence': False}"
RS_2423,"[4.41999596e-01 4.42468285e-01 4.41979774e-01 ... 4.99927352e-04
 0.00000000e+00 3.41921352e-05]",biological,[ 100  102  104 ... 3194 3196 3198],49.33486399289147,2,"{'cosmic_spike': False, 'fluorescence': False}"
RS_2424,[0.23486331 0.23393924 0.23381903 ... 0.12400808 0.12418585 0.12398939],biological,[ 100  102  104 ... 3194 3196 3198],74.64023700548105,2,"{'cosmic_spike': False, 'fluorescence': False}"
RS_2425,[0.0090064  0.01092449 0.01092713 ... 0.00099813 0.00154019 0.00218626],biological,[ 100  102  104 ... 3194 3196 3198],40.14538000217961,2,"{'cosmic_spike': False, 'fluorescence': False}"
RS_2426,[0.01990658 0.01513525 0.02497822 ... 0.29663019 0.29050057 0.28639243],biological,[ 100  102  104 ... 3194 3196 3198],25.93354198111521,2,"{'cosmic_spike': True, 'fluorescence': True}"
RS_2427,[0.09902674 0.09860465 0.0986245  ... 0.12371787 0.12381977 0.12434966],biological,[ 100  102  104 ... 3194 3196 3198],75.79111108727061,2,"{'cosmic_spike': False, 'fluorescence': False}"
RS_2428,[0.26553213 0.26969103 0.26691171 ... 0.01101284 0.01063956 0.01415407],biological,[ 100  102  104 ... 3194 3196 3198],36.550722962688106,2,"{'cosmic_spike': False, 'fluorescence': False}"
RS_2429,[0.12508748 0.1251356  0.12494716 ... 0.00115349 0.00162787 0.00073316],biological,[ 100  102  104 ... 3194 3196 3198],58.633044861313245,2,"{'cosmic_spike': False, 'fluorescence': False}"
RS_2430,"[1.77684914e-01 1.77850059e-01 1.77738901e-01 ... 3.73274311e-04
 1.19938485e-04 0.00000000e+00]",biological,[ 100  102  104 ... 3194 3196 3198],62.078171766636935,2,"{'cosmic_spike': False, 'fluorescence': True}"
RS_2431,[0.13342666 0.09587259 0.09127123 ... 0.13472406 0.20753871 0.16731969],biological,[ 100  102  104 ... 3194 3196 3198],19.260029078367552,2,"{'cosmic_spike': False, 'fluorescence': False}"
RS_2432,[0.03552116 0.01968282 0.05554503 ... 0.12286115 0.14962841 0.15084955],biological,[ 100  102  104 ... 3194 3196 3198],14.453243599865774,2,"{'cosmic_spike': False, 'fluorescence': False}"
RS_2433,[0.01199567 0.         0.01633807 ... 0.22400672 0.22972821 0.22094133],biological,[ 100  102  104 ... 3194 3196 3198],33.981304889656485,2,"{'cosmic_spike': False, 'fluorescence': True}"
RS_2434,[0.11798049 0.1174866  0.11717625 ... 0.03166004 0.03206576 0.03221537],biological,[ 100  102  104 ... 3194 3196 3198],74.60842414199148,2,"{'cosmic_spike': False, 'fluorescence': False}"
RS_2435,[0.22853262 0.22915137 0.22990739 ... 0.00145273 0.00033716 0.        ],biological,[ 100  102  104 ... 3194 3196 3198],66.43218280642868,2,"{'cosmic_spike': False, 'fluorescence': False}"
RS_2436,[0.00836131 0.01123558 0.00557332 ... 0.15045346 0.14081011 0.14002998],biological,[ 100  102  104 ... 3194 3196 3198],27.30464320674721,2,"{'cosmic_spike': False, 'fluorescence': False}"
RS_2437,[0.04495416 0.04594753 0.04148475 ... 0.06026565 0.07468167 0.06607712],biological,[ 100  102  104 ... 3194 3196 3198],29.617181834131717,2,"{'cosmic_spike': False, 'fluorescence': False}"
RS_2438,[0.3321177  0.33094685 0.33054171 ... 0.02480678 0.02564027 0.02512788],biological,[ 100  102  104 ... 3194 3196 3198],62.01849958788329,2,"{'cosmic_spike': False, 'fluorescence': True}"
RS_2439,"[0.00000000e+00 2.48630823e-04 5.73554269e-04 ... 4.60403716e-01
 4.60420733e-01 4.60912403e-01]",biological,[ 100  102  104 ... 3194 3196 3198],68.2755051425832,2,"{'cosmic_spike': False, 'fluorescence': False}"
RS_2440,[0.07688471 0.11249418 0.10498806 ... 0.23232489 0.18249648 0.16617271],biological,[ 100  102  104 ... 3194 3196 3198],10.59450521920803,2,"{'cosmic_spike': False, 'fluorescence': False}"
RS_2441,[0.00592041 0.00563193 0.00568304 ... 0.52060005 0.52149739 0.52202445],biological,[ 100  102  104 ... 3194 3196 3198],61.554991861560126,2,"{'cosmic_spike': True, 'fluorescence': True}"
RS_2442,[0.12299451 0.12296455 0.12247812 ... 0.0681557  0.06836473 0.06881199],biological,[ 100  102  104 ... 3194 3196 3198],77.08278704164593,2,"{'cosmic_spike': False, 'fluorescence': False}"
RS_2443,[0.00096602 0.         0.00166389 ... 0.16760741 0.16695538 0.16787425],biological,[ 100  102  104 ... 3194 3196 3198],52.53076825508813,2,"{'cosmic_spike': False, 'fluorescence': False}"
RS_2444,[0.         0.00140951 0.00148188 ... 0.16709176 0.16628374 0.16676559],biological,[ 100  102  104 ... 3194 3196 3198],54.23701225865314,2,"{'cosmic_spike': False, 'fluorescence': True}"
RS_2445,[0.04054012 0.06741216 0.06720941 ... 0.26057755 0.21554091 0.23837272],biological,[ 100  102  104 ... 3194 3196 3198],16.454129444390347,2,"{'cosmic_spike': False, 'fluorescence': False}"
RS_2446,[0.         0.000482   0.00086671 ... 0.02873142 0.02824408 0.02811594],biological,[ 100  102  104 ... 3194 3196 3198],79.37933381188847,2,"{'cosmic_spike': False, 'fluorescence': False}"
RS_2447,[0.         0.00063321 0.00076055 ... 0.38720285 0.38714743 0.38752906],biological,[ 100  102  104 ... 3194 3196 3198],77.91979507192922,2,"{'cosmic_spike': False, 'fluorescence': True}"
RS_2448,[0.         0.0001736  0.00019573 ... 0.13723401 0.1365496  0.13658937],biological,[ 100  102  104 ... 3194 3196 3198],51.47192663997192,2,"{'cosmic_spike': False, 'fluorescence': True}"
RS_2449,[0.08225561 0.1332455  0.07305633 ... 0.23851942 0.23162745 0.23000724],biological,[ 100  102  104 ... 3194 3196 3198],9.616452183998984,2,"{'cosmic_spike': False, 'fluorescence': False}"
RS_2450,[0.07528063 0.07642821 0.07188062 ... 0.09965334 0.09408516 0.09771301],biological,[ 100  102  104 ... 3194 3196 3198],40.99572635322947,2,"{'cosmic_spike': False, 'fluorescence': False}"
RS_2451,[0.3553139  0.35825088 0.36537159 ... 0.0062981  0.00694703 0.01511564],biological,[ 100  102  104 ... 3194 3196 3198],31.16734076903428,2,"{'cosmic_spike': False, 'fluorescence': False}"
RS_2452,[0.3931897  0.30399981 0.49585387 ... 0.64841174 0.38191953 0.58194824],biological,[ 100  102  104 ... 3194 3196 3198],7.120391358197457,2,"{'cosmic_spike': False, 'fluorescence': True}"
RS_2453,[0.01300704 0.01583393 0.01375685 ... 0.31904151 0.32364313 0.31868324],biological,[ 100  102  104 ... 3194 3196 3198],34.14844858854196,2,"{'cosmic_spike': False, 'fluorescence': False}"
RS_2454,[0.12012455 0.08101854 0.05853808 ... 0.37775063 0.36961052 0.24790337],biological,[ 100  102  104 ... 3194 3196 3198],10.911224124957258,2,"{'cosmic_spike': False, 'fluorescence': False}"
RS_2455,[0.         0.00043108 0.00033335 ... 0.0186159  0.01867594 0.01811752],biological,[ 100  102  104 ... 3194 3196 3198],57.69141015945078,2,"{'cosmic_spike': False, 'fluorescence': False}"
RS_2456,[0.19321195 0.19858102 0.19064578 ... 0.15004514 0.15324661 0.15064684],biological,[ 100  102  104 ... 3194 3196 3198],34.233630366319986,2,"{'cosmic_spike': False, 'fluorescence': False}"
RS_2457,[0.03417647 0.00046045 0.04083615 ... 0.26164004 0.24391155 0.22775887],biological,[ 100  102  104 ... 3194 3196 3198],25.160739290147244,2,"{'cosmic_spike': False, 'fluorescence': False}"
RS_2458,[0.1145609  0.11422554 0.11447241 ... 0.02802344 0.02747002 0.02779071],biological,[ 100  102  104 ... 3194 3196 3198],50.554091371944516,2,"{'cosmic_spike': False, 'fluorescence': False}"
RS_2459,[0.10516724 0.10538672 0.10522644 ... 0.07860066 0.07720846 0.07963778],biological,[ 100  102  104 ... 3194 3196 3198],45.758254385255505,2,"{'cosmic_spike': False, 'fluorescence': False}"
RS_2460,[0.06116254 0.05933215 0.04546971 ... 0.08897469 0.08514146 0.10053804],biological,[ 100  102  104 ... 3194 3196 3198],11.486028183079505,2,"{'cosmic_spike': False, 'fluorescence': False}"
RS_2461,[0.25025899 0.30803529 0.23327791 ... 0.07210413 0.19222183 0.2180035 ],biological,[ 100  102  104 ... 3194 3196 3198],6.21280168710155,2,"{'cosmic_spike': False, 'fluorescence': False}"
RS_2462,[0.00077718 0.00013557 0.00144962 ... 0.10124991 0.10453351 0.10038786],biological,[ 100  102  104 ... 3194 3196 3198],43.12423636429564,2,"{'cosmic_spike': False, 'fluorescence': False}"
RS_2463,[0.09552575 0.0977784  0.09298507 ... 0.14012793 0.13854491 0.13678849],biological,[ 100  102  104 ... 3194 3196 3198],36.0197148889263,2,"{'cosmic_spike': False, 'fluorescence': False}"
RS_2464,"[3.74543475e-05 0.00000000e+00 5.99650185e-05 ... 3.47140417e-01
 3.46816401e-01 3.47740774e-01]",biological,[ 100  102  104 ... 3194 3196 3198],54.28988938056715,2,"{'cosmic_spike': False, 'fluorescence': True}"
RS_2465,[0.14005171 0.24910114 0.11857497 ... 0.11233471 0.0566935  0.16375778],biological,[ 100  102  104 ... 3194 3196 3198],13.197577201871258,2,"{'cosmic_spike': False, 'fluorescence': True}"
RS_2466,[0.29077462 0.2900797  0.28913376 ... 0.16667517 0.16736885 0.16717961],biological,[ 100  102  104 ... 3194 3196 3198],54.00194239050963,2,"{'cosmic_spike': False, 'fluorescence': False}"
RS_2467,[0.07510275 0.07551883 0.10277628 ... 0.10247958 0.07017702 0.0844632 ],biological,[ 100  102  104 ... 3194 3196 3198],13.273911775467285,2,"{'cosmic_spike': False, 'fluorescence': True}"
RS_2468,[0.00018397 0.         0.0001927  ... 0.14027496 0.14034296 0.14042665],biological,[ 100  102  104 ... 3194 3196 3198],50.798281472308275,2,"{'cosmic_spike': False, 'fluorescence': True}"
RS_2469,[0.04364432 0.02395162 0.04736849 ... 0.29224885 0.26710038 0.28944461],biological,[ 100  102  104 ... 3194 3196 3198],18.175356909008997,2,"{'cosmic_spike': False, 'fluorescence': False}"
RS_2470,[0.         0.00033396 0.00053029 ... 0.3277456  0.32831807 0.32837223],biological,[ 100  102  104 ... 3194 3196 3198],59.19215259933908,2,"{'cosmic_spike': False, 'fluorescence': False}"
RS_2471,[0.13426396 0.13391862 0.13376717 ... 0.04133504 0.04111315 0.04143919],biological,[ 100  102  104 ... 3194 3196 3198],77.40749945721883,2,"{'cosmic_spike': True, 'fluorescence': False}"
RS_2472,[0.26960392 0.26866777 0.26797303 ... 0.08289443 0.08312342 0.08303432],biological,[ 100  102  104 ... 3194 3196 3198],55.66854369383048,2,"{'cosmic_spike': False, 'fluorescence': False}"
RS_2473,[0.         0.00067554 0.0013647  ... 0.3376442  0.33788888 0.33755453],biological,[ 100  102  104 ... 3194 3196 3198],57.16133660284201,2,"{'cosmic_spike': False, 'fluorescence': False}"
RS_2474,"[4.11208451e-04 0.00000000e+00 1.72535210e-04 ... 1.82125474e-01
 1.82446854e-01 1.82719590e-01]",biological,[ 100  102  104 ... 3194 3196 3198],57.57953240495487,2,"{'cosmic_spike': False, 'fluorescence': True}"
RS_2475,[0.02326758 0.02315362 0.02286989 ... 0.16089842 0.16144178 0.16200433],biological,[ 100  102  104 ... 3194 3196 3198],60.67035450765032,2,"{'cosmic_spike': False, 'fluorescence': True}"
RS_2476,[0.48544373 0.44748374 0.40432014 ... 0.24993474 0.56833551 0.30404913],biological,[ 100  102  104 ... 3194 3196 3198],5.024694622051186,2,"{'cosmic_spike': False, 'fluorescence': False}"
RS_2477,[0.18854239 0.20747488 0.18114914 ... 0.13719714 0.1265819  0.10333997],biological,[ 100  102  104 ... 3194 3196 3198],16.828578866742788,2,"{'cosmic_spike': False, 'fluorescence': True}"
RS_2478,[0.02617278 0.02545215 0.02309654 ... 0.21440565 0.21559992 0.20255905],biological,[ 100  102  104 ... 3194 3196 3198],30.38935158802393,2,"{'cosmic_spike': False, 'fluorescence': False}"
RS_2479,[0.05337905 0.05316434 0.05296805 ... 0.16505561 0.16563795 0.16590423],biological,[ 100  102  104 ... 3194 3196 3198],70.36466359087787,2,"{'cosmic_spike': False, 'fluorescence': False}"
RS_2480,[0.00861307 0.00756891 0.00372083 ... 0.16965677 0.16700605 0.17010087],biological,[ 100  102  104 ... 3194 3196 3198],42.768516093122486,2,"{'cosmic_spike': False, 'fluorescence': True}"
RS_2481,[0.20813525 0.23378979 0.16671599 ... 0.1818582  0.18765306 0.19983497],biological,[ 100  102  104 ... 3194 3196 3198],14.113950094163533,2,"{'cosmic_spike': False, 'fluorescence': False}"
RS_2482,[0.11701509 0.11799517 0.10771761 ... 0.00922551 0.00175461 0.00529407],biological,[ 100  102  104 ... 3194 3196 3198],29.69426051451421,2,"{'cosmic_spike': False, 'fluorescence': False}"
RS_2483,[0.22309839 0.05961315 0.13274501 ... 0.18833805 0.17498297 0.25799082],biological,[ 100  102  104 ... 3194 3196 3198],11.097337389784045,2,"{'cosmic_spike': False, 'fluorescence': False}"
RS_2484,[0.18073509 0.1802079  0.17965482 ... 0.10403757 0.1042732  0.10482688],biological,[ 100  102  104 ... 3194 3196 3198],58.653536836565074,2,"{'cosmic_spike': False, 'fluorescence': False}"
RS_2485,[0.         0.00025465 0.00060228 ... 0.13032437 0.13055307 0.13042054],biological,[ 100  102  104 ... 3194 3196 3198],72.34717534716324,2,"{'cosmic_spike': False, 'fluorescence': True}"
RS_2486,[0.28342254 0.26763548 0.20566206 ... 0.29496457 0.28859383 0.2399822 ],biological,[ 100  102  104 ... 3194 3196 3198],5.784747483236664,2,"{'cosmic_spike': False, 'fluorescence': False}"
RS_2487,"[1.16088613e-01 1.15882218e-01 1.16090960e-01 ... 1.17246479e-04
 6.82889785e-05 0.00000000e+00]",biological,[ 100  102  104 ... 3194 3196 3198],69.10357214006032,2,"{'cosmic_spike': False, 'fluorescence': False}"
RS_2488,"[0.00000000e+00 6.60508348e-05 1.46553607e-04 ... 7.03330730e-02
 7.04584623e-02 7.06327802e-02]",biological,[ 100  102  104 ... 3194 3196 3198],61.703692805880635,2,"{'cosmic_spike': False, 'fluorescence': False}"
RS_2489,"[4.75542341e-05 0.00000000e+00 1.36879382e-03 ... 2.21821174e-01
 2.22254885e-01 2.21549859e-01]",biological,[ 100  102  104 ... 3194 3196 3198],52.49357383586761,2,"{'cosmic_spike': False, 'fluorescence': False}"
RS_2490,[0.02580289 0.02547633 0.02555385 ... 0.25886599 0.25928372 0.25962735],biological,[ 100  102  104 ... 3194 3196 3198],78.38030345454838,2,"{'cosmic_spike': False, 'fluorescence': False}"
RS_2491,[0.13544613 0.14493474 0.14011695 ... 0.         0.00485336 0.00788771],biological,[ 100  102  104 ... 3194 3196 3198],37.181096445655285,2,"{'cosmic_spike': False, 'fluorescence': False}"
RS_2492,[0.29749984 0.29585743 0.29482726 ... 0.00422932 0.00649853 0.00668433],biological,[ 100  102  104 ... 3194 3196 3198],35.46252611896273,2,"{'cosmic_spike': False, 'fluorescence': False}"
RS_2493,[0.1340499  0.13077443 0.13186505 ... 0.18968857 0.18609222 0.17905276],biological,[ 100  102  104 ... 3194 3196 3198],40.25267026986547,2,"{'cosmic_spike': False, 'fluorescence': False}"
RS_2494,[0.05787444 0.01891893 0.0234355  ... 0.01183086 0.02829198 0.0707338 ],biological,[ 100  102  104 ... 3194 3196 3198],16.88644443400721,2,"{'cosmic_spike': False, 'fluorescence': True}"
RS_2495,[0.11596735 0.11267541 0.11564952 ... 0.11338773 0.1041505  0.07533613],biological,[ 100  102  104 ... 3194 3196 3198],17.974703377369345,2,"{'cosmic_spike': False, 'fluorescence': True}"
RS_2496,[0.04617528 0.04649144 0.04626614 ... 0.         0.00042173 0.00010398],biological,[ 100  102  104 ... 3194 3196 3198],55.89409988634397,2,"{'cosmic_spike': False, 'fluorescence': True}"
RS_2497,[0.         0.00109347 0.00013495 ... 0.04456952 0.0451411  0.04631295],biological,[ 100  102  104 ... 3194 3196 3198],45.79062843675996,2,"{'cosmic_spike': False, 'fluorescence': False}"
RS_2498,[0.01564776 0.01519501 0.         ... 0.33063301 0.33879199 0.34353229],biological,[ 100  102  104 ... 3194 3196 3198],21.71898742123613,2,"{'cosmic_spike': False, 'fluorescence': False}"
RS_2499,[0.02247971 0.01074466 0.02491201 ... 0.66920448 0.6843226  0.67162526],biological,[ 100  102  104 ... 3194 3196 3198],29.721937847201282,2,"{'cosmic_spike': False, 'fluorescence': True}"
RS_2500,[0.17924714 0.17810038 0.1782476  ... 0.13146353 0.13178224 0.13253821],biological,[ 100  102  104 ... 3194 3196 3198],63.40685005041704,2,"{'cosmic_spike': False, 'fluorescence': False}"
RS_2501,[0.36323904 0.31648392 0.37124684 ... 0.24316316 0.43754881 0.39587798],biological,[ 100  102  104 ... 3194 3196 3198],6.308328500594644,2,"{'cosmic_spike': False, 'fluorescence': True}"
RS_2502,[0.         0.00140663 0.0008833  ... 0.27432189 0.27439366 0.2744744 ],biological,[ 100  102  104 ... 3194 3196 3198],49.98428564875157,2,"{'cosmic_spike': False, 'fluorescence': False}"
RS_2503,[0.         0.00093873 0.0009615  ... 0.06475555 0.064045   0.06474256],biological,[ 100  102  104 ... 3194 3196 3198],52.155135927851106,2,"{'cosmic_spike': False, 'fluorescence': False}"
RS_2504,[0.00493829 0.00566965 0.00483822 ... 0.36435094 0.36505928 0.36560104],biological,[ 100  102  104 ... 3194 3196 3198],57.47870365997452,2,"{'cosmic_spike': False, 'fluorescence': False}"
RS_2505,[0.48533187 0.47775391 0.48346172 ... 0.00830989 0.01096298 0.0095155 ],biological,[ 100  102  104 ... 3194 3196 3198],42.24650975843649,2,"{'cosmic_spike': True, 'fluorescence': False}"
RS_2506,[0.08044021 0.09474028 0.08568385 ... 0.02184521 0.01872665 0.01368794],biological,[ 100  102  104 ... 3194 3196 3198],28.069185999438343,2,"{'cosmic_spike': False, 'fluorescence': True}"
RS_2507,[0.01173811 0.01228477 0.01185759 ... 0.17719101 0.17737636 0.1776587 ],biological,[ 100  102  104 ... 3194 3196 3198],62.42887820743884,2,"{'cosmic_spike': False, 'fluorescence': False}"
RS_2508,[0.00015096 0.0005683  0.00137839 ... 0.01895041 0.01825765 0.01798293],biological,[ 100  102  104 ... 3194 3196 3198],44.56402116152525,2,"{'cosmic_spike': False, 'fluorescence': True}"
RS_2509,[0.03358829 0.010896   0.00134373 ... 0.24840177 0.23897067 0.22902258],biological,[ 100  102  104 ... 3194 3196 3198],21.818013575627198,2,"{'cosmic_spike': True, 'fluorescence': False}"
RS_2510,[0.01309322 0.01295342 0.01336335 ... 0.02789886 0.02734724 0.02734406],biological,[ 100  102  104 ... 3194 3196 3198],69.6433055452723,2,"{'cosmic_spike': False, 'fluorescence': False}"
RS_2511,[0.20170675 0.20141769 0.20091234 ... 0.0564408  0.05689934 0.05701535],biological,[ 100  102  104 ... 3194 3196 3198],62.85614719053384,2,"{'cosmic_spike': False, 'fluorescence': False}"
RS_2512,[0.1640061  0.18537758 0.248024   ... 0.31097125 0.28306326 0.2050706 ],biological,[ 100  102  104 ... 3194 3196 3198],7.032580670175749,2,"{'cosmic_spike': False, 'fluorescence': False}"
RS_2513,"[2.77579672e-01 2.76885303e-01 2.77773683e-01 ... 1.00256951e-03
 1.58003247e-04 0.00000000e+00]",biological,[ 100  102  104 ... 3194 3196 3198],54.853111995737926,2,"{'cosmic_spike': False, 'fluorescence': False}"
RS_2514,[0.         0.00112747 0.00232036 ... 0.21095362 0.21136372 0.21098168],biological,[ 100  102  104 ... 3194 3196 3198],50.59193124194011,2,"{'cosmic_spike': False, 'fluorescence': False}"
RS_2515,[0.         0.0004431  0.00111649 ... 0.08709878 0.08684607 0.08630771],biological,[ 100  102  104 ... 3194 3196 3198],68.22221184825412,2,"{'cosmic_spike': False, 'fluorescence': True}"
RS_2516,[0.00498296 0.00497535 0.00640627 ... 0.         0.00085817 0.00162428],biological,[ 100  102  104 ... 3194 3196 3198],43.15786165447513,2,"{'cosmic_spike': True, 'fluorescence': False}"
RS_2517,[0.02402466 0.010789   0.01183417 ... 0.06528846 0.07279873 0.06687573],biological,[ 100  102  104 ... 3194 3196 3198],26.450185202653415,2,"{'cosmic_spike': False, 'fluorescence': True}"
RS_2518,[0.154069   0.15362939 0.15332189 ... 0.07288905 0.06237309 0.06087912],biological,[ 100  102  104 ... 3194 3196 3198],30.669943819601464,2,"{'cosmic_spike': False, 'fluorescence': False}"
RS_2519,[0.00157405 0.00581216 0.02455629 ... 0.01307515 0.0386038  0.02600704],biological,[ 100  102  104 ... 3194 3196 3198],24.02924667381914,2,"{'cosmic_spike': False, 'fluorescence': False}"
RS_2520,[0.01627416 0.03407328 0.         ... 0.49843989 0.47113989 0.46207412],biological,[ 100  102  104 ... 3194 3196 3198],20.781099574636986,2,"{'cosmic_spike': False, 'fluorescence': True}"
RS_2521,"[7.46284628e-05 5.83105811e-04 0.00000000e+00 ... 8.33421932e-02
 8.32096021e-02 8.24627452e-02]",biological,[ 100  102  104 ... 3194 3196 3198],51.75976527144636,2,"{'cosmic_spike': False, 'fluorescence': True}"
RS_2522,[0.36135028 0.36060012 0.36052113 ... 0.07633451 0.07617166 0.07617298],biological,[ 100  102  104 ... 3194 3196 3198],58.857886700617144,2,"{'cosmic_spike': False, 'fluorescence': False}"
RS_2523,[0.36652155 0.3715267  0.35786658 ... 0.02509194 0.01072605 0.01947332],biological,[ 100  102  104 ... 3194 3196 3198],35.44545840177239,2,"{'cosmic_spike': False, 'fluorescence': False}"
RS_2524,[0.36806905 0.33012593 0.46008933 ... 0.12845675 0.12632816 0.14097766],biological,[ 100  102  104 ... 3194 3196 3198],8.564896000964998,2,"{'cosmic_spike': True, 'fluorescence': False}"
RS_2525,[0.30905029 0.32765939 0.34110196 ... 0.09942472 0.09294365 0.10524088],biological,[ 100  102  104 ... 3194 3196 3198],9.538222523156971,2,"{'cosmic_spike': False, 'fluorescence': True}"
RS_2526,[0.0859967  0.08466198 0.08542974 ... 0.         0.00145675 0.00014744],biological,[ 100  102  104 ... 3194 3196 3198],48.476547006190614,2,"{'cosmic_spike': False, 'fluorescence': False}"
RS_2527,[0.0007698  0.0023688  0.00199167 ... 0.44423363 0.44654753 0.44854942],biological,[ 100  102  104 ... 3194 3196 3198],41.647457474404376,2,"{'cosmic_spike': False, 'fluorescence': False}"
RS_2528,[0.11476346 0.11514155 0.11422931 ... 0.00014407 0.0024479  0.00449762],biological,[ 100  102  104 ... 3194 3196 3198],39.57900648339962,2,"{'cosmic_spike': False, 'fluorescence': False}"
RS_2529,[0.0362364  0.04995939 0.03170877 ... 0.28514493 0.28119039 0.28600606],biological,[ 100  102  104 ... 3194 3196 3198],21.814732971280236,2,"{'cosmic_spike': False, 'fluorescence': False}"
RS_2530,[0.         0.00035769 0.01105655 ... 0.2172974  0.22533933 0.22166245],biological,[ 100  102  104 ... 3194 3196 3198],33.45288684172028,2,"{'cosmic_spike': False, 'fluorescence': True}"
RS_2531,[0.08031202 0.08017801 0.0802034  ... 0.0013463  0.00121447 0.00166202],biological,[ 100  102  104 ... 3194 3196 3198],61.65902427927183,2,"{'cosmic_spike': False, 'fluorescence': False}"
RS_2532,[0.01631129 0.01618006 0.01627238 ... 0.08681169 0.08654342 0.08720862],biological,[ 100  102  104 ... 3194 3196 3198],79.83121101943354,2,"{'cosmic_spike': True, 'fluorescence': True}"
RS_2533,[0.         0.00154786 0.00137039 ... 0.09258093 0.09308333 0.09176547],biological,[ 100  102  104 ... 3194 3196 3198],43.16394987550985,2,"{'cosmic_spike': True, 'fluorescence': False}"
RS_2534,[0.02809227 0.05879296 0.01251275 ... 0.30495654 0.322209   0.32065703],biological,[ 100  102  104 ... 3194 3196 3198],13.508763667338298,2,"{'cosmic_spike': False, 'fluorescence': True}"
RS_2535,[0.54488985 0.54233855 0.55208877 ... 0.01728665 0.00076493 0.00481006],biological,[ 100  102  104 ... 3194 3196 3198],33.96006637607853,2,"{'cosmic_spike': True, 'fluorescence': False}"
RS_2536,[0.10127559 0.10369073 0.10112373 ... 0.05966984 0.0590844  0.05848683],biological,[ 100  102  104 ... 3194 3196 3198],49.559951189375106,2,"{'cosmic_spike': False, 'fluorescence': False}"
RS_2537,[0.02832364 0.04870474 0.02070605 ... 0.15857837 0.13645539 0.12567893],biological,[ 100  102  104 ... 3194 3196 3198],22.490410059267163,2,"{'cosmic_spike': False, 'fluorescence': False}"
RS_2538,[0.00927822 0.01407841 0.01236946 ... 0.03969473 0.03743478 0.04270687],biological,[ 100  102  104 ... 3194 3196 3198],29.939105916629188,2,"{'cosmic_spike': False, 'fluorescence': False}"
RS_2539,[0.11077361 0.12962024 0.12262774 ... 0.0038757  0.0101087  0.00837001],biological,[ 100  102  104 ... 3194 3196 3198],33.282520155844324,2,"{'cosmic_spike': False, 'fluorescence': False}"
RS_2540,"[1.49009173e-01 1.48997901e-01 1.49289449e-01 ... 5.26727338e-04
 3.53566027e-06 0.00000000e+00]",biological,[ 100  102  104 ... 3194 3196 3198],68.62673588262179,2,"{'cosmic_spike': False, 'fluorescence': False}"
RS_2541,[0.20000831 0.19981656 0.19959007 ... 0.12123917 0.12118208 0.1218826 ],biological,[ 100  102  104 ... 3194 3196 3198],57.659978529494346,2,"{'cosmic_spike': False, 'fluorescence': False}"
RS_2542,[0.12580084 0.13812907 0.12311068 ... 0.16001937 0.21913829 0.18762196],biological,[ 100  102  104 ... 3194 3196 3198],16.912453901214988,2,"{'cosmic_spike': False, 'fluorescence': False}"
RS_2543,[0.05693371 0.05789347 0.05920633 ... 0.01621285 0.01518776 0.01454438],biological,[ 100  102  104 ... 3194 3196 3198],52.30551800205599,2,"{'cosmic_spike': False, 'fluorescence': False}"
RS_2544,[0.21060564 0.20986548 0.20937645 ... 0.07137088 0.0716656  0.07214737],biological,[ 100  102  104 ... 3194 3196 3198],62.806025392797565,2,"{'cosmic_spike': False, 'fluorescence': False}"
RS_2545,[0.27440385 0.29441143 0.24967056 ... 0.13985565 0.11070861 0.09343521],biological,[ 100  102  104 ... 3194 3196 3198],13.497678778286538,2,"{'cosmic_spike': False, 'fluorescence': True}"
RS_2546,[0.10881476 0.12870421 0.12268575 ... 0.03593223 0.04149656 0.00460356],biological,[ 100  102  104 ... 3194 3196 3198],20.84854614980665,2,"{'cosmic_spike': False, 'fluorescence': True}"
RS_2547,[0.19102696 0.19093116 0.19066826 ... 0.00045595 0.00052999 0.        ],biological,[ 100  102  104 ... 3194 3196 3198],74.79613107146312,2,"{'cosmic_spike': False, 'fluorescence': True}"
RS_2548,"[2.00378236e-01 2.00841728e-01 2.00351903e-01 ... 5.92727915e-04
 4.20475035e-05 0.00000000e+00]",biological,[ 100  102  104 ... 3194 3196 3198],55.48173339665222,2,"{'cosmic_spike': False, 'fluorescence': False}"
RS_2549,[0.30973084 0.26443428 0.36341736 ... 0.28381403 0.23881173 0.19408672],biological,[ 100  102  104 ... 3194 3196 3198],15.61311654380384,2,"{'cosmic_spike': False, 'fluorescence': True}"
RS_2550,[0.03205203 0.02787146 0.         ... 0.15277914 0.17890995 0.17265691],biological,[ 100  102  104 ... 3194 3196 3198],20.744030751152433,2,"{'cosmic_spike': False, 'fluorescence': False}"
RS_2551,[0.08397454 0.08340058 0.08338112 ... 0.09900437 0.09906526 0.09923684],biological,[ 100  102  104 ... 3194 3196 3198],70.87798890672299,2,"{'cosmic_spike': False, 'fluorescence': False}"
RS_2552,[0.11847008 0.12255678 0.12146844 ... 0.00602608 0.00061606 0.00586602],biological,[ 100  102  104 ... 3194 3196 3198],39.44235748310019,2,"{'cosmic_spike': False, 'fluorescence': False}"
RS_2553,[0.10466862 0.10349785 0.10514016 ... 0.05145865 0.04382172 0.04578684],biological,[ 100  102  104 ... 3194 3196 3198],37.36833136997601,2,"{'cosmic_spike': False, 'fluorescence': False}"
RS_2554,[0.26225128 0.26229392 0.26246331 ... 0.00121779 0.00064409 0.        ],biological,[ 100  102  104 ... 3194 3196 3198],73.23658362722001,2,"{'cosmic_spike': False, 'fluorescence': False}"
RS_2555,[0.         0.00068079 0.00180166 ... 0.3591211  0.35945277 0.35868976],biological,[ 100  102  104 ... 3194 3196 3198],64.55150858401453,2,"{'cosmic_spike': False, 'fluorescence': False}"
RS_2556,[0.06206842 0.06259521 0.06247483 ... 0.00069055 0.00050871 0.        ],biological,[ 100  102  104 ... 3194 3196 3198],75.87294975081986,2,"{'cosmic_spike': False, 'fluorescence': False}"
RS_2557,[0.         0.00071999 0.00175255 ... 0.02033166 0.01985475 0.01942219],biological,[ 100  102  104 ... 3194 3196 3198],66.93120211114974,2,"{'cosmic_spike': False, 'fluorescence': False}"
RS_2558,"[4.71827047e-01 4.71530878e-01 4.70728563e-01 ... 4.73736143e-04
 3.77253301e-04 1.16859709e-04]",biological,[ 100  102  104 ... 3194 3196 3198],64.0567216178334,2,"{'cosmic_spike': False, 'fluorescence': True}"
RS_2559,[0.07062892 0.07055312 0.0702569  ... 0.04036778 0.04038005 0.04065366],biological,[ 100  102  104 ... 3194 3196 3198],59.454256175908,2,"{'cosmic_spike': False, 'fluorescence': False}"
RS_2560,[0.         0.00017725 0.00034634 ... 0.15895174 0.15963015 0.15971889],biological,[ 100  102  104 ... 3194 3196 3198],66.97168513921287,2,"{'cosmic_spike': False, 'fluorescence': True}"
RS_2561,"[0.00000000e+00 3.17752442e-04 6.52963554e-04 ... 3.29596423e-01
 3.30184679e-01 3.29923620e-01]",biological,[ 100  102  104 ... 3194 3196 3198],57.347591688753354,2,"{'cosmic_spike': True, 'fluorescence': False}"
RS_2562,[0.         0.00073001 0.00109781 ... 0.19634293 0.19580685 0.19588528],biological,[ 100  102  104 ... 3194 3196 3198],47.631993751479364,2,"{'cosmic_spike': False, 'fluorescence': False}"
RS_2563,[0.25029614 0.10206307 0.28421174 ... 0.33776581 0.24144614 0.27637652],biological,[ 100  102  104 ... 3194 3196 3198],6.7737837305854045,2,"{'cosmic_spike': False, 'fluorescence': False}"
RS_2564,[0.         0.00048739 0.00057151 ... 0.08814994 0.08823401 0.08803013],biological,[ 100  102  104 ... 3194 3196 3198],64.7819642934648,2,"{'cosmic_spike': False, 'fluorescence': True}"
RS_2565,[0.42600733 0.50410679 0.48424925 ... 0.14250006 0.06986811 0.23492456],biological,[ 100  102  104 ... 3194 3196 3198],7.99390742597565,2,"{'cosmic_spike': True, 'fluorescence': False}"
RS_2566,[0.01162131 0.00630749 0.01677251 ... 0.08809139 0.0900396  0.08489732],biological,[ 100  102  104 ... 3194 3196 3198],26.263777845820947,2,"{'cosmic_spike': False, 'fluorescence': False}"
RS_2567,[0.06480457 0.06592278 0.06671964 ... 0.00023228 0.00093346 0.        ],biological,[ 100  102  104 ... 3194 3196 3198],50.12154649540226,2,"{'cosmic_spike': False, 'fluorescence': False}"
RS_2568,[0.30115098 0.17942562 0.25093701 ... 0.32618994 0.29678052 0.25930268],biological,[ 100  102  104 ... 3194 3196 3198],12.131766531385761,2,"{'cosmic_spike': False, 'fluorescence': False}"
RS_2569,[0.11432892 0.11421468 0.11440617 ... 0.02545853 0.02515946 0.02605901],biological,[ 100  102  104 ... 3194 3196 3198],66.7172086191184,2,"{'cosmic_spike': False, 'fluorescence': False}"
RS_2570,[0.09472167 0.08095259 0.10124489 ... 0.06943632 0.06171415 0.05524775],biological,[ 100  102  104 ... 3194 3196 3198],22.678875276573898,2,"{'cosmic_spike': False, 'fluorescence': True}"
RS_2571,[0.02138575 0.0052175  0.02196897 ... 0.43163006 0.4380351  0.44861391],biological,[ 100  102  104 ... 3194 3196 3198],27.444182165464806,2,"{'cosmic_spike': False, 'fluorescence': True}"
RS_2572,[0.06996329 0.07061557 0.07213393 ... 0.0009361  0.00527398 0.00230824],biological,[ 100  102  104 ... 3194 3196 3198],36.515534163220956,2,"{'cosmic_spike': False, 'fluorescence': False}"
RS_2573,[0.17194628 0.17308577 0.17438146 ... 0.         0.0055406  0.01123161],biological,[ 100  102  104 ... 3194 3196 3198],31.03168797308564,2,"{'cosmic_spike': False, 'fluorescence': True}"
RS_2574,[0.02817135 0.02812232 0.02805314 ... 0.28004991 0.28138115 0.28150806],biological,[ 100  102  104 ... 3194 3196 3198],69.27096927454376,2,"{'cosmic_spike': False, 'fluorescence': False}"
RS_2575,[0.05927922 0.04699704 0.02347066 ... 0.41012574 0.38559047 0.43919474],biological,[ 100  102  104 ... 3194 3196 3198],17.3286030565995,2,"{'cosmic_spike': False, 'fluorescence': True}"
RS_2576,[0.00070289 0.00054367 0.00064102 ... 0.12028753 0.12073373 0.12072743],biological,[ 100  102  104 ... 3194 3196 3198],67.95968512528177,2,"{'cosmic_spike': False, 'fluorescence': False}"
RS_2577,[0.00460763 0.00132711 0.00383354 ... 0.28725695 0.28583031 0.28796275],biological,[ 100  102  104 ... 3194 3196 3198],40.48383663650423,2,"{'cosmic_spike': False, 'fluorescence': False}"
RS_2578,[0.         0.00068856 0.00112115 ... 0.42173678 0.42119792 0.42144598],biological,[ 100  102  104 ... 3194 3196 3198],51.90710576274205,2,"{'cosmic_spike': False, 'fluorescence': False}"
RS_2579,[0.06520656 0.06467401 0.06527473 ... 0.00113169 0.00099755 0.0014204 ],biological,[ 100  102  104 ... 3194 3196 3198],40.28924888284687,2,"{'cosmic_spike': False, 'fluorescence': False}"
RS_2580,[0.11350524 0.11330159 0.11287594 ... 0.07620034 0.07655176 0.07732669],biological,[ 100  102  104 ... 3194 3196 3198],66.62140584495732,2,"{'cosmic_spike': False, 'fluorescence': False}"
RS_2581,[0.05557573 0.05493579 0.05516345 ... 0.33518426 0.33585227 0.33644594],biological,[ 100  102  104 ... 3194 3196 3198],53.589066856316165,2,"{'cosmic_spike': False, 'fluorescence': True}"
RS_2582,"[3.11312428e-01 3.12322653e-01 3.12222060e-01 ... 1.03767748e-03
 4.71724656e-05 1.28565798e-03]",biological,[ 100  102  104 ... 3194 3196 3198],48.294352143662934,2,"{'cosmic_spike': False, 'fluorescence': True}"
RS_2583,"[0.00000000e+00 5.20953693e-04 6.34774216e-05 ... 2.27504569e-01
 2.27636243e-01 2.27936046e-01]",biological,[ 100  102  104 ... 3194 3196 3198],54.026253100271695,2,"{'cosmic_spike': False, 'fluorescence': False}"
RS_2584,[0.03201589 0.03199618 0.03202322 ... 0.03437685 0.03497079 0.03471461],biological,[ 100  102  104 ... 3194 3196 3198],75.38273395161133,2,"{'cosmic_spike': False, 'fluorescence': False}"
RS_2585,[0.08082279 0.09824308 0.08186015 ... 0.05203929 0.04991889 0.05852316],biological,[ 100  102  104 ... 3194 3196 3198],25.91383999020817,2,"{'cosmic_spike': False, 'fluorescence': True}"
RS_2586,[0.19959675 0.16981655 0.20976118 ... 0.01622657 0.01859982 0.        ],biological,[ 100  102  104 ... 3194 3196 3198],24.479987337339324,2,"{'cosmic_spike': False, 'fluorescence': True}"
RS_2587,[0.05345723 0.05604189 0.05811815 ... 0.15433894 0.15840739 0.16170444],biological,[ 100  102  104 ... 3194 3196 3198],36.474708868033005,2,"{'cosmic_spike': False, 'fluorescence': False}"
RS_2588,[0.49572357 0.50310421 0.50846493 ... 0.08263698 0.08468625 0.0704053 ],biological,[ 100  102  104 ... 3194 3196 3198],15.663520035178282,2,"{'cosmic_spike': False, 'fluorescence': False}"
RS_2589,"[2.31096459e-01 2.31449111e-01 2.31584646e-01 ... 0.00000000e+00
 4.51135219e-05 1.63432255e-04]",biological,[ 100  102  104 ... 3194 3196 3198],66.2508794046189,2,"{'cosmic_spike': False, 'fluorescence': False}"
RS_2590,[0.17449981 0.17443311 0.17419664 ... 0.00147738 0.00131708 0.00155514],biological,[ 100  102  104 ... 3194 3196 3198],72.17199116887896,2,"{'cosmic_spike': False, 'fluorescence': True}"
RS_2591,[0.18831198 0.1917835  0.18859074 ... 0.         0.00192987 0.00164131],biological,[ 100  102  104 ... 3194 3196 3198],45.63334307075403,2,"{'cosmic_spike': False, 'fluorescence': False}"
RS_2592,[0.25956628 0.19200033 0.36331869 ... 0.2819258  0.24709257 0.22718842],biological,[ 100  102  104 ... 3194 3196 3198],6.600297667548234,2,"{'cosmic_spike': False, 'fluorescence': False}"
RS_2593,[0.         0.0002715  0.00090714 ... 0.02952576 0.02900412 0.02880194],biological,[ 100  102  104 ... 3194 3196 3198],56.32364058450637,2,"{'cosmic_spike': False, 'fluorescence': False}"
RS_2594,[0.18866187 0.30981632 0.26256471 ... 0.09032491 0.13112225 0.19862728],biological,[ 100  102  104 ... 3194 3196 3198],12.031724253314161,2,"{'cosmic_spike': False, 'fluorescence': False}"
RS_2595,[0.18606861 0.18609275 0.18605592 ... 0.00050578 0.00061291 0.        ],biological,[ 100  102  104 ... 3194 3196 3198],61.65106846009732,2,"{'cosmic_spike': False, 'fluorescence': False}"
RS_2596,[0.         0.00024047 0.00057399 ... 0.18418004 0.18494506 0.18448881],biological,[ 100  102  104 ... 3194 3196 3198],67.12205934737834,2,"{'cosmic_spike': False, 'fluorescence': True}"
RS_2597,[0.00996968 0.00066989 0.00064732 ... 0.19609232 0.19547306 0.20707995],biological,[ 100  102  104 ... 3194 3196 3198],29.24983532938917,2,"{'cosmic_spike': False, 'fluorescence': False}"
RS_2598,[0.14391031 0.14458673 0.14338816 ... 0.         0.00087429 0.00026419],biological,[ 100  102  104 ... 3194 3196 3198],46.08122869871302,2,"{'cosmic_spike': False, 'fluorescence': False}"
RS_2599,[0.27933732 0.27754497 0.27834157 ... 0.00350944 0.00416691 0.00426851],biological,[ 100  102  104 ... 3194 3196 3198],44.1012946168273,2,"{'cosmic_spike': False, 'fluorescence': True}"
RS_2600,[0.28741072 0.28763342 0.28759295 ... 0.0009992  0.00059477 0.        ],biological,[ 100  102  104 ... 3194 3196 3198],55.40654381858745,2,"{'cosmic_spike': False, 'fluorescence': True}"
RS_2601,[0.12890246 0.128926   0.12913613 ... 0.0052896  0.00573421 0.00584978],biological,[ 100  102  104 ... 3194 3196 3198],61.97977259774483,2,"{'cosmic_spike': False, 'fluorescence': False}"
RS_2602,[0.37028007 0.36962838 0.36905563 ... 0.00050384 0.0005307  0.        ],biological,[ 100  102  104 ... 3194 3196 3198],55.19111149651407,2,"{'cosmic_spike': True, 'fluorescence': False}"
RS_2603,[0.25365843 0.1297771  0.18036581 ... 0.14839261 0.15350497 0.15973507],biological,[ 100  102  104 ... 3194 3196 3198],19.314936149434054,2,"{'cosmic_spike': False, 'fluorescence': True}"
RS_2604,[0.07863849 0.07768029 0.07828815 ... 0.09142916 0.09219431 0.09327319],biological,[ 100  102  104 ... 3194 3196 3198],48.53754500448442,2,"{'cosmic_spike': False, 'fluorescence': False}"
RS_2605,"[9.86870831e-02 9.89145982e-02 9.88022391e-02 ... 1.91738247e-04
 8.80494394e-05 0.00000000e+00]",biological,[ 100  102  104 ... 3194 3196 3198],60.43766165832368,2,"{'cosmic_spike': False, 'fluorescence': False}"
RS_2606,[0.10049524 0.10060404 0.10104132 ... 0.00054112 0.00027102 0.        ],biological,[ 100  102  104 ... 3194 3196 3198],67.63814480172391,2,"{'cosmic_spike': False, 'fluorescence': False}"
RS_2607,[0.01020792 0.01014301 0.01001201 ... 0.01960671 0.01908891 0.01971758],biological,[ 100  102  104 ... 3194 3196 3198],57.81495741645597,2,"{'cosmic_spike': False, 'fluorescence': True}"
RS_2608,[0.         0.00036411 0.00140316 ... 0.20300046 0.20138161 0.2008326 ],biological,[ 100  102  104 ... 3194 3196 3198],52.218909088336645,2,"{'cosmic_spike': False, 'fluorescence': False}"
RS_2609,[0.02829112 0.02836281 0.02762628 ... 0.22640605 0.22619838 0.22694675],biological,[ 100  102  104 ... 3194 3196 3198],73.01723303858726,2,"{'cosmic_spike': False, 'fluorescence': False}"
RS_2610,[0.         0.00036212 0.00076725 ... 0.07642147 0.07624146 0.07633733],biological,[ 100  102  104 ... 3194 3196 3198],64.54303594836313,2,"{'cosmic_spike': False, 'fluorescence': False}"
RS_2611,[0.10132245 0.14711159 0.07018156 ... 0.01518453 0.         0.03954788],biological,[ 100  102  104 ... 3194 3196 3198],17.62813453139715,2,"{'cosmic_spike': False, 'fluorescence': True}"
RS_2612,[0.         0.00030442 0.00033753 ... 0.12053431 0.12045197 0.12030356],biological,[ 100  102  104 ... 3194 3196 3198],68.49914245459418,2,"{'cosmic_spike': False, 'fluorescence': False}"
RS_2613,[0.22317178 0.22437972 0.22322501 ... 0.         0.00215001 0.00295861],biological,[ 100  102  104 ... 3194 3196 3198],39.213773127460215,2,"{'cosmic_spike': False, 'fluorescence': True}"
RS_2614,[0.1925576  0.18152951 0.20745407 ... 0.15916568 0.13023337 0.09722597],biological,[ 100  102  104 ... 3194 3196 3198],20.16440742721465,2,"{'cosmic_spike': True, 'fluorescence': True}"
RS_2615,[0.04331558 0.0435215  0.04322161 ... 0.         0.00024334 0.00012456],biological,[ 100  102  104 ... 3194 3196 3198],49.71365860292339,2,"{'cosmic_spike': False, 'fluorescence': True}"
RS_2616,[0.00475256 0.00215791 0.00383819 ... 0.21069344 0.20805429 0.21088961],biological,[ 100  102  104 ... 3194 3196 3198],46.95278718099066,2,"{'cosmic_spike': False, 'fluorescence': False}"
RS_2617,[0.12885656 0.06472387 0.12453231 ... 0.33177402 0.377376   0.33514974],biological,[ 100  102  104 ... 3194 3196 3198],14.40066175254266,2,"{'cosmic_spike': False, 'fluorescence': False}"
RS_2618,[0.2332363  0.23266055 0.23377592 ... 0.         0.0014557  0.00032071],biological,[ 100  102  104 ... 3194 3196 3198],56.331400566399914,2,"{'cosmic_spike': False, 'fluorescence': True}"
RS_2619,[0.06475792 0.18498897 0.13756217 ... 0.11673361 0.13688279 0.1645214 ],biological,[ 100  102  104 ... 3194 3196 3198],11.9692795666568,2,"{'cosmic_spike': False, 'fluorescence': False}"
RS_2620,[0.05035979 0.05050229 0.05015139 ... 0.00021695 0.         0.00047631],biological,[ 100  102  104 ... 3194 3196 3198],51.92042925181306,2,"{'cosmic_spike': False, 'fluorescence': False}"
RS_2621,"[3.39249108e-03 3.46295156e-03 3.99624231e-04 ... 7.02380017e-01
 6.96968726e-01 6.97659605e-01]",biological,[ 100  102  104 ... 3194 3196 3198],42.520069451744455,2,"{'cosmic_spike': False, 'fluorescence': False}"
RS_2622,[0.2870147  0.29462672 0.28808753 ... 0.00168078 0.003759   0.00201919],biological,[ 100  102  104 ... 3194 3196 3198],37.81974310717629,2,"{'cosmic_spike': False, 'fluorescence': False}"
RS_2623,[0.0362462  0.0708794  0.06653686 ... 0.02810373 0.09965764 0.05056808],biological,[ 100  102  104 ... 3194 3196 3198],11.695955170584472,2,"{'cosmic_spike': False, 'fluorescence': False}"
RS_2624,[0.18418726 0.20190162 0.18617578 ... 0.01639419 0.00217417 0.00256251],biological,[ 100  102  104 ... 3194 3196 3198],22.664522171429258,2,"{'cosmic_spike': False, 'fluorescence': False}"
RS_2625,[0.05555829 0.10085654 0.         ... 0.16527038 0.22649915 0.20675781],biological,[ 100  102  104 ... 3194 3196 3198],7.458990047192436,2,"{'cosmic_spike': False, 'fluorescence': True}"
RS_2626,[0.13239055 0.1506821  0.0916838  ... 0.02953453 0.05206566 0.13361432],biological,[ 100  102  104 ... 3194 3196 3198],16.40999681965353,2,"{'cosmic_spike': False, 'fluorescence': False}"
RS_2627,[0.28259674 0.32722652 0.2306227  ... 0.22892885 0.26544223 0.22109806],biological,[ 100  102  104 ... 3194 3196 3198],8.811029184098134,2,"{'cosmic_spike': False, 'fluorescence': False}"
RS_2628,[0.13472798 0.13219812 0.13364987 ... 0.26095025 0.2624135  0.26274645],biological,[ 100  102  104 ... 3194 3196 3198],39.89654356227008,2,"{'cosmic_spike': False, 'fluorescence': True}"
RS_2629,[0.1764453  0.28515159 0.21757129 ... 0.12349023 0.11260319 0.13913279],biological,[ 100  102  104 ... 3194 3196 3198],7.5177007090118995,2,"{'cosmic_spike': False, 'fluorescence': False}"
RS_2630,[0.33133223 0.33246887 0.34272    ... 0.05118174 0.04268329 0.04009784],biological,[ 100  102  104 ... 3194 3196 3198],24.38791288861675,2,"{'cosmic_spike': False, 'fluorescence': False}"
RS_2631,[0.0016608  0.00152386 0.00063465 ... 0.05066483 0.05270955 0.05083079],biological,[ 100  102  104 ... 3194 3196 3198],51.17331133209001,2,"{'cosmic_spike': False, 'fluorescence': False}"
RS_2632,[0.26429404 0.26261864 0.26530323 ... 0.00222347 0.00196931 0.        ],biological,[ 100  102  104 ... 3194 3196 3198],46.97535241690205,2,"{'cosmic_spike': False, 'fluorescence': False}"
RS_2633,[0.11329113 0.11248585 0.11320163 ... 0.00208176 0.00119296 0.00127593],biological,[ 100  102  104 ... 3194 3196 3198],49.93110900725753,2,"{'cosmic_spike': False, 'fluorescence': False}"
RS_2634,[0.03612512 0.0347411  0.03524528 ... 0.14517045 0.14714931 0.1481076 ],biological,[ 100  102  104 ... 3194 3196 3198],48.623691762707985,2,"{'cosmic_spike': False, 'fluorescence': False}"
RS_2635,"[1.13775019e-01 1.14184190e-01 1.14277767e-01 ... 7.64882350e-04
 4.99723213e-05 0.00000000e+00]",biological,[ 100  102  104 ... 3194 3196 3198],60.9268479908041,2,"{'cosmic_spike': False, 'fluorescence': True}"
RS_2636,[0.00634534 0.01973949 0.02921314 ... 0.20852644 0.22197278 0.20380182],biological,[ 100  102  104 ... 3194 3196 3198],30.66777061682396,2,"{'cosmic_spike': False, 'fluorescence': False}"
RS_2637,[0.125145   0.10503708 0.11839608 ... 0.06733454 0.05234327 0.04315612],biological,[ 100  102  104 ... 3194 3196 3198],21.88923615176774,2,"{'cosmic_spike': False, 'fluorescence': False}"
RS_2638,[0.16759819 0.13350244 0.14135495 ... 0.1952787  0.21459805 0.14932229],biological,[ 100  102  104 ... 3194 3196 3198],14.668580796272847,2,"{'cosmic_spike': False, 'fluorescence': False}"
RS_2639,[0.17396097 0.17403932 0.17402284 ... 0.00149925 0.00129727 0.        ],biological,[ 100  102  104 ... 3194 3196 3198],49.06613437850422,2,"{'cosmic_spike': False, 'fluorescence': False}"
RS_2640,[0.00638491 0.00811754 0.00491661 ... 0.0506779  0.04906008 0.0541176 ],biological,[ 100  102  104 ... 3194 3196 3198],36.86666331285154,2,"{'cosmic_spike': False, 'fluorescence': False}"
RS_2641,[0.17694941 0.17648997 0.17566099 ... 0.24410986 0.24529697 0.24572926],biological,[ 100  102  104 ... 3194 3196 3198],75.6535316724209,2,"{'cosmic_spike': False, 'fluorescence': True}"
RS_2642,[0.42335471 0.29403047 0.1308664  ... 0.37978336 0.25536089 0.11221208],biological,[ 100  102  104 ... 3194 3196 3198],8.546194146403927,2,"{'cosmic_spike': False, 'fluorescence': False}"
RS_2643,[0.01250295 0.02654832 0.         ... 0.01710197 0.01143315 0.01957137],biological,[ 100  102  104 ... 3194 3196 3198],28.025514228455286,2,"{'cosmic_spike': False, 'fluorescence': False}"
RS_2644,[0.02525585 0.02547536 0.02539299 ... 0.0347635  0.0345141  0.03452358],biological,[ 100  102  104 ... 3194 3196 3198],69.89226762850605,2,"{'cosmic_spike': False, 'fluorescence': False}"
RS_2645,[0.23331091 0.22567055 0.24054864 ... 0.03596472 0.02940951 0.01946704],biological,[ 100  102  104 ... 3194 3196 3198],22.169804359524928,2,"{'cosmic_spike': True, 'fluorescence': False}"
RS_2646,[0.3259969  0.34498657 0.3408215  ... 0.01607225 0.02493123 0.01155225],biological,[ 100  102  104 ... 3194 3196 3198],26.420247280742082,2,"{'cosmic_spike': False, 'fluorescence': True}"
RS_2647,[0.18300997 0.1824277  0.18243615 ... 0.03440173 0.03460268 0.03475949],biological,[ 100  102  104 ... 3194 3196 3198],61.30783670386739,2,"{'cosmic_spike': False, 'fluorescence': False}"
RS_2648,[0.00669395 0.00664412 0.00685883 ... 0.2567872  0.25740268 0.25765411],biological,[ 100  102  104 ... 3194 3196 3198],69.88016620869432,2,"{'cosmic_spike': False, 'fluorescence': False}"
RS_2649,[0.10708923 0.10676921 0.10668561 ... 0.00021907 0.00047264 0.00015148],biological,[ 100  102  104 ... 3194 3196 3198],68.07600396179203,2,"{'cosmic_spike': False, 'fluorescence': True}"
RS_2650,[0.00070338 0.00075906 0.00094116 ... 0.04572521 0.04520751 0.04607567],biological,[ 100  102  104 ... 3194 3196 3198],61.59578869357074,2,"{'cosmic_spike': False, 'fluorescence': False}"
RS_2651,[0.         0.00039325 0.00180943 ... 0.1329285  0.1326641  0.13227718],biological,[ 100  102  104 ... 3194 3196 3198],65.33754248418666,2,"{'cosmic_spike': False, 'fluorescence': False}"
RS_2652,[0.20243693 0.17148705 0.2163987  ... 0.09417522 0.01888517 0.07805899],biological,[ 100  102  104 ... 3194 3196 3198],18.400391878340276,2,"{'cosmic_spike': False, 'fluorescence': True}"
RS_2653,[0.01061451 0.         0.01486258 ... 0.13080312 0.12747944 0.13153574],biological,[ 100  102  104 ... 3194 3196 3198],28.920037864361976,2,"{'cosmic_spike': False, 'fluorescence': True}"
RS_2654,[0.41473241 0.3788838  0.37156043 ... 0.2644804  0.25244809 0.27923321],biological,[ 100  102  104 ... 3194 3196 3198],26.285991071187663,2,"{'cosmic_spike': False, 'fluorescence': False}"
RS_2655,[0.02391527 0.24836161 0.13745234 ... 0.18423587 0.27462018 0.20213987],biological,[ 100  102  104 ... 3194 3196 3198],7.702991633390009,2,"{'cosmic_spike': False, 'fluorescence': False}"
RS_2656,[0.13219349 0.15181669 0.14175541 ... 0.00531977 0.         0.00615217],biological,[ 100  102  104 ... 3194 3196 3198],31.473739025920203,2,"{'cosmic_spike': False, 'fluorescence': False}"
RS_2657,[0.45883699 0.46109872 0.48853337 ... 0.20400744 0.16723041 0.17092582],biological,[ 100  102  104 ... 3194 3196 3198],17.288160206540383,2,"{'cosmic_spike': False, 'fluorescence': False}"
RS_2658,[0.17460976 0.17427498 0.17406597 ... 0.03069646 0.03162995 0.03093384],biological,[ 100  102  104 ... 3194 3196 3198],79.51605632618754,2,"{'cosmic_spike': False, 'fluorescence': False}"
RS_2659,[0.138104   0.13883813 0.1382655  ... 0.00056148 0.00087935 0.00021805],biological,[ 100  102  104 ... 3194 3196 3198],52.854677659368924,2,"{'cosmic_spike': False, 'fluorescence': False}"
RS_2660,[0.04385045 0.04431904 0.0452829  ... 0.00146255 0.00144069 0.        ],biological,[ 100  102  104 ... 3194 3196 3198],48.13985242174662,2,"{'cosmic_spike': False, 'fluorescence': False}"
RS_2661,[0.         0.00076679 0.00155985 ... 0.15551918 0.15476687 0.15420793],biological,[ 100  102  104 ... 3194 3196 3198],72.37270528926635,2,"{'cosmic_spike': False, 'fluorescence': False}"
RS_2662,[0.28855261 0.26172581 0.29245742 ... 0.36218469 0.43410563 0.36001254],biological,[ 100  102  104 ... 3194 3196 3198],10.387564082029431,2,"{'cosmic_spike': False, 'fluorescence': True}"
RS_2663,[0.05730556 0.08559667 0.06338308 ... 0.18996736 0.25361042 0.23289187],biological,[ 100  102  104 ... 3194 3196 3198],22.414226514781014,2,"{'cosmic_spike': False, 'fluorescence': True}"
RS_2664,[0.04782598 0.03246483 0.08698209 ... 0.42572511 0.34156904 0.43816344],biological,[ 100  102  104 ... 3194 3196 3198],13.657643347243113,2,"{'cosmic_spike': False, 'fluorescence': True}"
RS_2665,[0.22106922 0.26479634 0.24176633 ... 0.10001631 0.07063895 0.12023094],biological,[ 100  102  104 ... 3194 3196 3198],11.684202686274162,2,"{'cosmic_spike': False, 'fluorescence': False}"
RS_2666,[0.09409267 0.09376297 0.09313106 ... 0.28103835 0.28171043 0.2824887 ],biological,[ 100  102  104 ... 3194 3196 3198],60.048942338930964,2,"{'cosmic_spike': False, 'fluorescence': True}"
RS_2667,[0.0914288  0.09133149 0.09089672 ... 0.00747654 0.00739003 0.00792081],biological,[ 100  102  104 ... 3194 3196 3198],72.21945046638497,2,"{'cosmic_spike': False, 'fluorescence': False}"
RS_2668,[0.         0.00133885 0.00122449 ... 0.11456584 0.11440162 0.11415184],biological,[ 100  102  104 ... 3194 3196 3198],78.27993929501721,2,"{'cosmic_spike': False, 'fluorescence': False}"
RS_2669,[0.00651089 0.00682942 0.00665626 ... 0.13956968 0.14173115 0.14253198],biological,[ 100  102  104 ... 3194 3196 3198],52.60170764155894,2,"{'cosmic_spike': True, 'fluorescence': True}"
RS_2670,[0.11829704 0.11697159 0.09476585 ... 0.21445656 0.20992698 0.17952256],biological,[ 100  102  104 ... 3194 3196 3198],10.597387130750095,2,"{'cosmic_spike': False, 'fluorescence': True}"
RS_2671,"[3.66162091e-01 3.66013710e-01 3.65864022e-01 ... 4.49433558e-04
 3.47500690e-04 0.00000000e+00]",biological,[ 100  102  104 ... 3194 3196 3198],66.65523854764945,2,"{'cosmic_spike': False, 'fluorescence': True}"
RS_2672,"[2.54891745e-01 2.55105026e-01 2.54642242e-01 ... 0.00000000e+00
 6.64646235e-04 1.23824652e-04]",biological,[ 100  102  104 ... 3194 3196 3198],53.30234498051215,2,"{'cosmic_spike': False, 'fluorescence': False}"
RS_2673,[0.07210053 0.07195701 0.07150688 ... 0.0891274  0.08955909 0.08943368],biological,[ 100  102  104 ... 3194 3196 3198],72.55578366937903,2,"{'cosmic_spike': False, 'fluorescence': True}"
RS_2674,[0.         0.00016552 0.00057289 ... 0.11154735 0.11069932 0.11145388],biological,[ 100  102  104 ... 3194 3196 3198],77.09101864338692,2,"{'cosmic_spike': False, 'fluorescence': False}"
RS_2675,[0.00820247 0.00343915 0.         ... 0.10961644 0.10898707 0.11282978],biological,[ 100  102  104 ... 3194 3196 3198],33.29028075544123,2,"{'cosmic_spike': False, 'fluorescence': True}"
RS_2676,[0.01070503 0.00694743 0.01075398 ... 0.33417329 0.34438019 0.33723097],biological,[ 100  102  104 ... 3194 3196 3198],32.62312757338552,2,"{'cosmic_spike': False, 'fluorescence': False}"
RS_2677,[0.21093828 0.20877888 0.23597089 ... 0.         0.01968005 0.09714453],biological,[ 100  102  104 ... 3194 3196 3198],20.59925852945169,2,"{'cosmic_spike': False, 'fluorescence': False}"
RS_2678,"[0.00000000e+00 2.09660164e-04 3.64570383e-04 ... 3.47407078e-01
 3.47578317e-01 3.47922079e-01]",biological,[ 100  102  104 ... 3194 3196 3198],68.36209139844632,2,"{'cosmic_spike': False, 'fluorescence': False}"
RS_2679,[0.14737623 0.22305659 0.12867239 ... 0.04843082 0.02597318 0.02525901],biological,[ 100  102  104 ... 3194 3196 3198],17.585503582999195,2,"{'cosmic_spike': False, 'fluorescence': True}"
RS_2680,[0.16269325 0.16142919 0.16240358 ... 0.00265834 0.00215982 0.00369448],biological,[ 100  102  104 ... 3194 3196 3198],37.14803880685642,2,"{'cosmic_spike': False, 'fluorescence': False}"
RS_2681,[0.00063327 0.00188586 0.0003726  ... 0.26290738 0.26412296 0.26251728],biological,[ 100  102  104 ... 3194 3196 3198],44.38143173421512,2,"{'cosmic_spike': False, 'fluorescence': False}"
RS_2682,[0.         0.00125834 0.0006698  ... 0.08015291 0.08131691 0.0802503 ],biological,[ 100  102  104 ... 3194 3196 3198],53.056489465316936,2,"{'cosmic_spike': False, 'fluorescence': True}"
RS_2683,[0.01798189 0.00999618 0.         ... 0.06099952 0.04880603 0.05717209],biological,[ 100  102  104 ... 3194 3196 3198],23.901348236768285,2,"{'cosmic_spike': False, 'fluorescence': False}"
RS_2684,[0.00038515 0.00023426 0.00024351 ... 0.18753383 0.18818212 0.18852066],biological,[ 100  102  104 ... 3194 3196 3198],78.9513758798004,2,"{'cosmic_spike': False, 'fluorescence': False}"
RS_2685,[0.04452887 0.06001206 0.04692382 ... 0.07576886 0.06276252 0.02525906],biological,[ 100  102  104 ... 3194 3196 3198],16.30115190522516,2,"{'cosmic_spike': False, 'fluorescence': True}"
RS_2686,[0.         0.00027153 0.00049827 ... 0.10143269 0.10135923 0.10135189],biological,[ 100  102  104 ... 3194 3196 3198],69.24117728748163,2,"{'cosmic_spike': False, 'fluorescence': False}"
RS_2687,[0.04085489 0.02346457 0.0190397  ... 0.32587191 0.33219423 0.31966491],biological,[ 100  102  104 ... 3194 3196 3198],30.958753342196683,2,"{'cosmic_spike': False, 'fluorescence': False}"
RS_2688,[0.1029806  0.10738701 0.09982233 ... 0.00863213 0.01069245 0.01778644],biological,[ 100  102  104 ... 3194 3196 3198],26.932091482244477,2,"{'cosmic_spike': False, 'fluorescence': False}"
RS_2689,[0.23423991 0.2343398  0.23499663 ... 0.00237374 0.00188786 0.        ],biological,[ 100  102  104 ... 3194 3196 3198],48.72605894762577,2,"{'cosmic_spike': False, 'fluorescence': False}"
RS_2690,[0.03089157 0.03059524 0.03142966 ... 0.00015854 0.         0.00141038],biological,[ 100  102  104 ... 3194 3196 3198],47.15588742553495,2,"{'cosmic_spike': False, 'fluorescence': False}"
RS_2691,"[2.43236743e-01 2.43247801e-01 2.42773092e-01 ... 7.06945894e-04
 6.60069522e-05 0.00000000e+00]",biological,[ 100  102  104 ... 3194 3196 3198],78.23497833573086,2,"{'cosmic_spike': False, 'fluorescence': True}"
RS_2692,[0.15764433 0.1652516  0.16949446 ... 0.12622692 0.14400078 0.13664845],biological,[ 100  102  104 ... 3194 3196 3198],33.451918486165745,2,"{'cosmic_spike': False, 'fluorescence': False}"
RS_2693,[0.         0.00026955 0.00030846 ... 0.25401532 0.25289444 0.25360798],biological,[ 100  102  104 ... 3194 3196 3198],78.23316165991824,2,"{'cosmic_spike': False, 'fluorescence': False}"
RS_2694,[0.33119982 0.26600016 0.26652725 ... 0.06045537 0.10204729 0.1209714 ],biological,[ 100  102  104 ... 3194 3196 3198],14.953218684630244,2,"{'cosmic_spike': False, 'fluorescence': True}"
RS_2695,[0.11274741 0.11311489 0.11528108 ... 0.00095055 0.         0.00122899],biological,[ 100  102  104 ... 3194 3196 3198],43.18828753813343,2,"{'cosmic_spike': False, 'fluorescence': False}"
RS_2696,[0.07427541 0.08770216 0.05692375 ... 0.83413852 0.8177809  0.80399647],biological,[ 100  102  104 ... 3194 3196 3198],19.459268570961402,2,"{'cosmic_spike': False, 'fluorescence': False}"
RS_2697,[0.01677725 0.02591877 0.08577015 ... 0.34615614 0.41741976 0.35841208],biological,[ 100  102  104 ... 3194 3196 3198],16.719131112416267,2,"{'cosmic_spike': False, 'fluorescence': True}"
RS_2698,[0.33201821 0.34399137 0.29102379 ... 0.30120808 0.18116228 0.21915921],biological,[ 100  102  104 ... 3194 3196 3198],10.535151609632264,2,"{'cosmic_spike': False, 'fluorescence': False}"
RS_2699,[0.0987041  0.09778013 0.09878077 ... 0.00154347 0.         0.00028555],biological,[ 100  102  104 ... 3194 3196 3198],58.260871934607366,2,"{'cosmic_spike': False, 'fluorescence': False}"
RS_2700,[0.46964531 0.4744979  0.47742435 ... 0.24345277 0.23017281 0.23153354],material,[ 100  102  104 ... 3194 3196 3198],31.170898852437716,2,"{'cosmic_spike': False, 'fluorescence': False}"
RS_2701,[0.01945869 0.04566626 0.02822492 ... 0.64904281 0.62756173 0.64214763],material,[ 100  102  104 ... 3194 3196 3198],28.409675723650288,2,"{'cosmic_spike': False, 'fluorescence': False}"
RS_2702,[0.33521604 0.33649857 0.33917128 ... 0.00185376 0.         0.00176991],material,[ 100  102  104 ... 3194 3196 3198],112.27060470758283,2,"{'cosmic_spike': False, 'fluorescence': False}"
RS_2703,[0.05469186 0.03206401 0.02589603 ... 0.62617726 0.64288194 0.64923231],material,[ 100  102  104 ... 3194 3196 3198],25.86210016973714,2,"{'cosmic_spike': False, 'fluorescence': True}"
RS_2704,[0.99778585 0.99827558 1.         ... 0.         0.00498616 0.01269089],material,[ 100  102  104 ... 3194 3196 3198],43.618039122987284,2,"{'cosmic_spike': False, 'fluorescence': False}"
RS_2705,[0.         0.00192637 0.00557479 ... 0.76825297 0.76752701 0.76783373],material,[ 100  102  104 ... 3194 3196 3198],197.15852587734415,2,"{'cosmic_spike': False, 'fluorescence': True}"
RS_2706,"[5.96479969e-01 5.96682646e-01 5.98203995e-01 ... 2.39687216e-03
 5.69980479e-04 0.00000000e+00]",material,[ 100  102  104 ... 3194 3196 3198],98.27065315725595,2,"{'cosmic_spike': False, 'fluorescence': False}"
RS_2707,[0.13104536 0.13227617 0.13377175 ... 0.00214769 0.00043219 0.        ],material,[ 100  102  104 ... 3194 3196 3198],183.03955816273302,2,"{'cosmic_spike': False, 'fluorescence': False}"
RS_2708,[0.02251922 0.02137226 0.02246906 ... 0.99721599 0.9985548  1.        ],material,[ 100  102  104 ... 3194 3196 3198],167.85385161910526,2,"{'cosmic_spike': False, 'fluorescence': False}"
RS_2709,[0.90072788 0.8987223  0.89658268 ... 0.14670727 0.14716921 0.14944692],material,[ 100  102  104 ... 3194 3196 3198],158.06956119833376,2,"{'cosmic_spike': False, 'fluorescence': False}"
RS_2710,[0.         0.00288365 0.00586422 ... 0.43268315 0.42930092 0.43056235],material,[ 100  102  104 ... 3194 3196 3198],48.03872187437389,2,"{'cosmic_spike': False, 'fluorescence': False}"
RS_2711,[0.4237703  0.42414986 0.42230636 ... 0.95414214 0.95452758 0.95878348],material,[ 100  102  104 ... 3194 3196 3198],158.59205602569105,2,"{'cosmic_spike': False, 'fluorescence': True}"
RS_2712,[0.0385443  0.04657352 0.05414812 ... 0.94785003 0.9490219  0.94829142],material,[ 100  102  104 ... 3194 3196 3198],160.2653384050159,2,"{'cosmic_spike': False, 'fluorescence': False}"
RS_2713,[1.         0.99984558 0.99431804 ... 0.25592457 0.25761823 0.25732201],material,[ 100  102  104 ... 3194 3196 3198],182.70958511702577,2,"{'cosmic_spike': False, 'fluorescence': False}"
RS_2714,"[4.54006598e-04 4.79491516e-04 1.22519285e-03 ... 9.96751638e-01
 9.98197146e-01 1.00000000e+00]",material,[ 100  102  104 ... 3194 3196 3198],183.46790478448887,2,"{'cosmic_spike': False, 'fluorescence': False}"
RS_2715,[0.18767465 0.18668263 0.19128685 ... 0.0025123  0.00153817 0.0063945 ],material,[ 100  102  104 ... 3194 3196 3198],168.22068183987994,2,"{'cosmic_spike': False, 'fluorescence': False}"
RS_2716,[0.         0.00172714 0.00311614 ... 0.57047543 0.56839398 0.56927403],material,[ 100  102  104 ... 3194 3196 3198],187.11928570578948,2,"{'cosmic_spike': False, 'fluorescence': False}"
RS_2717,[0.         0.0036028  0.00540075 ... 0.28978506 0.2923634  0.28968525],material,[ 100  102  104 ... 3194 3196 3198],89.95175402560291,2,"{'cosmic_spike': False, 'fluorescence': True}"
RS_2718,"[0.00000000e+00 5.17071483e-04 9.72497404e-04 ... 7.84032224e-01
 7.85600588e-01 7.86949154e-01]",material,[ 100  102  104 ... 3194 3196 3198],174.45800900803107,2,"{'cosmic_spike': False, 'fluorescence': False}"
RS_2719,[0.62397814 0.62244569 0.6196956  ... 0.01021899 0.00997886 0.        ],material,[ 100  102  104 ... 3194 3196 3198],37.284467208061585,2,"{'cosmic_spike': False, 'fluorescence': False}"
RS_2720,[0.13181475 0.1311678  0.13032696 ... 0.66777648 0.66835234 0.66884472],material,[ 100  102  104 ... 3194 3196 3198],95.05974536228958,2,"{'cosmic_spike': False, 'fluorescence': False}"
RS_2721,[0.44442964 0.44414666 0.44752715 ... 0.00308735 0.00118723 0.        ],material,[ 100  102  104 ... 3194 3196 3198],61.43868757096139,2,"{'cosmic_spike': False, 'fluorescence': False}"
RS_2722,[0.0043841  0.01157941 0.00078372 ... 0.49575669 0.4897173  0.49787243],material,[ 100  102  104 ... 3194 3196 3198],35.77741056726469,2,"{'cosmic_spike': False, 'fluorescence': True}"
RS_2723,[0.02144587 0.02126066 0.02122064 ... 0.07448374 0.07458466 0.07477096],material,[ 100  102  104 ... 3194 3196 3198],112.15668126243952,2,"{'cosmic_spike': False, 'fluorescence': False}"
RS_2724,[0.94258732 0.93500341 0.93000007 ... 0.01956708 0.02659383 0.02660567],material,[ 100  102  104 ... 3194 3196 3198],43.450814998612245,2,"{'cosmic_spike': False, 'fluorescence': True}"
RS_2725,[0.44041764 0.44283603 0.44202273 ... 0.00304086 0.         0.00184945],material,[ 100  102  104 ... 3194 3196 3198],102.65356639982058,2,"{'cosmic_spike': False, 'fluorescence': False}"
RS_2726,[0.         0.00595426 0.00508518 ... 0.4023886  0.40265188 0.40338783],material,[ 100  102  104 ... 3194 3196 3198],180.59671671202818,2,"{'cosmic_spike': False, 'fluorescence': False}"
RS_2727,[0.25224988 0.25853854 0.25807443 ... 0.00701136 0.00097326 0.        ],material,[ 100  102  104 ... 3194 3196 3198],171.79362968693897,2,"{'cosmic_spike': False, 'fluorescence': False}"
RS_2728,[0.0125414  0.0313621  0.03049305 ... 0.56505003 0.57916026 0.5592857 ],material,[ 100  102  104 ... 3194 3196 3198],22.584848614437764,2,"{'cosmic_spike': False, 'fluorescence': False}"
RS_2729,"[5.93936418e-01 5.94226338e-01 5.96162379e-01 ... 3.56218666e-04
 2.08022580e-03 0.00000000e+00]",material,[ 100  102  104 ... 3194 3196 3198],48.25838354578932,2,"{'cosmic_spike': False, 'fluorescence': False}"
RS_2730,[0.         0.0014988  0.00230669 ... 0.94075085 0.94121831 0.94147609],material,[ 100  102  104 ... 3194 3196 3198],63.478713979447306,2,"{'cosmic_spike': False, 'fluorescence': False}"
RS_2731,[0.0125578  0.01459994 0.01435962 ... 0.99643672 0.99879654 1.        ],material,[ 100  102  104 ... 3194 3196 3198],98.20407357036474,2,"{'cosmic_spike': False, 'fluorescence': True}"
RS_2732,[0.10869815 0.10959986 0.11016007 ... 0.99490311 0.99872864 1.        ],material,[ 100  102  104 ... 3194 3196 3198],62.33911176230976,2,"{'cosmic_spike': False, 'fluorescence': False}"
RS_2733,[0.11731331 0.11690364 0.11728038 ... 0.99369664 0.99659382 1.        ],material,[ 100  102  104 ... 3194 3196 3198],72.31408108726413,2,"{'cosmic_spike': False, 'fluorescence': False}"
RS_2734,[1.         0.99808566 0.99381297 ... 0.0719087  0.0734217  0.0730859 ],material,[ 100  102  104 ... 3194 3196 3198],59.59850933351357,2,"{'cosmic_spike': False, 'fluorescence': False}"
RS_2735,[0.31282541 0.31177728 0.30899311 ... 0.99603843 0.99808043 1.        ],material,[ 100  102  104 ... 3194 3196 3198],152.4360639610074,2,"{'cosmic_spike': False, 'fluorescence': False}"
RS_2736,[0.58453033 0.58108019 0.58119779 ... 0.50817056 0.50969707 0.51419071],material,[ 100  102  104 ... 3194 3196 3198],79.5351522869847,2,"{'cosmic_spike': False, 'fluorescence': False}"
RS_2737,[0.95847497 0.95438183 0.95411893 ... 0.01876918 0.01621998 0.01763233],material,[ 100  102  104 ... 3194 3196 3198],97.9400795870485,2,"{'cosmic_spike': False, 'fluorescence': True}"
RS_2738,"[1.00000000e+00 9.98138839e-01 9.96546531e-01 ... 4.92418047e-05
 5.59693615e-04 6.30326370e-04]",material,[ 100  102  104 ... 3194 3196 3198],175.14691181255648,2,"{'cosmic_spike': True, 'fluorescence': False}"
RS_2739,[0.         0.00452924 0.00955631 ... 0.66923604 0.66876953 0.66890243],material,[ 100  102  104 ... 3194 3196 3198],100.2820223499444,2,"{'cosmic_spike': False, 'fluorescence': False}"
RS_2740,[0.64380988 0.64952892 0.64872219 ... 0.00833182 0.         0.00149004],material,[ 100  102  104 ... 3194 3196 3198],44.22648038343155,2,"{'cosmic_spike': False, 'fluorescence': False}"
RS_2741,[0.60758301 0.60818949 0.60808218 ... 0.00617199 0.00328065 0.        ],material,[ 100  102  104 ... 3194 3196 3198],172.35394614146094,2,"{'cosmic_spike': False, 'fluorescence': False}"
RS_2742,[0.         0.00081487 0.00377954 ... 0.70727382 0.70740369 0.70684682],material,[ 100  102  104 ... 3194 3196 3198],135.45949807894033,2,"{'cosmic_spike': False, 'fluorescence': False}"
RS_2743,[0.         0.00113557 0.00168852 ... 0.99676571 0.99716455 1.        ],material,[ 100  102  104 ... 3194 3196 3198],167.18466080720106,2,"{'cosmic_spike': False, 'fluorescence': False}"
RS_2744,[0.6220676  0.62688418 0.6270635  ... 0.00836318 0.0023694  0.        ],material,[ 100  102  104 ... 3194 3196 3198],42.87467223529241,2,"{'cosmic_spike': False, 'fluorescence': True}"
RS_2745,[0.00123985 0.0010255  0.         ... 0.93627435 0.93661856 0.93682266],material,[ 100  102  104 ... 3194 3196 3198],118.76118562598761,2,"{'cosmic_spike': False, 'fluorescence': False}"
RS_2746,"[2.38596489e-03 0.00000000e+00 4.57914607e-04 ... 5.13909013e-01
 5.12055576e-01 5.11591220e-01]",material,[ 100  102  104 ... 3194 3196 3198],148.06399867841682,2,"{'cosmic_spike': True, 'fluorescence': False}"
RS_2747,[0.59727123 0.59667032 0.59417133 ... 0.89514827 0.89724304 0.89859709],material,[ 100  102  104 ... 3194 3196 3198],145.46580158155092,2,"{'cosmic_spike': False, 'fluorescence': False}"
RS_2748,[0.16649758 0.16627012 0.16572387 ... 0.99626346 0.9979916  1.        ],material,[ 100  102  104 ... 3194 3196 3198],68.36526287608012,2,"{'cosmic_spike': False, 'fluorescence': True}"
RS_2749,"[0.00000000e+00 8.25837490e-04 3.41965802e-03 ... 8.70458667e-01
 8.70064383e-01 8.70772597e-01]",material,[ 100  102  104 ... 3194 3196 3198],196.46464568406583,2,"{'cosmic_spike': False, 'fluorescence': True}"
RS_2750,[1.         0.99664287 0.99505072 ... 0.00337049 0.00438809 0.00192293],material,[ 100  102  104 ... 3194 3196 3198],94.72692620019961,2,"{'cosmic_spike': False, 'fluorescence': False}"
RS_2751,[0.63352675 0.64300863 0.67803466 ... 0.14205458 0.14448063 0.12685417],material,[ 100  102  104 ... 3194 3196 3198],27.94736204275818,2,"{'cosmic_spike': False, 'fluorescence': True}"
RS_2752,[0.425691   0.42319803 0.42479207 ... 0.00101783 0.0006928  0.00239817],material,[ 100  102  104 ... 3194 3196 3198],178.00033970362762,2,"{'cosmic_spike': False, 'fluorescence': False}"
RS_2753,[0.11517142 0.11750642 0.11761454 ... 0.00273956 0.0009526  0.        ],material,[ 100  102  104 ... 3194 3196 3198],131.00915367453126,2,"{'cosmic_spike': False, 'fluorescence': False}"
RS_2754,[0.6051972  0.61095613 0.61754379 ... 0.45615437 0.45721046 0.45619208],material,[ 100  102  104 ... 3194 3196 3198],162.41823653913494,2,"{'cosmic_spike': False, 'fluorescence': True}"
RS_2755,[0.12085614 0.12316265 0.12586498 ... 0.00644561 0.00167259 0.        ],material,[ 100  102  104 ... 3194 3196 3198],169.42968413058037,2,"{'cosmic_spike': False, 'fluorescence': False}"
RS_2756,[0.52365626 0.52401748 0.5243347  ... 0.00265506 0.00089822 0.        ],material,[ 100  102  104 ... 3194 3196 3198],121.58037879150235,2,"{'cosmic_spike': False, 'fluorescence': False}"
RS_2757,[0.90398368 0.90383602 0.90397149 ... 0.00189172 0.00122695 0.        ],material,[ 100  102  104 ... 3194 3196 3198],141.3063074322099,2,"{'cosmic_spike': False, 'fluorescence': True}"
RS_2758,[0.04147038 0.0416451  0.04152871 ... 0.00030618 0.00019919 0.        ],material,[ 100  102  104 ... 3194 3196 3198],84.13677687556768,2,"{'cosmic_spike': False, 'fluorescence': False}"
RS_2759,[0.30912609 0.30996676 0.31103221 ... 0.84153235 0.84310665 0.8446682 ],material,[ 100  102  104 ... 3194 3196 3198],141.60779711647413,2,"{'cosmic_spike': False, 'fluorescence': False}"
RS_2760,[0.50846473 0.50750954 0.50457944 ... 0.99809746 0.99925428 1.        ],material,[ 100  102  104 ... 3194 3196 3198],74.59921116196583,2,"{'cosmic_spike': False, 'fluorescence': False}"
RS_2761,[0.05399921 0.05924494 0.06365594 ... 0.69375518 0.69580917 0.6955327 ],material,[ 100  102  104 ... 3194 3196 3198],171.17893040676717,2,"{'cosmic_spike': False, 'fluorescence': False}"
RS_2762,[0.26308462 0.26206407 0.26022733 ... 0.9944278  0.99292933 1.        ],material,[ 100  102  104 ... 3194 3196 3198],88.10214679200945,2,"{'cosmic_spike': False, 'fluorescence': False}"
RS_2763,[0.98185985 0.98426622 0.990949   ... 0.68322244 0.68535978 0.68674463],material,[ 100  102  104 ... 3194 3196 3198],130.76840826695988,2,"{'cosmic_spike': False, 'fluorescence': True}"
RS_2764,"[9.90747283e-01 9.93089985e-01 9.94728302e-01 ... 1.52757790e-03
 7.42560844e-04 0.00000000e+00]",material,[ 100  102  104 ... 3194 3196 3198],145.11034769360782,2,"{'cosmic_spike': False, 'fluorescence': False}"
RS_2765,[0.25274654 0.26026477 0.26467127 ... 0.69750066 0.69651318 0.69506867],material,[ 100  102  104 ... 3194 3196 3198],126.34858376886181,2,"{'cosmic_spike': False, 'fluorescence': False}"
RS_2766,[0.6168679  0.61631306 0.61446575 ... 0.7978081  0.79897047 0.80309486],material,[ 100  102  104 ... 3194 3196 3198],140.9273082649749,2,"{'cosmic_spike': False, 'fluorescence': True}"
RS_2767,[0.68043889 0.67629636 0.66365972 ... 0.76041329 0.75951058 0.77295417],material,[ 100  102  104 ... 3194 3196 3198],39.97986022443935,2,"{'cosmic_spike': False, 'fluorescence': False}"
RS_2768,[0.16880284 0.16856678 0.16805872 ... 0.04435439 0.04421496 0.04481268],material,[ 100  102  104 ... 3194 3196 3198],178.39388534813537,2,"{'cosmic_spike': False, 'fluorescence': False}"
RS_2769,[0.45925196 0.4587486  0.4564491  ... 0.99503991 0.99680336 1.        ],material,[ 100  102  104 ... 3194 3196 3198],166.9470513653412,2,"{'cosmic_spike': False, 'fluorescence': False}"
RS_2770,[0.02047111 0.02020428 0.02015539 ... 0.11662859 0.11681552 0.11689611],material,[ 100  102  104 ... 3194 3196 3198],141.18281917318552,2,"{'cosmic_spike': False, 'fluorescence': False}"
RS_2771,[0.         0.00224444 0.00575321 ... 0.45280317 0.4527772  0.45204543],material,[ 100  102  104 ... 3194 3196 3198],74.49653544005481,2,"{'cosmic_spike': False, 'fluorescence': True}"
RS_2772,"[8.65551972e-01 8.66469683e-01 8.65891576e-01 ... 2.31071663e-03
 0.00000000e+00 5.00296089e-05]",material,[ 100  102  104 ... 3194 3196 3198],143.36454724525962,2,"{'cosmic_spike': False, 'fluorescence': False}"
RS_2773,[0.47292735 0.50455388 0.53699983 ... 0.75867367 0.75846814 0.75852874],material,[ 100  102  104 ... 3194 3196 3198],72.50464382307581,2,"{'cosmic_spike': False, 'fluorescence': False}"
RS_2774,"[8.83114675e-01 8.85066256e-01 8.86585312e-01 ... 7.91811458e-04
 6.93515341e-04 0.00000000e+00]",material,[ 100  102  104 ... 3194 3196 3198],54.45876269338303,2,"{'cosmic_spike': False, 'fluorescence': True}"
RS_2775,[0.24739845 0.24617706 0.24595346 ... 0.87587297 0.88058125 0.88078503],material,[ 100  102  104 ... 3194 3196 3198],132.27049376587732,2,"{'cosmic_spike': False, 'fluorescence': True}"
RS_2776,[0.         0.00078021 0.00445543 ... 0.70610527 0.7062061  0.70584278],material,[ 100  102  104 ... 3194 3196 3198],130.70099243037032,2,"{'cosmic_spike': False, 'fluorescence': False}"
RS_2777,"[1.37489856e-03 2.72543795e-04 0.00000000e+00 ... 5.99602524e-01
 5.97953310e-01 5.98153908e-01]",material,[ 100  102  104 ... 3194 3196 3198],77.22874441969468,2,"{'cosmic_spike': False, 'fluorescence': False}"
RS_2778,[0.00063886 0.00491829 0.00436419 ... 0.58895295 0.59300955 0.58862996],material,[ 100  102  104 ... 3194 3196 3198],48.931030112735414,2,"{'cosmic_spike': False, 'fluorescence': False}"
RS_2779,[0.84402451 0.84268337 0.84273243 ... 0.29772999 0.29521199 0.29565686],material,[ 100  102  104 ... 3194 3196 3198],145.9879037151611,2,"{'cosmic_spike': False, 'fluorescence': False}"
RS_2780,"[9.40735391e-01 9.40573813e-01 9.39742635e-01 ... 1.77624913e-03
 7.39417380e-04 0.00000000e+00]",material,[ 100  102  104 ... 3194 3196 3198],127.3195804521962,2,"{'cosmic_spike': False, 'fluorescence': True}"
RS_2781,[0.87341384 0.87413096 0.87300646 ... 0.01771975 0.01781591 0.01791444],material,[ 100  102  104 ... 3194 3196 3198],91.26221027561584,2,"{'cosmic_spike': False, 'fluorescence': False}"
RS_2782,[0.59910739 0.60226692 0.60812739 ... 0.73431255 0.9319472  0.80263411],material,[ 100  102  104 ... 3194 3196 3198],22.193970947811408,2,"{'cosmic_spike': False, 'fluorescence': True}"
RS_2783,[0.81508229 0.81419116 0.81522042 ... 0.00590549 0.00288284 0.        ],material,[ 100  102  104 ... 3194 3196 3198],111.32288708350671,2,"{'cosmic_spike': False, 'fluorescence': False}"
RS_2784,"[8.67082236e-01 8.65884413e-01 8.66044665e-01 ... 1.84443324e-03
 0.00000000e+00 5.54688590e-04]",material,[ 100  102  104 ... 3194 3196 3198],150.39552778407113,2,"{'cosmic_spike': False, 'fluorescence': True}"
RS_2785,[0.70130896 0.71225618 0.72244124 ... 0.00373755 0.00214627 0.        ],material,[ 100  102  104 ... 3194 3196 3198],188.78167840996434,2,"{'cosmic_spike': False, 'fluorescence': False}"
RS_2786,[0.42932104 0.43529281 0.4315768  ... 0.00218504 0.00087934 0.        ],material,[ 100  102  104 ... 3194 3196 3198],49.96500364916008,2,"{'cosmic_spike': False, 'fluorescence': True}"
RS_2787,[0.38845275 0.38764117 0.38585993 ... 0.99619576 0.99940226 1.        ],material,[ 100  102  104 ... 3194 3196 3198],148.90611300364895,2,"{'cosmic_spike': False, 'fluorescence': True}"
RS_2788,[0.         0.00128606 0.00430859 ... 0.17982516 0.1775494  0.17648398],material,[ 100  102  104 ... 3194 3196 3198],150.06779972686408,2,"{'cosmic_spike': False, 'fluorescence': True}"
RS_2789,"[0.00000000e+00 1.10560559e-04 1.91091698e-03 ... 8.94161398e-01
 8.93668867e-01 8.94602638e-01]",material,[ 100  102  104 ... 3194 3196 3198],191.3735471173854,2,"{'cosmic_spike': False, 'fluorescence': False}"
RS_2790,[0.00128535 0.00245839 0.00146312 ... 0.96167464 0.96650476 0.96575752],material,[ 100  102  104 ... 3194 3196 3198],190.12828324395267,2,"{'cosmic_spike': False, 'fluorescence': False}"
RS_2791,"[6.11405087e-04 0.00000000e+00 1.27157251e-03 ... 8.12448831e-01
 8.11384416e-01 8.10234438e-01]",material,[ 100  102  104 ... 3194 3196 3198],181.21847590326215,2,"{'cosmic_spike': False, 'fluorescence': True}"
RS_2792,[0.60665851 0.60570562 0.60632796 ... 0.78934194 0.78843556 0.79187388],material,[ 100  102  104 ... 3194 3196 3198],45.37781309852491,2,"{'cosmic_spike': False, 'fluorescence': False}"
RS_2793,"[3.85313560e-04 0.00000000e+00 1.47561432e-04 ... 8.95542508e-01
 8.96490464e-01 8.99114030e-01]",material,[ 100  102  104 ... 3194 3196 3198],171.19591185071766,2,"{'cosmic_spike': True, 'fluorescence': False}"
RS_2794,[0.         0.00167981 0.00125211 ... 0.99790412 0.99838907 1.        ],material,[ 100  102  104 ... 3194 3196 3198],174.64063747894755,2,"{'cosmic_spike': False, 'fluorescence': True}"
RS_2795,[0.17098682 0.1669103  0.16721826 ... 0.59754469 0.5979824  0.60063251],material,[ 100  102  104 ... 3194 3196 3198],198.06041254402314,2,"{'cosmic_spike': False, 'fluorescence': False}"
RS_2796,[0.90733587 0.90524048 0.90486115 ... 0.04881622 0.04772993 0.04707354],material,[ 100  102  104 ... 3194 3196 3198],198.25663289156168,2,"{'cosmic_spike': False, 'fluorescence': False}"
RS_2797,[0.32163129 0.31872956 0.31660306 ... 0.99437849 0.99571892 1.        ],material,[ 100  102  104 ... 3194 3196 3198],70.594830013827,2,"{'cosmic_spike': False, 'fluorescence': False}"
RS_2798,"[0.00000000e+00 1.81171789e-03 7.57003884e-04 ... 8.96926032e-01
 8.95707665e-01 8.97590466e-01]",material,[ 100  102  104 ... 3194 3196 3198],176.52500381470966,2,"{'cosmic_spike': False, 'fluorescence': False}"
RS_2799,[0.31123558 0.31224774 0.31239475 ... 0.86007476 0.85989254 0.86246846],material,[ 100  102  104 ... 3194 3196 3198],170.89890637998752,2,"{'cosmic_spike': False, 'fluorescence': True}"
RS_2800,[0.         0.00165893 0.00268339 ... 0.74048531 0.74070397 0.7387247 ],material,[ 100  102  104 ... 3194 3196 3198],132.3388747686053,2,"{'cosmic_spike': False, 'fluorescence': True}"
RS_2801,[0.         0.00174376 0.00266019 ... 0.52608097 0.52245478 0.52367147],material,[ 100  102  104 ... 3194 3196 3198],189.07595553044544,2,"{'cosmic_spike': False, 'fluorescence': False}"
RS_2802,"[0.00000000e+00 1.60006396e-03 4.66840726e-04 ... 9.97379723e-01
 9.98078351e-01 1.00000000e+00]",material,[ 100  102  104 ... 3194 3196 3198],169.44938590478316,2,"{'cosmic_spike': False, 'fluorescence': False}"
RS_2803,"[9.41138470e-04 0.00000000e+00 2.01956161e-03 ... 9.97613886e-01
 9.98332768e-01 1.00000000e+00]",material,[ 100  102  104 ... 3194 3196 3198],60.78642082928761,2,"{'cosmic_spike': False, 'fluorescence': False}"
RS_2804,[0.45873478 0.45963359 0.46312965 ... 0.00486685 0.0035853  0.        ],material,[ 100  102  104 ... 3194 3196 3198],61.328864739053905,2,"{'cosmic_spike': False, 'fluorescence': True}"
RS_2805,[0.7691547  0.77570768 0.78142061 ... 0.00188424 0.00192765 0.        ],material,[ 100  102  104 ... 3194 3196 3198],149.89472009595715,2,"{'cosmic_spike': False, 'fluorescence': True}"
RS_2806,"[0.00000000e+00 6.60053106e-04 2.02641374e-03 ... 9.97387379e-01
 9.98303566e-01 1.00000000e+00]",material,[ 100  102  104 ... 3194 3196 3198],76.09548602212004,2,"{'cosmic_spike': False, 'fluorescence': False}"
RS_2807,[0.99685575 0.99312168 1.         ... 0.01057001 0.01986976 0.00918258],material,[ 100  102  104 ... 3194 3196 3198],44.268964931630165,2,"{'cosmic_spike': False, 'fluorescence': True}"
RS_2808,[0.00016568 0.00033939 0.         ... 0.07771436 0.07749803 0.07740311],material,[ 100  102  104 ... 3194 3196 3198],107.49367679373887,2,"{'cosmic_spike': False, 'fluorescence': False}"
RS_2809,[0.00153822 0.00082879 0.00052051 ... 0.24681037 0.24607719 0.24851353],material,[ 100  102  104 ... 3194 3196 3198],121.86345132056492,2,"{'cosmic_spike': False, 'fluorescence': False}"
RS_2810,[0.79952269 0.79944464 0.79713746 ... 0.47325763 0.47518928 0.47700292],material,[ 100  102  104 ... 3194 3196 3198],124.3633893237624,2,"{'cosmic_spike': False, 'fluorescence': False}"
RS_2811,[0.04700739 0.05489207 0.06203048 ... 0.99746407 0.99825165 0.99952527],material,[ 100  102  104 ... 3194 3196 3198],51.03487615588156,2,"{'cosmic_spike': False, 'fluorescence': False}"
RS_2812,[1.         0.9957054  0.99574344 ... 0.14208639 0.13917335 0.14084504],material,[ 100  102  104 ... 3194 3196 3198],42.82112727370568,2,"{'cosmic_spike': False, 'fluorescence': True}"
RS_2813,[0.         0.00163197 0.0023384  ... 0.99874192 1.         0.99953738],material,[ 100  102  104 ... 3194 3196 3198],133.49408064706012,2,"{'cosmic_spike': False, 'fluorescence': False}"
RS_2814,[0.94239106 0.94393629 0.94230395 ... 0.00401132 0.00249005 0.        ],material,[ 100  102  104 ... 3194 3196 3198],82.20944081079332,2,"{'cosmic_spike': False, 'fluorescence': False}"
RS_2815,[0.         0.0044919  0.00947551 ... 0.10289722 0.101684   0.09975325],material,[ 100  102  104 ... 3194 3196 3198],57.57639223926112,2,"{'cosmic_spike': False, 'fluorescence': False}"
RS_2816,[0.18487836 0.18938753 0.18909358 ... 0.00254927 0.00151096 0.        ],material,[ 100  102  104 ... 3194 3196 3198],65.28413661310795,2,"{'cosmic_spike': False, 'fluorescence': False}"
RS_2817,[0.002469   0.00054496 0.00223245 ... 0.49498914 0.49646479 0.49373735],material,[ 100  102  104 ... 3194 3196 3198],99.23030313236175,2,"{'cosmic_spike': False, 'fluorescence': False}"
RS_2818,[0.57202843 0.57249406 0.56903116 ... 0.99464849 0.99462656 1.        ],material,[ 100  102  104 ... 3194 3196 3198],59.62903113305038,2,"{'cosmic_spike': False, 'fluorescence': False}"
RS_2819,[0.29426712 0.29303313 0.29245321 ... 0.99474507 0.99627157 1.        ],material,[ 100  102  104 ... 3194 3196 3198],190.51972649018177,2,"{'cosmic_spike': False, 'fluorescence': False}"
RS_2820,"[3.05215244e-04 4.57371181e-04 0.00000000e+00 ... 4.12021835e-01
 4.08623121e-01 4.12872445e-01]",material,[ 100  102  104 ... 3194 3196 3198],101.34815395708448,2,"{'cosmic_spike': False, 'fluorescence': False}"
RS_2821,[0.         0.00167463 0.00087202 ... 0.73051625 0.72823251 0.73094468],material,[ 100  102  104 ... 3194 3196 3198],47.470881029402676,2,"{'cosmic_spike': False, 'fluorescence': True}"
RS_2822,[0.         0.00354081 0.00526403 ... 0.11365208 0.11117369 0.10954528],material,[ 100  102  104 ... 3194 3196 3198],141.4698170256306,2,"{'cosmic_spike': False, 'fluorescence': False}"
RS_2823,"[0.00000000e+00 6.97546474e-04 5.18478472e-04 ... 9.97255675e-01
 9.98936980e-01 1.00000000e+00]",material,[ 100  102  104 ... 3194 3196 3198],152.27699431523732,2,"{'cosmic_spike': False, 'fluorescence': False}"
RS_2824,[0.12462492 0.12420772 0.12433877 ... 0.00272327 0.00280063 0.00285721],material,[ 100  102  104 ... 3194 3196 3198],53.212632929644045,2,"{'cosmic_spike': False, 'fluorescence': True}"
RS_2825,"[0.00000000e+00 6.87079042e-04 1.07234863e-03 ... 7.77467356e-01
 7.80136711e-01 7.77938713e-01]",material,[ 100  102  104 ... 3194 3196 3198],49.582858265994005,2,"{'cosmic_spike': False, 'fluorescence': False}"
RS_2826,[0.         0.00118147 0.00253559 ... 0.90481349 0.90672738 0.90720697],material,[ 100  102  104 ... 3194 3196 3198],161.02958319618554,2,"{'cosmic_spike': False, 'fluorescence': True}"
RS_2827,"[0.00000000e+00 3.86466651e-04 3.18299472e-03 ... 7.94207691e-01
 7.94894457e-01 7.94175621e-01]",material,[ 100  102  104 ... 3194 3196 3198],48.70300075418842,2,"{'cosmic_spike': False, 'fluorescence': False}"
RS_2828,[0.17574487 0.22997484 0.25405353 ... 0.5591595  0.59294737 0.55924099],material,[ 100  102  104 ... 3194 3196 3198],24.28197559225427,2,"{'cosmic_spike': False, 'fluorescence': False}"
RS_2829,"[0.00000000e+00 4.72471771e-05 3.43468593e-04 ... 8.79538750e-01
 8.80097850e-01 8.81746032e-01]",material,[ 100  102  104 ... 3194 3196 3198],114.5724374552825,2,"{'cosmic_spike': False, 'fluorescence': False}"
RS_2830,"[9.04069507e-01 9.04727855e-01 9.03739202e-01 ... 1.38008308e-03
 8.26542419e-04 0.00000000e+00]",material,[ 100  102  104 ... 3194 3196 3198],109.56811758090548,2,"{'cosmic_spike': False, 'fluorescence': False}"
RS_2831,[0.09942968 0.10501722 0.11267148 ... 0.85258756 0.85255324 0.85193728],material,[ 100  102  104 ... 3194 3196 3198],130.9725108966347,2,"{'cosmic_spike': False, 'fluorescence': True}"
RS_2832,"[4.86301587e-01 4.85092907e-01 4.84958312e-01 ... 1.45097730e-04
 2.61635516e-03 8.01722222e-04]",material,[ 100  102  104 ... 3194 3196 3198],63.51861330745093,2,"{'cosmic_spike': False, 'fluorescence': True}"
RS_2833,[0.90862789 0.92019973 0.92706562 ... 0.00178608 0.00165844 0.        ],material,[ 100  102  104 ... 3194 3196 3198],148.02422006775808,2,"{'cosmic_spike': False, 'fluorescence': False}"
RS_2834,[0.54989193 0.54985199 0.54836438 ... 0.00406898 0.00284788 0.        ],material,[ 100  102  104 ... 3194 3196 3198],160.1606236109371,2,"{'cosmic_spike': False, 'fluorescence': False}"
RS_2835,[0.         0.00226149 0.00343935 ... 0.93320499 0.93429317 0.93350449],material,[ 100  102  104 ... 3194 3196 3198],197.48109274304352,2,"{'cosmic_spike': False, 'fluorescence': False}"
RS_2836,[0.         0.00482564 0.00533133 ... 0.06601978 0.0671502  0.06186222],material,[ 100  102  104 ... 3194 3196 3198],59.52039936509131,2,"{'cosmic_spike': False, 'fluorescence': False}"
RS_2837,"[1.67627262e-04 1.36053501e-03 4.06919249e-04 ... 8.22290925e-01
 8.22325684e-01 8.23644839e-01]",material,[ 100  102  104 ... 3194 3196 3198],172.08485410085524,2,"{'cosmic_spike': False, 'fluorescence': False}"
RS_2838,"[8.91400046e-01 8.89556371e-01 8.89020341e-01 ... 1.90493838e-04
 1.04144105e-04 6.99943487e-04]",material,[ 100  102  104 ... 3194 3196 3198],150.60946647598726,2,"{'cosmic_spike': False, 'fluorescence': False}"
RS_2839,"[0.00000000e+00 2.24144844e-04 1.42686031e-03 ... 3.51000163e-01
 3.50142968e-01 3.50579103e-01]",material,[ 100  102  104 ... 3194 3196 3198],76.45322136497207,2,"{'cosmic_spike': False, 'fluorescence': False}"
RS_2840,[0.84935737 0.85183592 0.84759831 ... 0.17602616 0.17475651 0.17210607],material,[ 100  102  104 ... 3194 3196 3198],40.388395095670454,2,"{'cosmic_spike': False, 'fluorescence': False}"
RS_2841,[0.99272501 0.99356242 0.99805831 ... 0.00513195 0.00495522 0.00522313],material,[ 100  102  104 ... 3194 3196 3198],177.3433984705976,2,"{'cosmic_spike': False, 'fluorescence': False}"
RS_2842,[0.93133284 0.94934593 0.92421492 ... 0.59488161 0.59117329 0.59021872],material,[ 100  102  104 ... 3194 3196 3198],30.61233430174776,2,"{'cosmic_spike': False, 'fluorescence': True}"
RS_2843,[0.00299413 0.         0.0038467  ... 0.99766285 0.99888852 0.99798232],material,[ 100  102  104 ... 3194 3196 3198],39.45467163987674,2,"{'cosmic_spike': False, 'fluorescence': False}"
RS_2844,[0.76307947 0.76454297 0.76580978 ... 0.00178833 0.00220072 0.        ],material,[ 100  102  104 ... 3194 3196 3198],153.82191643404425,2,"{'cosmic_spike': False, 'fluorescence': False}"
RS_2845,"[0.00000000e+00 5.85356658e-04 5.16860460e-04 ... 9.98058772e-01
 9.99355389e-01 1.00000000e+00]",material,[ 100  102  104 ... 3194 3196 3198],100.87753750727215,2,"{'cosmic_spike': False, 'fluorescence': False}"
RS_2846,"[0.00000000e+00 4.77266534e-04 6.50588749e-03 ... 8.93032567e-01
 8.92837662e-01 8.90269108e-01]",material,[ 100  102  104 ... 3194 3196 3198],49.53151651730155,2,"{'cosmic_spike': False, 'fluorescence': False}"
RS_2847,[0.00144112 0.         0.00337507 ... 0.66133425 0.65880361 0.66100823],material,[ 100  102  104 ... 3194 3196 3198],174.20740925430601,2,"{'cosmic_spike': False, 'fluorescence': False}"
RS_2848,"[6.79225140e-01 6.78614974e-01 6.76027716e-01 ... 1.82762799e-04
 1.48202795e-03 9.10553648e-04]",material,[ 100  102  104 ... 3194 3196 3198],84.78317464253605,2,"{'cosmic_spike': False, 'fluorescence': False}"
RS_2849,[0.41080526 0.41158704 0.40726108 ... 0.47975863 0.48128184 0.48258389],material,[ 100  102  104 ... 3194 3196 3198],136.9403075196563,2,"{'cosmic_spike': False, 'fluorescence': True}"
RS_2850,[0.21930987 0.22321185 0.22584234 ... 0.32383145 0.32819099 0.3253465 ],material,[ 100  102  104 ... 3194 3196 3198],111.53531786481271,2,"{'cosmic_spike': False, 'fluorescence': False}"
RS_2851,[0.00082142 0.         0.00211725 ... 0.64128204 0.64000627 0.63934405],material,[ 100  102  104 ... 3194 3196 3198],147.10349449924217,2,"{'cosmic_spike': False, 'fluorescence': False}"
RS_2852,[0.20181093 0.20061934 0.20298188 ... 0.00273835 0.00283826 0.        ],material,[ 100  102  104 ... 3194 3196 3198],93.70945687246713,2,"{'cosmic_spike': False, 'fluorescence': False}"
RS_2853,[0.38748103 0.38635294 0.38503243 ... 0.99584401 0.99611093 1.        ],material,[ 100  102  104 ... 3194 3196 3198],82.97551230444759,2,"{'cosmic_spike': False, 'fluorescence': True}"
RS_2854,[0.         0.00205445 0.00305163 ... 0.97813071 0.97775248 0.97851989],material,[ 100  102  104 ... 3194 3196 3198],137.98199723982617,2,"{'cosmic_spike': False, 'fluorescence': False}"
RS_2855,[0.00065382 0.00192186 0.00358447 ... 0.57683034 0.57919288 0.58318533],material,[ 100  102  104 ... 3194 3196 3198],59.29488213768609,2,"{'cosmic_spike': False, 'fluorescence': False}"
RS_2856,[0.33519301 0.33362352 0.33324677 ... 0.99611524 0.99872958 1.        ],material,[ 100  102  104 ... 3194 3196 3198],72.47400473492712,2,"{'cosmic_spike': False, 'fluorescence': False}"
RS_2857,[0.35805088 0.35842377 0.35068688 ... 0.         0.00409973 0.00441619],material,[ 100  102  104 ... 3194 3196 3198],38.1852941797607,2,"{'cosmic_spike': False, 'fluorescence': True}"
RS_2858,"[9.48681719e-04 0.00000000e+00 1.29623120e-03 ... 9.73882777e-01
 9.75068366e-01 9.75781589e-01]",material,[ 100  102  104 ... 3194 3196 3198],77.25391354650833,2,"{'cosmic_spike': False, 'fluorescence': False}"
RS_2859,"[9.21443284e-01 9.21931252e-01 9.22368928e-01 ... 1.49952372e-03
 0.00000000e+00 3.83760113e-04]",material,[ 100  102  104 ... 3194 3196 3198],195.4698732257253,2,"{'cosmic_spike': False, 'fluorescence': False}"
RS_2860,[0.93966058 0.93938756 0.93692836 ... 0.00311264 0.00103326 0.        ],material,[ 100  102  104 ... 3194 3196 3198],48.40147994785887,2,"{'cosmic_spike': False, 'fluorescence': False}"
RS_2861,[0.88349712 0.88131724 0.87984952 ... 0.27689539 0.27591096 0.27809443],material,[ 100  102  104 ... 3194 3196 3198],67.09278210880426,2,"{'cosmic_spike': False, 'fluorescence': False}"
RS_2862,"[0.00000000e+00 3.86896188e-04 2.19030288e-03 ... 5.65588152e-01
 5.63650318e-01 5.63416650e-01]",material,[ 100  102  104 ... 3194 3196 3198],119.64797938386236,2,"{'cosmic_spike': False, 'fluorescence': False}"
RS_2863,[0.00478376 0.00357594 0.00394509 ... 0.9971435  0.99945327 1.        ],material,[ 100  102  104 ... 3194 3196 3198],124.8427809060037,2,"{'cosmic_spike': False, 'fluorescence': True}"
RS_2864,[0.24798953 0.24753494 0.24625638 ... 0.99781245 1.         0.9994778 ],material,[ 100  102  104 ... 3194 3196 3198],107.26197754015523,2,"{'cosmic_spike': False, 'fluorescence': True}"
RS_2865,"[7.85251556e-01 7.92405113e-01 8.00387359e-01 ... 2.10373753e-03
 6.46312465e-04 3.59208165e-03]",material,[ 100  102  104 ... 3194 3196 3198],38.611291557185595,2,"{'cosmic_spike': False, 'fluorescence': True}"
RS_2866,[0.017638   0.01213678 0.00242085 ... 0.98547834 0.98259939 1.        ],material,[ 100  102  104 ... 3194 3196 3198],35.992966294185734,2,"{'cosmic_spike': False, 'fluorescence': True}"
RS_2867,[0.         0.0017545  0.004069   ... 0.68301494 0.68220584 0.68106956],material,[ 100  102  104 ... 3194 3196 3198],75.27562300811212,2,"{'cosmic_spike': False, 'fluorescence': False}"
RS_2868,[0.67800197 0.68479236 0.6819179  ... 0.14291182 0.14104734 0.1409919 ],material,[ 100  102  104 ... 3194 3196 3198],49.786498939128165,2,"{'cosmic_spike': False, 'fluorescence': True}"
RS_2869,"[1.00000000e+00 9.98722200e-01 9.99479399e-01 ... 1.19189573e-03
 0.00000000e+00 9.89995453e-04]",material,[ 100  102  104 ... 3194 3196 3198],181.3792463675216,2,"{'cosmic_spike': False, 'fluorescence': False}"
RS_2870,[0.97184096 0.97000252 0.96952789 ... 0.17025088 0.17123198 0.17040329],material,[ 100  102  104 ... 3194 3196 3198],151.41123823383364,2,"{'cosmic_spike': False, 'fluorescence': False}"
RS_2871,[0.         0.00370707 0.0054486  ... 0.22515436 0.22544536 0.22308101],material,[ 100  102  104 ... 3194 3196 3198],162.0143106464764,2,"{'cosmic_spike': False, 'fluorescence': False}"
RS_2872,[0.7726736  0.77379036 0.77489113 ... 0.02318577 0.02370622 0.02261697],material,[ 100  102  104 ... 3194 3196 3198],194.93004430273044,2,"{'cosmic_spike': False, 'fluorescence': False}"
RS_2873,"[9.58738273e-01 9.57977463e-01 9.57934412e-01 ... 2.66356214e-03
 1.46386355e-04 0.00000000e+00]",material,[ 100  102  104 ... 3194 3196 3198],66.9228009192974,2,"{'cosmic_spike': False, 'fluorescence': False}"
RS_2874,[0.4209155  0.42072111 0.41982903 ... 0.09998307 0.10136123 0.10173267],material,[ 100  102  104 ... 3194 3196 3198],120.28122734974956,2,"{'cosmic_spike': False, 'fluorescence': False}"
RS_2875,[0.         0.0009268  0.00079548 ... 0.59119065 0.59040833 0.59272771],material,[ 100  102  104 ... 3194 3196 3198],156.15430145404764,2,"{'cosmic_spike': False, 'fluorescence': True}"
RS_2876,[0.63100224 0.63229655 0.63419383 ... 0.00269093 0.00130407 0.        ],material,[ 100  102  104 ... 3194 3196 3198],155.40807899232829,2,"{'cosmic_spike': False, 'fluorescence': False}"
RS_2877,[0.94790566 0.94601696 0.94212883 ... 0.91613426 0.91886718 0.9192118 ],material,[ 100  102  104 ... 3194 3196 3198],102.62378748351296,2,"{'cosmic_spike': False, 'fluorescence': False}"
RS_2878,[0.99972818 0.99928718 0.99884039 ... 0.00320495 0.00253926 0.        ],material,[ 100  102  104 ... 3194 3196 3198],136.911138713894,2,"{'cosmic_spike': False, 'fluorescence': False}"
RS_2879,"[4.33161690e-01 4.33660208e-01 4.34491900e-01 ... 2.82897415e-03
 0.00000000e+00 1.13088818e-05]",material,[ 100  102  104 ... 3194 3196 3198],159.95557307536313,2,"{'cosmic_spike': False, 'fluorescence': True}"
RS_2880,"[3.44962986e-01 3.45017189e-01 3.44736676e-01 ... 4.17018419e-04
 1.24176020e-04 0.00000000e+00]",material,[ 100  102  104 ... 3194 3196 3198],134.68492119220917,2,"{'cosmic_spike': False, 'fluorescence': False}"
RS_2881,[1.         0.99895539 0.99736446 ... 0.00105279 0.00170175 0.00114309],material,[ 100  102  104 ... 3194 3196 3198],98.78707348153496,2,"{'cosmic_spike': False, 'fluorescence': False}"
RS_2882,[0.85139511 0.85116738 0.8513603  ... 0.00153895 0.00123497 0.        ],material,[ 100  102  104 ... 3194 3196 3198],155.74631878744876,2,"{'cosmic_spike': False, 'fluorescence': True}"
RS_2883,[0.3493856  0.3512301  0.35231037 ... 0.00323219 0.00195714 0.        ],material,[ 100  102  104 ... 3194 3196 3198],151.25654169645352,2,"{'cosmic_spike': False, 'fluorescence': False}"
RS_2884,"[0.00000000e+00 2.26190488e-05 1.95097293e-04 ... 1.34385237e-01
 1.34124676e-01 1.34273641e-01]",material,[ 100  102  104 ... 3194 3196 3198],60.925613364123535,2,"{'cosmic_spike': True, 'fluorescence': True}"
RS_2885,[1.         0.99920837 0.99477717 ... 0.51501704 0.51780388 0.51916093],material,[ 100  102  104 ... 3194 3196 3198],142.10649183109518,2,"{'cosmic_spike': False, 'fluorescence': False}"
RS_2886,"[9.08848278e-05 1.70160751e-04 1.77618832e-04 ... 1.11195753e-01
 1.11335363e-01 1.11431365e-01]",material,[ 100  102  104 ... 3194 3196 3198],95.0693299439307,2,"{'cosmic_spike': False, 'fluorescence': False}"
RS_2887,[0.9986156  1.         0.99947437 ... 0.00247095 0.00171728 0.        ],material,[ 100  102  104 ... 3194 3196 3198],175.94747881182138,2,"{'cosmic_spike': False, 'fluorescence': False}"
RS_2888,[0.83530916 0.83464939 0.83413244 ... 0.06487823 0.06442797 0.06567501],material,[ 100  102  104 ... 3194 3196 3198],82.29261475692141,2,"{'cosmic_spike': False, 'fluorescence': False}"
RS_2889,[0.84381706 0.84372621 0.84223548 ... 0.00319509 0.00287426 0.        ],material,[ 100  102  104 ... 3194 3196 3198],144.08791115400604,2,"{'cosmic_spike': False, 'fluorescence': False}"
RS_2890,[0.88243533 0.89001849 0.89804222 ... 0.00174807 0.         0.00128624],material,[ 100  102  104 ... 3194 3196 3198],58.321743029303576,2,"{'cosmic_spike': False, 'fluorescence': False}"
RS_2891,[0.2132585  0.21761823 0.22120158 ... 0.00526558 0.00366565 0.        ],material,[ 100  102  104 ... 3194 3196 3198],151.7681399777621,2,"{'cosmic_spike': False, 'fluorescence': False}"
RS_2892,"[9.88901649e-01 9.88787890e-01 9.88545972e-01 ... 9.69868914e-04
 0.00000000e+00 8.53790542e-04]",material,[ 100  102  104 ... 3194 3196 3198],117.65865633171929,2,"{'cosmic_spike': False, 'fluorescence': False}"
RS_2893,"[0.00000000e+00 8.49856478e-04 9.01858364e-04 ... 9.97098841e-01
 1.00000000e+00 9.99407139e-01]",material,[ 100  102  104 ... 3194 3196 3198],119.28100718288991,2,"{'cosmic_spike': False, 'fluorescence': False}"
RS_2894,[0.79274828 0.79332321 0.79057838 ... 0.50238281 0.50479713 0.5029999 ],material,[ 100  102  104 ... 3194 3196 3198],182.39206499645718,2,"{'cosmic_spike': False, 'fluorescence': False}"
RS_2895,[0.         0.00164722 0.00354085 ... 0.53663174 0.53861705 0.53884747],material,[ 100  102  104 ... 3194 3196 3198],106.78976234593416,2,"{'cosmic_spike': False, 'fluorescence': True}"
RS_2896,[0.         0.00233195 0.00450567 ... 0.1436586  0.14318555 0.14044022],material,[ 100  102  104 ... 3194 3196 3198],141.01644698376742,2,"{'cosmic_spike': True, 'fluorescence': False}"
RS_2897,[0.61078214 0.61600522 0.62243798 ... 0.00131857 0.00138918 0.        ],material,[ 100  102  104 ... 3194 3196 3198],183.14335360241935,2,"{'cosmic_spike': False, 'fluorescence': True}"
RS_2898,[0.60189654 0.59972387 0.59910735 ... 0.6340415  0.63550858 0.63497118],material,[ 100  102  104 ... 3194 3196 3198],91.4075772494998,2,"{'cosmic_spike': False, 'fluorescence': True}"
RS_2899,[0.43319707 0.43179899 0.43006454 ... 0.99653357 0.99767191 1.        ],material,[ 100  102  104 ... 3194 3196 3198],175.19524455525837,2,"{'cosmic_spike': False, 'fluorescence': False}"
RS_2900,[0.99236859 0.99098025 0.99151851 ... 0.00248466 0.00152938 0.        ],material,[ 100  102  104 ... 3194 3196 3198],160.23103607455343,2,"{'cosmic_spike': False, 'fluorescence': False}"
RS_2901,[0.17865579 0.18884784 0.12349844 ... 0.98262183 0.99238051 1.        ],material,[ 100  102  104 ... 3194 3196 3198],22.250807396555025,2,"{'cosmic_spike': False, 'fluorescence': False}"
RS_2902,[1.         0.99352796 0.99076061 ... 0.41377377 0.42018916 0.4194303 ],material,[ 100  102  104 ... 3194 3196 3198],47.501921172262776,2,"{'cosmic_spike': False, 'fluorescence': False}"
RS_2903,[0.7769852  0.79020764 0.77681926 ... 0.02993898 0.05358418 0.0441207 ],material,[ 100  102  104 ... 3194 3196 3198],22.62264277953249,2,"{'cosmic_spike': False, 'fluorescence': False}"
RS_2904,[0.         0.00099858 0.00251971 ... 0.48543944 0.48494927 0.48374676],material,[ 100  102  104 ... 3194 3196 3198],45.65018746083645,2,"{'cosmic_spike': True, 'fluorescence': True}"
RS_2905,[0.         0.00116277 0.00362429 ... 0.41831297 0.41752758 0.41545507],material,[ 100  102  104 ... 3194 3196 3198],168.83990100407132,2,"{'cosmic_spike': False, 'fluorescence': False}"
RS_2906,[0.05662679 0.07072083 0.08749742 ... 0.99426367 0.99481579 0.99712661],material,[ 100  102  104 ... 3194 3196 3198],187.61795363828296,2,"{'cosmic_spike': False, 'fluorescence': False}"
RS_2907,"[2.68486784e-01 2.69040874e-01 2.68562050e-01 ... 0.00000000e+00
 4.13684010e-04 1.24050426e-04]",material,[ 100  102  104 ... 3194 3196 3198],138.34624136461844,2,"{'cosmic_spike': False, 'fluorescence': False}"
RS_2908,[0.58580637 0.58941699 0.5861982  ... 0.0025139  0.00502352 0.00511364],material,[ 100  102  104 ... 3194 3196 3198],129.05251652623195,2,"{'cosmic_spike': False, 'fluorescence': False}"
RS_2909,[0.00350286 0.         0.0020958  ... 0.77475032 0.78030071 0.77788705],material,[ 100  102  104 ... 3194 3196 3198],80.26679372033061,2,"{'cosmic_spike': False, 'fluorescence': False}"
RS_2910,[1.         0.99783465 0.99690779 ... 0.15221042 0.15183806 0.15510038],material,[ 100  102  104 ... 3194 3196 3198],132.59108791600448,2,"{'cosmic_spike': False, 'fluorescence': False}"
RS_2911,[0.         0.00174464 0.00387092 ... 0.06584436 0.06478369 0.06669504],material,[ 100  102  104 ... 3194 3196 3198],160.54005486490493,2,"{'cosmic_spike': False, 'fluorescence': True}"
RS_2912,[0.93131006 0.93070276 0.93239875 ... 0.00515408 0.00238744 0.        ],material,[ 100  102  104 ... 3194 3196 3198],121.48147909910533,2,"{'cosmic_spike': False, 'fluorescence': False}"
RS_2913,[0.35153705 0.34991796 0.34803417 ... 0.88427733 0.88913272 0.88873953],material,[ 100  102  104 ... 3194 3196 3198],119.50694067424021,2,"{'cosmic_spike': False, 'fluorescence': False}"
RS_2914,[0.         0.00080285 0.00178457 ... 0.54617128 0.5451607  0.54397666],material,[ 100  102  104 ... 3194 3196 3198],161.49944269214168,2,"{'cosmic_spike': True, 'fluorescence': False}"
RS_2915,[1.         0.99805227 0.99474217 ... 0.5942502  0.5944367  0.59547352],material,[ 100  102  104 ... 3194 3196 3198],111.42974832400576,2,"{'cosmic_spike': False, 'fluorescence': False}"
RS_2916,"[8.53550485e-01 8.52392562e-01 8.52556287e-01 ... 7.40492255e-04
 9.84464384e-04 0.00000000e+00]",material,[ 100  102  104 ... 3194 3196 3198],49.391669113712716,2,"{'cosmic_spike': False, 'fluorescence': True}"
RS_2917,"[1.41994506e-01 1.42033156e-01 1.42013384e-01 ... 1.83946919e-04
 0.00000000e+00 4.98833087e-05]",material,[ 100  102  104 ... 3194 3196 3198],144.58162511187223,2,"{'cosmic_spike': False, 'fluorescence': False}"
RS_2918,[0.12539501 0.13557958 0.12660294 ... 0.68831636 0.69280674 0.70577296],material,[ 100  102  104 ... 3194 3196 3198],35.30023331311488,2,"{'cosmic_spike': False, 'fluorescence': False}"
RS_2919,"[2.34286509e-04 0.00000000e+00 1.27022673e-03 ... 6.20380687e-01
 6.20424012e-01 6.22339527e-01]",material,[ 100  102  104 ... 3194 3196 3198],132.58086301078782,2,"{'cosmic_spike': True, 'fluorescence': False}"
RS_2920,"[0.00000000e+00 2.54913596e-04 8.07520247e-04 ... 7.24833722e-01
 7.22286284e-01 7.26021850e-01]",material,[ 100  102  104 ... 3194 3196 3198],59.63383757277283,2,"{'cosmic_spike': False, 'fluorescence': False}"
RS_2921,[0.71742108 0.71154913 0.71285399 ... 0.03141861 0.03234321 0.03556686],material,[ 100  102  104 ... 3194 3196 3198],191.57687038444467,2,"{'cosmic_spike': False, 'fluorescence': False}"
RS_2922,[0.77869905 0.77837138 0.77802929 ... 0.55512196 0.55668429 0.5552989 ],material,[ 100  102  104 ... 3194 3196 3198],122.04156268823228,2,"{'cosmic_spike': False, 'fluorescence': False}"
RS_2923,[0.05002607 0.04914631 0.04969805 ... 0.14127489 0.14295716 0.14197449],material,[ 100  102  104 ... 3194 3196 3198],119.24598182228632,2,"{'cosmic_spike': False, 'fluorescence': True}"
RS_2924,[0.         0.00237743 0.00305997 ... 0.06580498 0.06668807 0.06654027],material,[ 100  102  104 ... 3194 3196 3198],158.71504883386942,2,"{'cosmic_spike': False, 'fluorescence': False}"
RS_2925,[0.48793165 0.48786444 0.48777479 ... 0.00124441 0.00070514 0.        ],material,[ 100  102  104 ... 3194 3196 3198],108.8887179941853,2,"{'cosmic_spike': False, 'fluorescence': True}"
RS_2926,[0.11404703 0.07519215 0.06509176 ... 0.         0.01149345 0.00407429],material,[ 100  102  104 ... 3194 3196 3198],20.96918706806569,2,"{'cosmic_spike': False, 'fluorescence': False}"
RS_2927,[0.01763285 0.02014042 0.02197933 ... 0.00442715 0.00320491 0.        ],material,[ 100  102  104 ... 3194 3196 3198],94.1646484655605,2,"{'cosmic_spike': False, 'fluorescence': False}"
RS_2928,[1.         0.99450121 0.99528253 ... 0.90077062 0.90382899 0.90742315],material,[ 100  102  104 ... 3194 3196 3198],197.95202307159346,2,"{'cosmic_spike': False, 'fluorescence': False}"
RS_2929,[0.24166031 0.24251177 0.24449882 ... 0.00525835 0.00381287 0.        ],material,[ 100  102  104 ... 3194 3196 3198],142.39605970558273,2,"{'cosmic_spike': False, 'fluorescence': False}"
RS_2930,[0.95357661 0.9550433  0.95023232 ... 0.99151208 0.99676658 1.        ],material,[ 100  102  104 ... 3194 3196 3198],106.55490131529778,2,"{'cosmic_spike': False, 'fluorescence': False}"
RS_2931,[0.19784509 0.20073797 0.20256355 ... 0.00175841 0.00199575 0.        ],material,[ 100  102  104 ... 3194 3196 3198],49.2772256750214,2,"{'cosmic_spike': False, 'fluorescence': False}"
RS_2932,[0.00150646 0.00221121 0.         ... 0.76464077 0.76405495 0.76542754],material,[ 100  102  104 ... 3194 3196 3198],106.59032080970094,2,"{'cosmic_spike': False, 'fluorescence': False}"
RS_2933,[0.16119599 0.16249519 0.16572486 ... 0.0011062  0.00226297 0.        ],material,[ 100  102  104 ... 3194 3196 3198],174.829839381359,2,"{'cosmic_spike': False, 'fluorescence': False}"
RS_2934,[0.69133467 0.69104472 0.68924989 ... 0.99437104 0.99694923 1.        ],material,[ 100  102  104 ... 3194 3196 3198],54.29663625328244,2,"{'cosmic_spike': False, 'fluorescence': False}"
RS_2935,[0.47147734 0.47506317 0.47350045 ... 0.00816272 0.00648323 0.00327006],material,[ 100  102  104 ... 3194 3196 3198],40.56699384982969,2,"{'cosmic_spike': False, 'fluorescence': True}"
RS_2936,[0.         0.00132826 0.00223391 ... 0.61359074 0.6132904  0.61220467],material,[ 100  102  104 ... 3194 3196 3198],110.22334903472654,2,"{'cosmic_spike': False, 'fluorescence': True}"
RS_2937,[0.08471552 0.08432402 0.08448596 ... 0.00134353 0.0014465  0.00125724],material,[ 100  102  104 ... 3194 3196 3198],185.62247427029348,2,"{'cosmic_spike': False, 'fluorescence': True}"
RS_2938,[0.55993378 0.55883894 0.55953911 ... 0.57164826 0.57167528 0.57408053],material,[ 100  102  104 ... 3194 3196 3198],60.47055585215652,2,"{'cosmic_spike': False, 'fluorescence': False}"
RS_2939,[0.83669902 0.8373827  0.83460643 ... 0.00111319 0.         0.00347336],material,[ 100  102  104 ... 3194 3196 3198],61.84051850160493,2,"{'cosmic_spike': False, 'fluorescence': True}"
RS_2940,[1.         0.99846953 0.99816757 ... 0.02805373 0.02798271 0.02794771],material,[ 100  102  104 ... 3194 3196 3198],84.16661471086965,2,"{'cosmic_spike': False, 'fluorescence': False}"
RS_2941,[0.75139815 0.7658931  0.77140037 ... 0.39863826 0.40088428 0.40597338],material,[ 100  102  104 ... 3194 3196 3198],27.16976095751818,2,"{'cosmic_spike': False, 'fluorescence': False}"
RS_2942,[0.12269418 0.1018101  0.10256104 ... 0.96199553 0.8437732  0.87580968],material,[ 100  102  104 ... 3194 3196 3198],26.49289914145801,2,"{'cosmic_spike': False, 'fluorescence': False}"
RS_2943,[0.88343324 0.88035167 0.87859267 ... 0.33150306 0.33332575 0.33379368],material,[ 100  102  104 ... 3194 3196 3198],143.75909090838002,2,"{'cosmic_spike': True, 'fluorescence': False}"
RS_2944,[0.         0.00133082 0.0027137  ... 0.89773483 0.89751023 0.89808162],material,[ 100  102  104 ... 3194 3196 3198],170.92322864950378,2,"{'cosmic_spike': False, 'fluorescence': False}"
RS_2945,[0.01639967 0.04015514 0.04879393 ... 0.9011018  0.87798605 0.82215152],material,[ 100  102  104 ... 3194 3196 3198],21.86364376334972,2,"{'cosmic_spike': False, 'fluorescence': True}"
RS_2946,"[1.34438833e-03 6.52845287e-04 3.20220498e-03 ... 8.97180947e-01
 8.96660884e-01 8.97778614e-01]",material,[ 100  102  104 ... 3194 3196 3198],97.10535768492535,2,"{'cosmic_spike': False, 'fluorescence': False}"
RS_2947,[0.76564366 0.76518264 0.76553737 ... 0.00269349 0.00142987 0.        ],material,[ 100  102  104 ... 3194 3196 3198],131.11893152949386,2,"{'cosmic_spike': False, 'fluorescence': False}"
RS_2948,[0.79267708 0.7935196  0.7925972  ... 0.00187349 0.00159288 0.        ],material,[ 100  102  104 ... 3194 3196 3198],51.842502829248346,2,"{'cosmic_spike': False, 'fluorescence': True}"
RS_2949,[0.69081025 0.69082241 0.68834764 ... 0.99516347 0.99406502 1.        ],material,[ 100  102  104 ... 3194 3196 3198],91.51155971967005,2,"{'cosmic_spike': False, 'fluorescence': False}"
RS_2950,[1.         0.99879501 0.9980159  ... 0.06461448 0.06367499 0.0640543 ],material,[ 100  102  104 ... 3194 3196 3198],106.58122497378928,2,"{'cosmic_spike': False, 'fluorescence': False}"
RS_2951,[0.77149616 0.77190564 0.77245828 ... 0.05357916 0.05302178 0.05361155],material,[ 100  102  104 ... 3194 3196 3198],98.6523626848061,2,"{'cosmic_spike': False, 'fluorescence': True}"
RS_2952,[0.06400476 0.06934512 0.07056183 ... 0.99759564 1.         0.99915881],material,[ 100  102  104 ... 3194 3196 3198],109.60304214302839,2,"{'cosmic_spike': False, 'fluorescence': False}"
RS_2953,[0.00568384 0.00472464 0.00517949 ... 0.99751221 0.99984371 1.        ],material,[ 100  102  104 ... 3194 3196 3198],122.05704722790783,2,"{'cosmic_spike': False, 'fluorescence': True}"
RS_2954,"[5.61115167e-01 5.61170085e-01 5.63189159e-01 ... 3.14409498e-03
 0.00000000e+00 4.41724747e-04]",material,[ 100  102  104 ... 3194 3196 3198],191.8438817124738,2,"{'cosmic_spike': False, 'fluorescence': True}"
RS_2955,[0.00075963 0.         0.00273798 ... 0.65429483 0.65338967 0.65478984],material,[ 100  102  104 ... 3194 3196 3198],50.59399400780579,2,"{'cosmic_spike': False, 'fluorescence': False}"
RS_2956,[0.73359803 0.73394346 0.72959298 ... 0.46734721 0.46784659 0.46984253],material,[ 100  102  104 ... 3194 3196 3198],66.97916242389037,2,"{'cosmic_spike': False, 'fluorescence': False}"
RS_2957,[0.61579111 0.61392619 0.61279693 ... 0.99623098 0.99669842 1.        ],material,[ 100  102  104 ... 3194 3196 3198],120.56989483562589,2,"{'cosmic_spike': False, 'fluorescence': True}"
RS_2958,[0.         0.00230788 0.00454429 ... 0.0783185  0.07636156 0.07597464],material,[ 100  102  104 ... 3194 3196 3198],170.63187382848253,2,"{'cosmic_spike': False, 'fluorescence': False}"
RS_2959,[0.         0.00211664 0.00425092 ... 0.48671061 0.48534408 0.48362156],material,[ 100  102  104 ... 3194 3196 3198],72.50076751394005,2,"{'cosmic_spike': False, 'fluorescence': False}"
RS_2960,[0.75049602 0.75124261 0.74735814 ... 0.05413211 0.05831693 0.05582988],material,[ 100  102  104 ... 3194 3196 3198],148.47511208416302,2,"{'cosmic_spike': False, 'fluorescence': True}"
RS_2961,[0.         0.00235164 0.00205494 ... 0.6919586  0.69044937 0.69121277],material,[ 100  102  104 ... 3194 3196 3198],192.6745453018938,2,"{'cosmic_spike': False, 'fluorescence': False}"
RS_2962,[0.4795968  0.48154099 0.48395772 ... 0.94928333 0.95069126 0.95298554],material,[ 100  102  104 ... 3194 3196 3198],75.33961820109374,2,"{'cosmic_spike': False, 'fluorescence': False}"
RS_2963,[0.09091615 0.08991097 0.09093689 ... 0.99612219 1.         0.99930737],material,[ 100  102  104 ... 3194 3196 3198],174.1404408280533,2,"{'cosmic_spike': False, 'fluorescence': False}"
RS_2964,[0.69308137 0.69558649 0.68980343 ... 0.22654863 0.22988734 0.22747471],material,[ 100  102  104 ... 3194 3196 3198],128.74421274043772,2,"{'cosmic_spike': False, 'fluorescence': True}"
RS_2965,"[7.95024181e-01 7.95023718e-01 7.94575219e-01 ... 9.36140008e-04
 0.00000000e+00 2.27186336e-04]",material,[ 100  102  104 ... 3194 3196 3198],175.3519662061302,2,"{'cosmic_spike': False, 'fluorescence': False}"
RS_2966,[0.         0.00117879 0.00344566 ... 0.08022214 0.07800681 0.07643428],material,[ 100  102  104 ... 3194 3196 3198],186.40736393812963,2,"{'cosmic_spike': False, 'fluorescence': False}"
RS_2967,[1.         0.99778569 0.99724049 ... 0.53799355 0.53924386 0.5402662 ],material,[ 100  102  104 ... 3194 3196 3198],133.8358283920678,2,"{'cosmic_spike': False, 'fluorescence': True}"
RS_2968,[0.11935549 0.11993034 0.11860324 ... 0.75011009 0.75210389 0.75387884],material,[ 100  102  104 ... 3194 3196 3198],58.0007173944593,2,"{'cosmic_spike': False, 'fluorescence': False}"
RS_2969,[0.00096555 0.         0.00264054 ... 0.51296584 0.51170046 0.51171742],material,[ 100  102  104 ... 3194 3196 3198],78.29144572903519,2,"{'cosmic_spike': False, 'fluorescence': False}"
RS_2970,"[0.00000000e+00 1.34299884e-04 3.68631531e-05 ... 2.99527210e-03
 3.06367168e-03 3.11854610e-03]",material,[ 100  102  104 ... 3194 3196 3198],168.9634818872451,2,"{'cosmic_spike': False, 'fluorescence': False}"
RS_2971,[0.         0.00153574 0.00161717 ... 0.87014658 0.86888111 0.87044195],material,[ 100  102  104 ... 3194 3196 3198],154.96585160928433,2,"{'cosmic_spike': False, 'fluorescence': False}"
RS_2972,[0.48809324 0.48706723 0.48480729 ... 0.99503382 0.99801049 1.        ],material,[ 100  102  104 ... 3194 3196 3198],173.14289269757006,2,"{'cosmic_spike': False, 'fluorescence': True}"
RS_2973,[0.65531142 0.67510341 0.6652369  ... 0.00929198 0.00333409 0.01378126],material,[ 100  102  104 ... 3194 3196 3198],33.74730998360414,2,"{'cosmic_spike': False, 'fluorescence': True}"
RS_2974,[0.80119046 0.81944425 0.80930561 ... 0.00705439 0.         0.01246519],material,[ 100  102  104 ... 3194 3196 3198],32.217086008194826,2,"{'cosmic_spike': False, 'fluorescence': False}"
RS_2975,[0.9516943  0.94841672 0.94836522 ... 0.0224038  0.02232004 0.02282253],material,[ 100  102  104 ... 3194 3196 3198],75.63177539020171,2,"{'cosmic_spike': False, 'fluorescence': False}"
RS_2976,"[6.25028417e-01 6.25264666e-01 6.25579963e-01 ... 2.59947220e-03
 0.00000000e+00 5.05975222e-05]",material,[ 100  102  104 ... 3194 3196 3198],157.73960983282416,2,"{'cosmic_spike': False, 'fluorescence': False}"
RS_2977,[0.         0.00130951 0.00205807 ... 0.99828546 0.9988279  1.        ],material,[ 100  102  104 ... 3194 3196 3198],76.94432843251752,2,"{'cosmic_spike': True, 'fluorescence': False}"
RS_2978,[0.90309196 0.89713057 0.91168276 ... 0.00263438 0.00154221 0.00595208],material,[ 100  102  104 ... 3194 3196 3198],40.11119712376973,2,"{'cosmic_spike': False, 'fluorescence': False}"
RS_2979,[0.13868711 0.13836529 0.13841903 ... 0.00464954 0.00462422 0.00463931],material,[ 100  102  104 ... 3194 3196 3198],180.34987075979993,2,"{'cosmic_spike': False, 'fluorescence': False}"
RS_2980,[0.67104513 0.67246158 0.66881502 ... 0.76399225 0.76504695 0.76832262],material,[ 100  102  104 ... 3194 3196 3198],67.40906533476799,2,"{'cosmic_spike': False, 'fluorescence': True}"
RS_2981,[0.         0.00075875 0.00197377 ... 0.20433122 0.20075291 0.19969694],material,[ 100  102  104 ... 3194 3196 3198],102.94166615338763,2,"{'cosmic_spike': False, 'fluorescence': False}"
RS_2982,[0.         0.0012036  0.00144544 ... 0.98153387 0.98337991 0.98399958],material,[ 100  102  104 ... 3194 3196 3198],156.16845104931085,2,"{'cosmic_spike': False, 'fluorescence': False}"
RS_2983,"[6.30537352e-01 6.30724798e-01 6.28348535e-01 ... 1.15449174e-03
 1.42403214e-04 9.34669362e-04]",material,[ 100  102  104 ... 3194 3196 3198],169.44993697819982,2,"{'cosmic_spike': False, 'fluorescence': True}"
RS_2984,"[0.00000000e+00 1.96363521e-04 3.27140340e-03 ... 4.58929087e-01
 4.58949557e-01 4.57820250e-01]",material,[ 100  102  104 ... 3194 3196 3198],168.62215378729465,2,"{'cosmic_spike': False, 'fluorescence': False}"
RS_2985,[0.82821907 0.82865774 0.82630558 ... 0.00462652 0.00237357 0.00264772],material,[ 100  102  104 ... 3194 3196 3198],47.834846916061,2,"{'cosmic_spike': False, 'fluorescence': False}"
RS_2986,"[6.49304165e-01 6.49019755e-01 6.49466231e-01 ... 2.53440378e-03
 5.22473073e-04 0.00000000e+00]",material,[ 100  102  104 ... 3194 3196 3198],99.44205668254831,2,"{'cosmic_spike': False, 'fluorescence': True}"
RS_2987,"[0.00000000e+00 7.06391469e-06 2.72444450e-03 ... 8.85272797e-02
 9.08027034e-02 8.66865389e-02]",material,[ 100  102  104 ... 3194 3196 3198],176.4015560450968,2,"{'cosmic_spike': False, 'fluorescence': False}"
RS_2988,[0.76968438 0.76902701 0.76764524 ... 0.13338737 0.13457498 0.13613399],material,[ 100  102  104 ... 3194 3196 3198],96.22791744414288,2,"{'cosmic_spike': False, 'fluorescence': False}"
RS_2989,[0.         0.00120843 0.00171761 ... 0.37399783 0.37078858 0.37128871],material,[ 100  102  104 ... 3194 3196 3198],88.75154420606347,2,"{'cosmic_spike': False, 'fluorescence': False}"
RS_2990,[0.62848577 0.62849144 0.6283304  ... 0.00754693 0.00410802 0.0058188 ],material,[ 100  102  104 ... 3194 3196 3198],168.76557563943481,2,"{'cosmic_spike': False, 'fluorescence': False}"
RS_2991,[1.         0.99951784 0.99952486 ... 0.00281565 0.00144814 0.        ],material,[ 100  102  104 ... 3194 3196 3198],52.05814759646641,2,"{'cosmic_spike': False, 'fluorescence': False}"
RS_2992,[0.00508907 0.00133245 0.00420016 ... 0.99951137 0.99976784 1.        ],material,[ 100  102  104 ... 3194 3196 3198],49.250242570778624,2,"{'cosmic_spike': False, 'fluorescence': False}"
RS_2993,[0.02982763 0.10154211 0.03269789 ... 0.11340352 0.12162059 0.15193831],material,[ 100  102  104 ... 3194 3196 3198],22.29232504336919,2,"{'cosmic_spike': False, 'fluorescence': True}"
RS_2994,[0.86645797 0.87886136 0.86385236 ... 0.04004567 0.02548472 0.03926207],material,[ 100  102  104 ... 3194 3196 3198],23.699769734331866,2,"{'cosmic_spike': False, 'fluorescence': True}"
RS_2995,[1.         0.9978893  0.99601938 ... 0.8328955  0.83595849 0.83571138],material,[ 100  102  104 ... 3194 3196 3198],128.26786146975576,2,"{'cosmic_spike': False, 'fluorescence': False}"
RS_2996,"[4.64463644e-03 0.00000000e+00 1.23002312e-04 ... 6.70835507e-01
 6.62636064e-01 6.66162389e-01]",material,[ 100  102  104 ... 3194 3196 3198],44.463295873681744,2,"{'cosmic_spike': False, 'fluorescence': False}"
RS_2997,[0.03622265 0.03646075 0.0357566  ... 0.99543861 0.99641408 1.        ],material,[ 100  102  104 ... 3194 3196 3198],63.02180686716077,2,"{'cosmic_spike': False, 'fluorescence': False}"
RS_2998,[0.00121735 0.0019165  0.00134139 ... 0.99685787 0.99867282 1.        ],material,[ 100  102  104 ... 3194 3196 3198],103.66388675344278,2,"{'cosmic_spike': False, 'fluorescence': True}"
RS_2999,"[2.48221256e-04 0.00000000e+00 3.08712916e-03 ... 4.77268919e-01
 4.77767033e-01 4.80253278e-01]",material,[ 100  102  104 ... 3194 3196 3198],141.43570525646766,2,"{'cosmic_spike': False, 'fluorescence': False}"
RS_3000,[0.80420465 0.80444935 0.80484413 ... 0.00225266 0.00160946 0.        ],material,[ 100  102  104 ... 3194 3196 3198],81.94254244499982,2,"{'cosmic_spike': False, 'fluorescence': True}"
RS_3001,[0.00093388 0.00035621 0.00095483 ... 0.03605652 0.03394422 0.03645451],material,[ 100  102  104 ... 3194 3196 3198],132.3825432398599,2,"{'cosmic_spike': False, 'fluorescence': False}"
RS_3002,"[8.71541106e-01 8.72009269e-01 8.72281749e-01 ... 2.15558953e-03
 5.89321361e-04 0.00000000e+00]",material,[ 100  102  104 ... 3194 3196 3198],110.96899733363546,2,"{'cosmic_spike': False, 'fluorescence': True}"
RS_3003,[0.6136518  0.6173035  0.61662323 ... 0.00536718 0.00264753 0.        ],material,[ 100  102  104 ... 3194 3196 3198],121.61611197644167,2,"{'cosmic_spike': False, 'fluorescence': False}"
RS_3004,"[0.00000000e+00 1.21529373e-03 6.62419088e-04 ... 8.25879900e-01
 8.26670828e-01 8.27018744e-01]",material,[ 100  102  104 ... 3194 3196 3198],73.32680004535497,2,"{'cosmic_spike': False, 'fluorescence': False}"
RS_3005,[0.51775717 0.51354604 0.51658443 ... 0.99661892 0.9948363  1.        ],material,[ 100  102  104 ... 3194 3196 3198],147.8654048139507,2,"{'cosmic_spike': False, 'fluorescence': False}"
RS_3006,[0.74553743 0.74434601 0.74300441 ... 0.83896381 0.83799342 0.84827456],material,[ 100  102  104 ... 3194 3196 3198],128.84393068741514,2,"{'cosmic_spike': False, 'fluorescence': False}"
RS_3007,"[8.65677625e-01 8.64814866e-01 8.65432508e-01 ... 1.86679901e-03
 8.55775470e-04 0.00000000e+00]",material,[ 100  102  104 ... 3194 3196 3198],129.27712150866518,2,"{'cosmic_spike': False, 'fluorescence': True}"
RS_3008,[0.00279169 0.0008482  0.         ... 0.54734775 0.54381635 0.54691333],material,[ 100  102  104 ... 3194 3196 3198],43.83450274057036,2,"{'cosmic_spike': False, 'fluorescence': False}"
RS_3009,[0.948175   0.97170161 0.96276472 ... 0.02658898 0.00806183 0.        ],material,[ 100  102  104 ... 3194 3196 3198],32.24273907263006,2,"{'cosmic_spike': False, 'fluorescence': False}"
RS_3010,[0.0962965  0.09837027 0.09848983 ... 0.         0.00564625 0.00458631],material,[ 100  102  104 ... 3194 3196 3198],162.84050761155348,2,"{'cosmic_spike': False, 'fluorescence': False}"
RS_3011,"[0.00000000e+00 4.44593706e-04 5.07879581e-03 ... 5.78320825e-01
 5.78480796e-01 5.79832523e-01]",material,[ 100  102  104 ... 3194 3196 3198],196.3174640885849,2,"{'cosmic_spike': False, 'fluorescence': False}"
RS_3012,[0.15873996 0.15898637 0.16104509 ... 0.99717487 0.99538112 1.        ],material,[ 100  102  104 ... 3194 3196 3198],70.33705418116863,2,"{'cosmic_spike': False, 'fluorescence': False}"
RS_3013,"[6.80278441e-05 0.00000000e+00 8.64213150e-04 ... 8.35100567e-01
 8.35375126e-01 8.35929743e-01]",material,[ 100  102  104 ... 3194 3196 3198],199.99275457781582,2,"{'cosmic_spike': False, 'fluorescence': False}"
RS_3014,[0.47982043 0.47852179 0.48051485 ... 0.03455492 0.03390812 0.03578744],material,[ 100  102  104 ... 3194 3196 3198],171.51752436719693,2,"{'cosmic_spike': False, 'fluorescence': True}"
RS_3015,"[2.59086584e-05 0.00000000e+00 8.41110569e-04 ... 9.98782482e-01
 9.98194601e-01 1.00000000e+00]",material,[ 100  102  104 ... 3194 3196 3198],111.21835933959665,2,"{'cosmic_spike': False, 'fluorescence': True}"
RS_3016,[0.         0.02715135 0.00861345 ... 0.86015314 0.85801238 0.8680801 ],material,[ 100  102  104 ... 3194 3196 3198],36.380812639144494,2,"{'cosmic_spike': True, 'fluorescence': False}"
RS_3017,"[8.84635793e-01 8.91638532e-01 8.99589488e-01 ... 1.07133349e-03
 8.04523954e-04 0.00000000e+00]",material,[ 100  102  104 ... 3194 3196 3198],136.77363095642028,2,"{'cosmic_spike': False, 'fluorescence': True}"
RS_3018,"[0.00000000e+00 7.74902991e-04 2.14256550e-03 ... 8.68987922e-01
 8.68445231e-01 8.66907736e-01]",material,[ 100  102  104 ... 3194 3196 3198],172.00729484155457,2,"{'cosmic_spike': False, 'fluorescence': False}"
RS_3019,[0.82628888 0.8304015  0.85865666 ... 0.         0.03903713 0.03873103],material,[ 100  102  104 ... 3194 3196 3198],21.709262731095865,2,"{'cosmic_spike': False, 'fluorescence': False}"
RS_3020,"[0.00000000e+00 7.54881694e-03 8.10869111e-05 ... 9.95220568e-01
 9.84357987e-01 9.93020234e-01]",material,[ 100  102  104 ... 3194 3196 3198],25.184803625880768,2,"{'cosmic_spike': False, 'fluorescence': True}"
RS_3021,[0.         0.00406988 0.00259788 ... 0.97832882 0.97782395 0.97850629],material,[ 100  102  104 ... 3194 3196 3198],159.8249228293776,2,"{'cosmic_spike': False, 'fluorescence': False}"
RS_3022,[1.         0.99629928 0.99546503 ... 0.53649635 0.53793305 0.5398899 ],material,[ 100  102  104 ... 3194 3196 3198],70.2576696138509,2,"{'cosmic_spike': False, 'fluorescence': False}"
RS_3023,[0.81562403 0.86778625 0.90581962 ... 0.00331376 0.         0.00188935],material,[ 100  102  104 ... 3194 3196 3198],140.82677438861614,2,"{'cosmic_spike': False, 'fluorescence': True}"
RS_3024,[0.28124201 0.28131696 0.28174305 ... 0.00080154 0.00035363 0.        ],material,[ 100  102  104 ... 3194 3196 3198],185.4594222026102,2,"{'cosmic_spike': False, 'fluorescence': False}"
RS_3025,[0.77389151 0.7755545  0.77554982 ... 0.00255962 0.0010128  0.        ],material,[ 100  102  104 ... 3194 3196 3198],153.6630993750687,2,"{'cosmic_spike': False, 'fluorescence': False}"
RS_3026,[0.1667068  0.16562438 0.16512257 ... 0.54360083 0.54667038 0.54422643],material,[ 100  102  104 ... 3194 3196 3198],97.12088593828723,2,"{'cosmic_spike': True, 'fluorescence': True}"
RS_3027,[0.06955609 0.08191818 0.09458656 ... 0.79304762 0.79414264 0.79408959],material,[ 100  102  104 ... 3194 3196 3198],88.74404803163563,2,"{'cosmic_spike': False, 'fluorescence': True}"
RS_3028,[0.70999297 0.67504898 0.71533724 ... 0.5541292  0.59602794 0.54789865],material,[ 100  102  104 ... 3194 3196 3198],28.245806871620196,2,"{'cosmic_spike': False, 'fluorescence': False}"
RS_3029,[0.13923613 0.13256736 0.13375001 ... 1.         0.99438874 0.99695756],material,[ 100  102  104 ... 3194 3196 3198],41.8151891569386,2,"{'cosmic_spike': False, 'fluorescence': False}"
RS_3030,[0.99894432 1.         0.99637787 ... 0.27792564 0.2780184  0.27862086],material,[ 100  102  104 ... 3194 3196 3198],125.82226133813795,2,"{'cosmic_spike': True, 'fluorescence': False}"
RS_3031,[1.         0.99840399 0.99815493 ... 0.00857595 0.01149482 0.01130232],material,[ 100  102  104 ... 3194 3196 3198],129.86075645959903,2,"{'cosmic_spike': False, 'fluorescence': False}"
RS_3032,[0.00709754 0.01206688 0.         ... 0.99387855 0.99715998 1.        ],material,[ 100  102  104 ... 3194 3196 3198],34.56282933167401,2,"{'cosmic_spike': False, 'fluorescence': True}"
RS_3033,[0.         0.00131408 0.00243447 ... 0.9983173  0.9997615  1.        ],material,[ 100  102  104 ... 3194 3196 3198],101.03948943114511,2,"{'cosmic_spike': False, 'fluorescence': False}"
RS_3034,"[0.00000000e+00 2.34875484e-04 2.42768194e-03 ... 9.39534791e-01
 9.42232212e-01 9.41308913e-01]",material,[ 100  102  104 ... 3194 3196 3198],121.07572654956097,2,"{'cosmic_spike': False, 'fluorescence': True}"
RS_3035,[0.33250318 0.33129209 0.33193076 ... 0.99527968 0.99670524 0.99842615],material,[ 100  102  104 ... 3194 3196 3198],68.62840473748591,2,"{'cosmic_spike': False, 'fluorescence': True}"
RS_3036,[0.78024382 0.77911421 0.78205376 ... 0.00240857 0.00141559 0.        ],material,[ 100  102  104 ... 3194 3196 3198],114.93718482730071,2,"{'cosmic_spike': False, 'fluorescence': True}"
RS_3037,[0.67093266 0.66967136 0.67121235 ... 0.00248705 0.00262109 0.        ],material,[ 100  102  104 ... 3194 3196 3198],131.60801730204548,2,"{'cosmic_spike': False, 'fluorescence': True}"
RS_3038,[0.85628156 0.8787879  0.83874522 ... 0.03995878 0.04616873 0.09703128],material,[ 100  102  104 ... 3194 3196 3198],25.942607690443026,2,"{'cosmic_spike': False, 'fluorescence': True}"
RS_3039,[0.         0.0008638  0.00209002 ... 0.67523209 0.67416961 0.67329613],material,[ 100  102  104 ... 3194 3196 3198],172.77400576852844,2,"{'cosmic_spike': False, 'fluorescence': False}"
RS_3040,[0.99865809 1.         0.99581303 ... 0.69178044 0.69305506 0.6940988 ],material,[ 100  102  104 ... 3194 3196 3198],163.13868060971768,2,"{'cosmic_spike': False, 'fluorescence': False}"
RS_3041,[0.00971095 0.01067779 0.0127533  ... 0.00251606 0.00040241 0.        ],material,[ 100  102  104 ... 3194 3196 3198],191.82793652891854,2,"{'cosmic_spike': False, 'fluorescence': False}"
RS_3042,[0.70853817 0.70685503 0.70890781 ... 0.00410778 0.00271782 0.        ],material,[ 100  102  104 ... 3194 3196 3198],161.53255905960904,2,"{'cosmic_spike': False, 'fluorescence': True}"
RS_3043,[0.         0.00216009 0.00394972 ... 0.78465056 0.78300187 0.78278775],material,[ 100  102  104 ... 3194 3196 3198],125.0336062988528,2,"{'cosmic_spike': True, 'fluorescence': False}"
RS_3044,[0.50666355 0.5058971  0.50437998 ... 0.82115055 0.82187613 0.82345775],material,[ 100  102  104 ... 3194 3196 3198],118.06871483155925,2,"{'cosmic_spike': False, 'fluorescence': False}"
RS_3045,[0.68195463 0.70836024 0.69755389 ... 0.12130972 0.0679321  0.06599184],material,[ 100  102  104 ... 3194 3196 3198],22.870125050125452,2,"{'cosmic_spike': True, 'fluorescence': False}"
RS_3046,"[1.00000000e+00 9.99039108e-01 9.98399463e-01 ... 6.63751731e-04
 1.25303879e-03 0.00000000e+00]",material,[ 100  102  104 ... 3194 3196 3198],140.22456458305197,2,"{'cosmic_spike': False, 'fluorescence': False}"
RS_3047,"[0.00000000e+00 3.31365076e-05 2.31661178e-03 ... 8.05488411e-01
 8.06719929e-01 8.05658716e-01]",material,[ 100  102  104 ... 3194 3196 3198],136.37496612551314,2,"{'cosmic_spike': False, 'fluorescence': False}"
RS_3048,[0.0032257  0.00900456 0.00357456 ... 0.71878861 0.70473888 0.71532153],material,[ 100  102  104 ... 3194 3196 3198],35.875687004403446,2,"{'cosmic_spike': False, 'fluorescence': False}"
RS_3049,[0.50680684 0.50558527 0.50535469 ... 0.00349751 0.         0.00142863],material,[ 100  102  104 ... 3194 3196 3198],148.12775098191577,2,"{'cosmic_spike': False, 'fluorescence': False}"
RS_3050,[0.00224368 0.00129535 0.00103083 ... 0.962065   0.9628513  0.96430669],material,[ 100  102  104 ... 3194 3196 3198],176.5625940321638,2,"{'cosmic_spike': False, 'fluorescence': False}"
RS_3051,[0.         0.00485213 0.01037318 ... 0.26309722 0.26198467 0.26165425],material,[ 100  102  104 ... 3194 3196 3198],93.06841500418375,2,"{'cosmic_spike': False, 'fluorescence': False}"
RS_3052,"[5.88811373e-01 5.89365238e-01 5.89848537e-01 ... 2.62004732e-03
 0.00000000e+00 9.14734845e-05]",material,[ 100  102  104 ... 3194 3196 3198],87.15154628267342,2,"{'cosmic_spike': False, 'fluorescence': False}"
RS_3053,[0.13099635 0.14524525 0.13924776 ... 0.88061859 0.87980025 0.87809561],material,[ 100  102  104 ... 3194 3196 3198],37.252007562241126,2,"{'cosmic_spike': False, 'fluorescence': True}"
RS_3054,[0.         0.00070391 0.00143696 ... 0.66300954 0.66219819 0.66360187],material,[ 100  102  104 ... 3194 3196 3198],119.12586470467244,2,"{'cosmic_spike': False, 'fluorescence': True}"
RS_3055,[1.         0.99587243 0.99691464 ... 0.11003641 0.10956517 0.11179032],material,[ 100  102  104 ... 3194 3196 3198],129.24595176592766,2,"{'cosmic_spike': False, 'fluorescence': False}"
RS_3056,[0.23261097 0.2231016  0.23444641 ... 0.32938689 0.32448229 0.32617767],material,[ 100  102  104 ... 3194 3196 3198],29.86552126574091,2,"{'cosmic_spike': False, 'fluorescence': False}"
RS_3057,[0.         0.00267982 0.00436226 ... 0.34845959 0.34837001 0.34632236],material,[ 100  102  104 ... 3194 3196 3198],72.63360512928278,2,"{'cosmic_spike': False, 'fluorescence': True}"
RS_3058,[0.03502655 0.04189832 0.05130696 ... 0.12661059 0.12502293 0.12474384],material,[ 100  102  104 ... 3194 3196 3198],76.69274974844389,2,"{'cosmic_spike': False, 'fluorescence': True}"
RS_3059,[1.         0.99757038 0.99694418 ... 0.08536769 0.08505663 0.08594243],material,[ 100  102  104 ... 3194 3196 3198],82.08242112320409,2,"{'cosmic_spike': False, 'fluorescence': True}"
RS_3060,[0.         0.00101732 0.00324177 ... 0.91280561 0.91315124 0.9142103 ],material,[ 100  102  104 ... 3194 3196 3198],161.57424270131455,2,"{'cosmic_spike': False, 'fluorescence': True}"
RS_3061,[0.26215608 0.26329231 0.26471981 ... 0.0037677  0.00250791 0.        ],material,[ 100  102  104 ... 3194 3196 3198],101.85112614757375,2,"{'cosmic_spike': False, 'fluorescence': False}"
RS_3062,"[0.00000000e+00 8.32032686e-04 1.76665744e-03 ... 8.71364765e-01
 8.71799559e-01 8.71777851e-01]",material,[ 100  102  104 ... 3194 3196 3198],121.771374239701,2,"{'cosmic_spike': False, 'fluorescence': True}"
RS_3063,[0.32456922 0.32248524 0.32439121 ... 0.99745217 0.99968599 1.        ],material,[ 100  102  104 ... 3194 3196 3198],70.2379417856553,2,"{'cosmic_spike': False, 'fluorescence': False}"
RS_3064,[0.91537959 0.90971295 0.91039626 ... 0.0104122  0.01167197 0.01135716],material,[ 100  102  104 ... 3194 3196 3198],179.7383180196932,2,"{'cosmic_spike': False, 'fluorescence': False}"
RS_3065,[0.68314445 0.79247472 0.71695159 ... 0.0626734  0.04796022 0.        ],material,[ 100  102  104 ... 3194 3196 3198],23.250388551549005,2,"{'cosmic_spike': False, 'fluorescence': False}"
RS_3066,[0.         0.00063061 0.00179018 ... 0.62468733 0.62515574 0.6260977 ],material,[ 100  102  104 ... 3194 3196 3198],120.97320197175014,2,"{'cosmic_spike': False, 'fluorescence': False}"
RS_3067,[0.62352708 0.62050152 0.62274066 ... 0.00122173 0.00315508 0.        ],material,[ 100  102  104 ... 3194 3196 3198],123.36403259668366,2,"{'cosmic_spike': False, 'fluorescence': True}"
RS_3068,[0.         0.00239959 0.0059652  ... 0.16319001 0.16283519 0.15989199],material,[ 100  102  104 ... 3194 3196 3198],67.41155171945692,2,"{'cosmic_spike': False, 'fluorescence': True}"
RS_3069,[0.56081752 0.56037936 0.55948143 ... 0.00184429 0.00072035 0.        ],material,[ 100  102  104 ... 3194 3196 3198],92.82043666271164,2,"{'cosmic_spike': False, 'fluorescence': True}"
RS_3070,[0.39602158 0.3975979  0.39929293 ... 0.00114759 0.00178704 0.        ],material,[ 100  102  104 ... 3194 3196 3198],148.6378843588965,2,"{'cosmic_spike': False, 'fluorescence': False}"
RS_3071,[0.22143582 0.22247028 0.22000462 ... 0.99410513 0.99685538 1.        ],material,[ 100  102  104 ... 3194 3196 3198],139.66794936131893,2,"{'cosmic_spike': False, 'fluorescence': False}"
RS_3072,[0.95779112 0.96101632 0.96356663 ... 0.30712071 0.30957117 0.31012213],material,[ 100  102  104 ... 3194 3196 3198],182.47107687098057,2,"{'cosmic_spike': False, 'fluorescence': False}"
RS_3073,[0.82743719 0.83020545 0.8282063  ... 0.16677521 0.16968135 0.17038859],material,[ 100  102  104 ... 3194 3196 3198],148.91368765113504,2,"{'cosmic_spike': False, 'fluorescence': False}"
RS_3074,[0.26992398 0.26670389 0.27685898 ... 0.92035337 1.         0.97674103],material,[ 100  102  104 ... 3194 3196 3198],21.19869645827007,2,"{'cosmic_spike': False, 'fluorescence': False}"
RS_3075,[0.01459814 0.00205429 0.03251901 ... 0.64818796 0.61443865 0.63548439],material,[ 100  102  104 ... 3194 3196 3198],32.747778291669185,2,"{'cosmic_spike': False, 'fluorescence': False}"
RS_3076,"[3.80079618e-01 3.78975438e-01 3.82437879e-01 ... 2.49209653e-03
 3.04732720e-04 0.00000000e+00]",material,[ 100  102  104 ... 3194 3196 3198],155.01188579459267,2,"{'cosmic_spike': False, 'fluorescence': True}"
RS_3077,[1.         0.99826609 0.99614298 ... 0.29448101 0.29457934 0.29548029],material,[ 100  102  104 ... 3194 3196 3198],77.1416850939737,2,"{'cosmic_spike': False, 'fluorescence': False}"
RS_3078,"[7.30579336e-01 7.29681190e-01 7.31730684e-01 ... 3.99726270e-03
 4.57937281e-04 0.00000000e+00]",material,[ 100  102  104 ... 3194 3196 3198],61.65479292626907,2,"{'cosmic_spike': False, 'fluorescence': False}"
RS_3079,[0.95720023 0.9540488  0.95275937 ... 0.4253169  0.42819852 0.4278153 ],material,[ 100  102  104 ... 3194 3196 3198],180.6155188412955,2,"{'cosmic_spike': True, 'fluorescence': True}"
RS_3080,[0.60937138 0.61048461 0.61116147 ... 0.00250914 0.00122849 0.        ],material,[ 100  102  104 ... 3194 3196 3198],138.63369321656694,2,"{'cosmic_spike': False, 'fluorescence': False}"
RS_3081,"[1.00000000e+00 9.99650297e-01 9.98684874e-01 ... 1.16555215e-03
 5.70918194e-04 0.00000000e+00]",material,[ 100  102  104 ... 3194 3196 3198],73.1309632091264,2,"{'cosmic_spike': False, 'fluorescence': False}"
RS_3082,"[0.00000000e+00 6.26969047e-04 1.77251424e-03 ... 8.49847060e-01
 8.50491711e-01 8.50688260e-01]",material,[ 100  102  104 ... 3194 3196 3198],127.39578494649315,2,"{'cosmic_spike': False, 'fluorescence': False}"
RS_3083,"[7.45688293e-04 0.00000000e+00 2.58068191e-03 ... 8.65187380e-01
 8.65083429e-01 8.66776301e-01]",material,[ 100  102  104 ... 3194 3196 3198],157.71163405995588,2,"{'cosmic_spike': False, 'fluorescence': False}"
RS_3084,[0.56595538 0.567014   0.5670318  ... 0.00370337 0.00235251 0.        ],material,[ 100  102  104 ... 3194 3196 3198],165.68992266011068,2,"{'cosmic_spike': False, 'fluorescence': False}"
RS_3085,[0.91399927 0.91163567 0.90743911 ... 0.09526182 0.0929169  0.09282654],material,[ 100  102  104 ... 3194 3196 3198],126.11632543313792,2,"{'cosmic_spike': False, 'fluorescence': False}"
RS_3086,"[8.66375257e-01 8.65742642e-01 8.68186219e-01 ... 0.00000000e+00
 2.89127233e-04 1.98146815e-04]",material,[ 100  102  104 ... 3194 3196 3198],48.13112478459797,2,"{'cosmic_spike': False, 'fluorescence': False}"
RS_3087,[0.48117234 0.50185394 0.52248533 ... 0.02141135 0.00688783 0.02825417],material,[ 100  102  104 ... 3194 3196 3198],24.67701916379048,2,"{'cosmic_spike': False, 'fluorescence': False}"
RS_3088,[0.43869505 0.44008275 0.44233426 ... 0.00388977 0.00296287 0.        ],material,[ 100  102  104 ... 3194 3196 3198],103.95828343180304,2,"{'cosmic_spike': False, 'fluorescence': True}"
RS_3089,[0.00113768 0.00118532 0.00123413 ... 0.99805273 0.99918343 1.        ],material,[ 100  102  104 ... 3194 3196 3198],113.87560659600831,2,"{'cosmic_spike': False, 'fluorescence': False}"
RS_3090,[0.21767483 0.2161131  0.21422739 ... 0.99696595 0.996504   1.        ],material,[ 100  102  104 ... 3194 3196 3198],66.22918274254134,2,"{'cosmic_spike': False, 'fluorescence': False}"
RS_3091,[0.28525616 0.28488    0.28474895 ... 0.99604772 0.99960187 1.        ],material,[ 100  102  104 ... 3194 3196 3198],48.261715646702854,2,"{'cosmic_spike': False, 'fluorescence': True}"
RS_3092,[1.         0.99812147 0.99601636 ... 0.04492913 0.04591091 0.04563991],material,[ 100  102  104 ... 3194 3196 3198],106.9657726736184,2,"{'cosmic_spike': False, 'fluorescence': False}"
RS_3093,[0.50545354 0.57648312 0.65435327 ... 0.11525668 0.09320151 0.12166221],material,[ 100  102  104 ... 3194 3196 3198],20.25028733913858,2,"{'cosmic_spike': False, 'fluorescence': False}"
RS_3094,"[0.00000000e+00 1.33321298e-04 8.62357286e-05 ... 8.58769063e-01
 8.54259036e-01 8.55667241e-01]",material,[ 100  102  104 ... 3194 3196 3198],43.04962837870301,2,"{'cosmic_spike': False, 'fluorescence': False}"
RS_3095,[0.         0.00092696 0.00221341 ... 0.92394976 0.92338169 0.92427346],material,[ 100  102  104 ... 3194 3196 3198],46.56612168585569,2,"{'cosmic_spike': False, 'fluorescence': False}"
RS_3096,[0.29033652 0.29028986 0.29194062 ... 0.00848963 0.00257806 0.        ],material,[ 100  102  104 ... 3194 3196 3198],41.13176730947902,2,"{'cosmic_spike': False, 'fluorescence': False}"
RS_3097,[0.07840345 0.07611812 0.0754189  ... 0.00491253 0.         0.00049568],material,[ 100  102  104 ... 3194 3196 3198],198.78252902719674,2,"{'cosmic_spike': False, 'fluorescence': False}"
RS_3098,[0.62827814 0.6288758  0.626058   ... 0.98506849 0.98824122 0.98825394],material,[ 100  102  104 ... 3194 3196 3198],96.82469333295005,2,"{'cosmic_spike': False, 'fluorescence': True}"
RS_3099,[0.10967486 0.10854416 0.10629775 ... 0.74035326 0.74040496 0.73891291],material,[ 100  102  104 ... 3194 3196 3198],72.2840487543351,2,"{'cosmic_spike': False, 'fluorescence': False}"
RS_3100,[0.78571319 0.78753273 0.79305192 ... 0.52808705 0.52954673 0.53000249],material,[ 100  102  104 ... 3194 3196 3198],158.98609978469443,2,"{'cosmic_spike': False, 'fluorescence': False}"
RS_3101,"[7.87049588e-01 7.85834726e-01 7.86417876e-01 ... 2.38825642e-03
 0.00000000e+00 4.85737453e-04]",material,[ 100  102  104 ... 3194 3196 3198],66.320153861796,2,"{'cosmic_spike': False, 'fluorescence': False}"
RS_3102,[0.         0.00113063 0.00331978 ... 0.45968411 0.45883782 0.4583816 ],material,[ 100  102  104 ... 3194 3196 3198],88.31204236202373,2,"{'cosmic_spike': False, 'fluorescence': True}"
RS_3103,[0.1495051  0.14591686 0.14471973 ... 0.98571471 1.         0.99507903],material,[ 100  102  104 ... 3194 3196 3198],43.857311412689114,2,"{'cosmic_spike': False, 'fluorescence': True}"
RS_3104,[0.07457234 0.07717433 0.07299184 ... 0.01260489 0.01029298 0.00831725],material,[ 100  102  104 ... 3194 3196 3198],28.41123007669944,2,"{'cosmic_spike': False, 'fluorescence': False}"
RS_3105,[0.70972314 0.71283355 0.70877284 ... 0.99644794 0.99853223 1.        ],material,[ 100  102  104 ... 3194 3196 3198],185.6034819165411,2,"{'cosmic_spike': False, 'fluorescence': False}"
RS_3106,"[1.00000000e+00 9.98530057e-01 9.97222576e-01 ... 1.76570723e-03
 4.01165472e-04 0.00000000e+00]",material,[ 100  102  104 ... 3194 3196 3198],130.10297272297163,2,"{'cosmic_spike': False, 'fluorescence': True}"
RS_3107,[0.82152249 0.82403885 0.81813256 ... 0.00092885 0.         0.00119324],material,[ 100  102  104 ... 3194 3196 3198],39.3163647949138,2,"{'cosmic_spike': False, 'fluorescence': True}"
RS_3108,[0.81175691 0.7960145  0.87457821 ... 0.21600899 0.19263958 0.15752646],material,[ 100  102  104 ... 3194 3196 3198],36.35946343780877,2,"{'cosmic_spike': False, 'fluorescence': True}"
RS_3109,[0.03080648 0.03139535 0.03050596 ... 0.00018462 0.00028993 0.00030166],material,[ 100  102  104 ... 3194 3196 3198],125.72263469112322,2,"{'cosmic_spike': False, 'fluorescence': False}"
RS_3110,"[0.00000000e+00 6.61005782e-04 7.94238412e-04 ... 7.14599629e-01
 7.15804145e-01 7.14796172e-01]",material,[ 100  102  104 ... 3194 3196 3198],122.7840933631497,2,"{'cosmic_spike': False, 'fluorescence': True}"
RS_3111,[0.08388684 0.08387349 0.08374118 ... 0.0003948  0.0001127  0.        ],material,[ 100  102  104 ... 3194 3196 3198],163.23108193448405,2,"{'cosmic_spike': False, 'fluorescence': False}"
RS_3112,"[2.10818111e-04 0.00000000e+00 2.14224356e-03 ... 6.39148025e-01
 6.33527054e-01 6.35835744e-01]",material,[ 100  102  104 ... 3194 3196 3198],136.39107574815603,2,"{'cosmic_spike': False, 'fluorescence': False}"
RS_3113,[0.07260142 0.07057286 0.07622855 ... 0.00012947 0.00336446 0.        ],material,[ 100  102  104 ... 3194 3196 3198],113.6750312555997,2,"{'cosmic_spike': False, 'fluorescence': False}"
RS_3114,[0.02692876 0.026017   0.02453008 ... 0.99845964 0.99961398 1.        ],material,[ 100  102  104 ... 3194 3196 3198],104.32418196391312,2,"{'cosmic_spike': False, 'fluorescence': False}"
RS_3115,"[7.82734035e-01 7.83466751e-01 7.84010178e-01 ... 2.55411328e-04
 0.00000000e+00 2.36839012e-04]",material,[ 100  102  104 ... 3194 3196 3198],89.19374024232326,2,"{'cosmic_spike': False, 'fluorescence': False}"
RS_3116,[0.04400433 0.05942842 0.0435703  ... 0.61857514 0.58649054 0.63843671],material,[ 100  102  104 ... 3194 3196 3198],21.633265421440154,2,"{'cosmic_spike': True, 'fluorescence': True}"
RS_3117,[1.         0.99846424 0.99659675 ... 0.17520624 0.17348714 0.17524634],material,[ 100  102  104 ... 3194 3196 3198],140.79047923349154,2,"{'cosmic_spike': False, 'fluorescence': False}"
RS_3118,[0.1416639  0.13952199 0.13931744 ... 0.99692815 0.99930779 1.        ],material,[ 100  102  104 ... 3194 3196 3198],71.33482266234634,2,"{'cosmic_spike': False, 'fluorescence': False}"
RS_3119,[0.70497268 0.70559373 0.70483373 ... 0.00165301 0.00137727 0.        ],material,[ 100  102  104 ... 3194 3196 3198],145.4751241848656,2,"{'cosmic_spike': False, 'fluorescence': False}"
RS_3120,[0.37338734 0.37341661 0.37343875 ... 0.0005933  0.00052224 0.        ],material,[ 100  102  104 ... 3194 3196 3198],58.17158577239941,2,"{'cosmic_spike': True, 'fluorescence': False}"
RS_3121,[0.         0.00250964 0.00268972 ... 0.56373097 0.5626613  0.56223298],material,[ 100  102  104 ... 3194 3196 3198],52.7935429589279,2,"{'cosmic_spike': False, 'fluorescence': False}"
RS_3122,[0.39710381 0.46457682 0.43024911 ... 0.08274709 0.         0.05598787],material,[ 100  102  104 ... 3194 3196 3198],22.686257740635543,2,"{'cosmic_spike': False, 'fluorescence': True}"
RS_3123,[0.31285912 0.33928519 0.39155635 ... 0.41820704 0.38812558 0.37164593],material,[ 100  102  104 ... 3194 3196 3198],25.16798509633766,2,"{'cosmic_spike': False, 'fluorescence': True}"
RS_3124,"[0.00000000e+00 7.80906134e-04 1.70265673e-03 ... 9.08137741e-01
 9.07833360e-01 9.07888780e-01]",material,[ 100  102  104 ... 3194 3196 3198],99.6125599045553,2,"{'cosmic_spike': False, 'fluorescence': False}"
RS_3125,[0.11578813 0.12169519 0.13076487 ... 0.86145334 0.8620217  0.8673971 ],material,[ 100  102  104 ... 3194 3196 3198],126.00861846932553,2,"{'cosmic_spike': False, 'fluorescence': False}"
RS_3126,"[0.00000000e+00 4.34531997e-04 7.68206152e-04 ... 8.87772553e-01
 8.88073614e-01 8.88302730e-01]",material,[ 100  102  104 ... 3194 3196 3198],50.5171026140949,2,"{'cosmic_spike': False, 'fluorescence': False}"
RS_3127,"[1.00000000e+00 9.98977847e-01 9.97757214e-01 ... 1.18996033e-04
 1.86928070e-04 0.00000000e+00]",material,[ 100  102  104 ... 3194 3196 3198],197.50799389987003,2,"{'cosmic_spike': False, 'fluorescence': True}"
RS_3128,[0.87660765 0.87741071 0.87795062 ... 0.36773274 0.36877333 0.37123457],material,[ 100  102  104 ... 3194 3196 3198],123.33868888274262,2,"{'cosmic_spike': False, 'fluorescence': False}"
RS_3129,[0.00299349 0.00790296 0.01305735 ... 0.00297894 0.00064723 0.        ],material,[ 100  102  104 ... 3194 3196 3198],132.63073871263674,2,"{'cosmic_spike': False, 'fluorescence': False}"
RS_3130,"[1.06807353e-04 2.26946000e-05 0.00000000e+00 ... 7.33317457e-01
 7.34216576e-01 7.36171084e-01]",material,[ 100  102  104 ... 3194 3196 3198],71.8867461944473,2,"{'cosmic_spike': False, 'fluorescence': True}"
RS_3131,[0.67951713 0.64381005 0.66895788 ... 0.03024782 0.01313914 0.00774247],material,[ 100  102  104 ... 3194 3196 3198],33.17396851127609,2,"{'cosmic_spike': False, 'fluorescence': False}"
RS_3132,[0.         0.00421687 0.00495028 ... 0.81501263 0.81108291 0.8129503 ],material,[ 100  102  104 ... 3194 3196 3198],38.09289331640197,2,"{'cosmic_spike': False, 'fluorescence': False}"
RS_3133,"[0.00000000e+00 2.68972379e-04 1.29542515e-03 ... 7.45330365e-01
 7.45504607e-01 7.45423850e-01]",material,[ 100  102  104 ... 3194 3196 3198],185.59740819557953,2,"{'cosmic_spike': False, 'fluorescence': False}"
RS_3134,[0.41929147 0.42824389 0.42402547 ... 0.32825656 0.32018253 0.33335189],material,[ 100  102  104 ... 3194 3196 3198],27.073015848436437,2,"{'cosmic_spike': False, 'fluorescence': False}"
RS_3135,[0.43157072 0.43227144 0.43249994 ... 0.28182599 0.28345956 0.28287565],material,[ 100  102  104 ... 3194 3196 3198],56.50070364645691,2,"{'cosmic_spike': False, 'fluorescence': True}"
RS_3136,[0.26143715 0.26583492 0.26497416 ... 0.00431676 0.00271167 0.        ],material,[ 100  102  104 ... 3194 3196 3198],50.75088218727602,2,"{'cosmic_spike': False, 'fluorescence': False}"
RS_3137,[1.         0.99456794 0.99437059 ... 0.54905221 0.55123796 0.54908372],material,[ 100  102  104 ... 3194 3196 3198],81.58903750569425,2,"{'cosmic_spike': False, 'fluorescence': False}"
RS_3138,[0.56830856 0.57358244 0.57515826 ... 0.3078043  0.31304654 0.31212087],material,[ 100  102  104 ... 3194 3196 3198],108.034700849271,2,"{'cosmic_spike': True, 'fluorescence': False}"
RS_3139,[0.01199781 0.01146845 0.01152152 ... 0.9971513  0.99751703 1.        ],material,[ 100  102  104 ... 3194 3196 3198],51.951300251283186,2,"{'cosmic_spike': False, 'fluorescence': False}"
RS_3140,[0.65448895 0.64981789 0.65152215 ... 0.07524582 0.07386283 0.07677505],material,[ 100  102  104 ... 3194 3196 3198],193.96935960950506,2,"{'cosmic_spike': False, 'fluorescence': False}"
RS_3141,[0.60673126 0.6207454  0.60265379 ... 0.05228902 0.         0.07523919],material,[ 100  102  104 ... 3194 3196 3198],20.77535247578346,2,"{'cosmic_spike': True, 'fluorescence': False}"
RS_3142,[0.4255173  0.42808553 0.42855765 ... 0.00218986 0.00130718 0.        ],material,[ 100  102  104 ... 3194 3196 3198],187.14772735209453,2,"{'cosmic_spike': False, 'fluorescence': False}"
RS_3143,"[6.37252910e-01 6.37206286e-01 6.36965819e-01 ... 2.00914339e-03
 0.00000000e+00 6.03036009e-04]",material,[ 100  102  104 ... 3194 3196 3198],197.3823448817656,2,"{'cosmic_spike': False, 'fluorescence': False}"
RS_3144,[0.61039998 0.65919151 0.59104052 ... 0.08015004 0.06519244 0.07107905],material,[ 100  102  104 ... 3194 3196 3198],26.723619186588543,2,"{'cosmic_spike': False, 'fluorescence': False}"
RS_3145,"[0.00000000e+00 6.71582807e-04 1.54383513e-03 ... 9.98423849e-01
 9.98004069e-01 1.00000000e+00]",material,[ 100  102  104 ... 3194 3196 3198],84.5024279241406,2,"{'cosmic_spike': False, 'fluorescence': False}"
RS_3146,[0.64783839 0.64703368 0.6454968  ... 0.73001101 0.73122411 0.73472537],material,[ 100  102  104 ... 3194 3196 3198],89.48398298000343,2,"{'cosmic_spike': False, 'fluorescence': False}"
RS_3147,[0.         0.00236092 0.00317855 ... 0.4847497  0.48964992 0.48648569],material,[ 100  102  104 ... 3194 3196 3198],45.03778104163068,2,"{'cosmic_spike': False, 'fluorescence': False}"
RS_3148,[0.11036106 0.10906983 0.10738292 ... 0.99471685 0.99616381 1.        ],material,[ 100  102  104 ... 3194 3196 3198],196.91689432635624,2,"{'cosmic_spike': False, 'fluorescence': False}"
RS_3149,[0.11537246 0.11489751 0.11485121 ... 0.05518601 0.05546073 0.05573629],material,[ 100  102  104 ... 3194 3196 3198],66.44621944884028,2,"{'cosmic_spike': False, 'fluorescence': False}"
RS_3150,[0.55376573 0.55380252 0.55398242 ... 0.00288622 0.00141854 0.        ],material,[ 100  102  104 ... 3194 3196 3198],125.2808653297355,2,"{'cosmic_spike': False, 'fluorescence': True}"
RS_3151,"[0.00000000e+00 3.20135449e-04 2.72022746e-03 ... 9.95810833e-01
 9.98605943e-01 1.00000000e+00]",material,[ 100  102  104 ... 3194 3196 3198],132.6212176082019,2,"{'cosmic_spike': False, 'fluorescence': False}"
RS_3152,[0.78032402 0.80821636 0.78783609 ... 0.95861418 0.9459284  1.        ],material,[ 100  102  104 ... 3194 3196 3198],29.52318523338005,2,"{'cosmic_spike': True, 'fluorescence': False}"
RS_3153,"[2.17498467e-01 2.17178271e-01 2.18775358e-01 ... 2.27627097e-03
 1.86555111e-04 0.00000000e+00]",material,[ 100  102  104 ... 3194 3196 3198],131.6481599442713,2,"{'cosmic_spike': False, 'fluorescence': True}"
RS_3154,[0.77500991 0.77513316 0.77583018 ... 0.00078323 0.         0.00122713],material,[ 100  102  104 ... 3194 3196 3198],46.877049670112186,2,"{'cosmic_spike': False, 'fluorescence': False}"
RS_3155,[0.         0.00051788 0.00214918 ... 0.26273854 0.2626376  0.26267368],material,[ 100  102  104 ... 3194 3196 3198],149.17724946412335,2,"{'cosmic_spike': False, 'fluorescence': False}"
RS_3156,"[4.21530941e-04 0.00000000e+00 1.61543781e-03 ... 6.38220716e-01
 6.37036621e-01 6.35649910e-01]",material,[ 100  102  104 ... 3194 3196 3198],67.32340075143466,2,"{'cosmic_spike': True, 'fluorescence': False}"
RS_3157,[0.94555103 0.9465962  0.94723614 ... 0.00356516 0.00116177 0.        ],material,[ 100  102  104 ... 3194 3196 3198],65.16277997062065,2,"{'cosmic_spike': False, 'fluorescence': False}"
RS_3158,[0.         0.00106558 0.00198597 ... 0.72878213 0.72749082 0.72834912],material,[ 100  102  104 ... 3194 3196 3198],183.90707781400965,2,"{'cosmic_spike': False, 'fluorescence': True}"
RS_3159,[1.         0.99859155 0.99550509 ... 0.09026615 0.08823562 0.0892206 ],material,[ 100  102  104 ... 3194 3196 3198],44.30294554352102,2,"{'cosmic_spike': False, 'fluorescence': False}"
RS_3160,[0.00190593 0.00931963 0.0079155  ... 0.99718917 0.99987731 0.99734404],material,[ 100  102  104 ... 3194 3196 3198],42.643974432457924,2,"{'cosmic_spike': False, 'fluorescence': True}"
RS_3161,[0.         0.00159964 0.00251069 ... 0.50988811 0.50995541 0.51116961],material,[ 100  102  104 ... 3194 3196 3198],59.847996899399824,2,"{'cosmic_spike': False, 'fluorescence': False}"
RS_3162,[0.69318387 0.69496667 0.69413583 ... 0.00276365 0.00147031 0.        ],material,[ 100  102  104 ... 3194 3196 3198],197.85912880714451,2,"{'cosmic_spike': False, 'fluorescence': False}"
RS_3163,[0.93593598 0.93223666 0.93084255 ... 0.99685701 0.99831814 1.        ],material,[ 100  102  104 ... 3194 3196 3198],78.12269997631554,2,"{'cosmic_spike': False, 'fluorescence': True}"
RS_3164,"[9.26932686e-01 9.25140196e-01 9.25212404e-01 ... 7.75587263e-04
 8.22200800e-04 0.00000000e+00]",material,[ 100  102  104 ... 3194 3196 3198],118.7605294547317,2,"{'cosmic_spike': False, 'fluorescence': False}"
RS_3165,[1.         0.9904408  0.99422214 ... 0.4365332  0.44412416 0.43698882],material,[ 100  102  104 ... 3194 3196 3198],36.523098768317,2,"{'cosmic_spike': False, 'fluorescence': False}"
RS_3166,[0.9490645  1.         0.99779485 ... 0.1000992  0.02784784 0.07625508],material,[ 100  102  104 ... 3194 3196 3198],28.010407478172183,2,"{'cosmic_spike': False, 'fluorescence': True}"
RS_3167,[0.95192689 0.95575971 0.95971638 ... 0.00214432 0.00115829 0.        ],material,[ 100  102  104 ... 3194 3196 3198],127.46449300506603,2,"{'cosmic_spike': False, 'fluorescence': False}"
RS_3168,"[5.31326685e-02 5.29736150e-02 5.33442345e-02 ... 4.02916664e-05
 4.55654571e-05 0.00000000e+00]",material,[ 100  102  104 ... 3194 3196 3198],195.77914760940152,2,"{'cosmic_spike': False, 'fluorescence': False}"
RS_3169,[1.         0.99941064 0.99335966 ... 0.06915504 0.06851868 0.06982839],material,[ 100  102  104 ... 3194 3196 3198],150.36695658762184,2,"{'cosmic_spike': False, 'fluorescence': True}"
RS_3170,[0.86293725 0.88158449 0.89597274 ... 0.00588474 0.00425638 0.        ],material,[ 100  102  104 ... 3194 3196 3198],81.50928979866462,2,"{'cosmic_spike': False, 'fluorescence': False}"
RS_3171,[0.         0.00092188 0.00102438 ... 0.81735686 0.81643887 0.81841204],material,[ 100  102  104 ... 3194 3196 3198],134.5426571494162,2,"{'cosmic_spike': False, 'fluorescence': True}"
RS_3172,[0.         0.00203177 0.00188485 ... 0.72652096 0.72704925 0.72908866],material,[ 100  102  104 ... 3194 3196 3198],107.0608921898757,2,"{'cosmic_spike': False, 'fluorescence': False}"
RS_3173,"[0.00000000e+00 4.34864386e-04 2.28776164e-03 ... 5.93652619e-01
 5.94178228e-01 5.94488670e-01]",material,[ 100  102  104 ... 3194 3196 3198],53.54035532784123,2,"{'cosmic_spike': False, 'fluorescence': False}"
RS_3174,"[1.24671222e-04 2.92732346e-03 1.66444449e-03 ... 2.30578903e-01
 2.31978835e-01 2.33442643e-01]",material,[ 100  102  104 ... 3194 3196 3198],150.2370913576027,2,"{'cosmic_spike': False, 'fluorescence': True}"
RS_3175,[0.75222704 0.75424528 0.75297859 ... 0.47124485 0.48497557 0.48883439],material,[ 100  102  104 ... 3194 3196 3198],35.46172269195073,2,"{'cosmic_spike': False, 'fluorescence': False}"
RS_3176,[0.93733541 0.93410293 0.93296995 ... 0.8982932  0.90131923 0.90166012],material,[ 100  102  104 ... 3194 3196 3198],177.37506691678888,2,"{'cosmic_spike': False, 'fluorescence': False}"
RS_3177,[0.14320361 0.14256984 0.14168647 ... 0.76597424 0.76610372 0.76492793],material,[ 100  102  104 ... 3194 3196 3198],81.06461778759129,2,"{'cosmic_spike': False, 'fluorescence': False}"
RS_3178,[0.02041527 0.02200828 0.03346155 ... 0.82038307 0.81596926 0.8002528 ],material,[ 100  102  104 ... 3194 3196 3198],24.579452716595114,2,"{'cosmic_spike': False, 'fluorescence': True}"
RS_3179,"[1.00000000e+00 9.98367471e-01 9.97011795e-01 ... 1.34135354e-03
 4.13146300e-05 0.00000000e+00]",material,[ 100  102  104 ... 3194 3196 3198],88.02770204246684,2,"{'cosmic_spike': False, 'fluorescence': True}"
RS_3180,[0.71865865 0.71762185 0.71841845 ... 0.41295902 0.41291364 0.41647729],material,[ 100  102  104 ... 3194 3196 3198],193.7638980562866,2,"{'cosmic_spike': False, 'fluorescence': False}"
RS_3181,[0.00471078 0.00576651 0.0048029  ... 0.99768086 1.         0.99995005],material,[ 100  102  104 ... 3194 3196 3198],120.05935911375485,2,"{'cosmic_spike': False, 'fluorescence': True}"
RS_3182,[0.15940055 0.16171867 0.16261627 ... 0.00169391 0.         0.00043423],material,[ 100  102  104 ... 3194 3196 3198],79.73404947881204,2,"{'cosmic_spike': False, 'fluorescence': False}"
RS_3183,"[9.61374447e-01 9.61286627e-01 9.58093197e-01 ... 0.00000000e+00
 5.22644094e-04 1.76201639e-03]",material,[ 100  102  104 ... 3194 3196 3198],181.06005976452207,2,"{'cosmic_spike': False, 'fluorescence': False}"
RS_3184,[0.1876616  0.19166984 0.19096319 ... 0.00409296 0.00108236 0.        ],material,[ 100  102  104 ... 3194 3196 3198],92.25329247772284,2,"{'cosmic_spike': False, 'fluorescence': True}"
RS_3185,[0.67661415 0.67655307 0.67766424 ... 0.0032868  0.00102315 0.        ],material,[ 100  102  104 ... 3194 3196 3198],135.6687607477911,2,"{'cosmic_spike': False, 'fluorescence': False}"
RS_3186,[0.         0.00213686 0.00132441 ... 0.81595145 0.81872406 0.81571741],material,[ 100  102  104 ... 3194 3196 3198],167.8531070873916,2,"{'cosmic_spike': False, 'fluorescence': True}"
RS_3187,[0.70977982 0.7075967  0.70774658 ... 0.17362765 0.17505894 0.17731819],material,[ 100  102  104 ... 3194 3196 3198],124.30387650544525,2,"{'cosmic_spike': False, 'fluorescence': False}"
RS_3188,[0.04257594 0.06696321 0.08512182 ... 0.07800964 0.02776666 0.00980717],material,[ 100  102  104 ... 3194 3196 3198],26.263270858835664,2,"{'cosmic_spike': False, 'fluorescence': False}"
RS_3189,[0.         0.00173874 0.00150623 ... 0.99769899 0.99810309 1.        ],material,[ 100  102  104 ... 3194 3196 3198],96.71363824157561,2,"{'cosmic_spike': False, 'fluorescence': True}"
RS_3190,"[0.00000000e+00 3.83741163e-04 2.04317351e-03 ... 8.44114353e-01
 8.44885882e-01 8.43278627e-01]",material,[ 100  102  104 ... 3194 3196 3198],90.36873229019632,2,"{'cosmic_spike': False, 'fluorescence': False}"
RS_3191,[0.00364159 0.00153693 0.00148505 ... 1.         0.99847947 0.99912894],material,[ 100  102  104 ... 3194 3196 3198],44.19237328978881,2,"{'cosmic_spike': False, 'fluorescence': False}"
RS_3192,[0.00126379 0.         0.00695255 ... 0.172265   0.1743618  0.17561094],material,[ 100  102  104 ... 3194 3196 3198],42.63432122145032,2,"{'cosmic_spike': False, 'fluorescence': False}"
RS_3193,[0.77450634 0.77217383 0.77278127 ... 0.14548013 0.1470056  0.14646488],material,[ 100  102  104 ... 3194 3196 3198],49.50833228205276,2,"{'cosmic_spike': False, 'fluorescence': False}"
RS_3194,[0.98827524 0.98433096 0.98461779 ... 0.99232354 0.99567165 1.        ],material,[ 100  102  104 ... 3194 3196 3198],179.26944358180816,2,"{'cosmic_spike': False, 'fluorescence': True}"
RS_3195,[0.96594236 0.96526414 0.96607762 ... 0.00225936 0.00122131 0.        ],material,[ 100  102  104 ... 3194 3196 3198],108.88087292340212,2,"{'cosmic_spike': False, 'fluorescence': True}"
RS_3196,[0.18577251 0.1857184  0.18546588 ... 0.00133281 0.00274677 0.        ],material,[ 100  102  104 ... 3194 3196 3198],57.071433541611185,2,"{'cosmic_spike': False, 'fluorescence': False}"
RS_3197,"[3.66929723e-01 3.66600559e-01 3.67367058e-01 ... 2.33375121e-03
 0.00000000e+00 3.40757044e-04]",material,[ 100  102  104 ... 3194 3196 3198],155.40490994758144,2,"{'cosmic_spike': False, 'fluorescence': False}"
RS_3198,"[1.00000000e+00 9.99861919e-01 9.98155506e-01 ... 7.13612972e-04
 3.63217179e-04 0.00000000e+00]",material,[ 100  102  104 ... 3194 3196 3198],145.64411307030554,2,"{'cosmic_spike': False, 'fluorescence': True}"
RS_3199,[0.0956682  0.09586241 0.09535182 ... 0.04263735 0.0429221  0.04311673],material,[ 100  102  104 ... 3194 3196 3198],47.35206252787989,2,"{'cosmic_spike': False, 'fluorescence': False}"
RS_3200,[0.         0.00242857 0.00387364 ... 0.50461178 0.50477503 0.50336195],material,[ 100  102  104 ... 3194 3196 3198],90.44981556980942,2,"{'cosmic_spike': False, 'fluorescence': True}"
RS_3201,"[0.00000000e+00 2.78197605e-04 9.56795166e-04 ... 9.99821095e-01
 1.00000000e+00 9.99405717e-01]",material,[ 100  102  104 ... 3194 3196 3198],80.8999661888094,2,"{'cosmic_spike': False, 'fluorescence': False}"
RS_3202,[0.         0.00160573 0.00246519 ... 0.85661191 0.85774071 0.8567051 ],material,[ 100  102  104 ... 3194 3196 3198],193.94303091394946,2,"{'cosmic_spike': False, 'fluorescence': False}"
RS_3203,[0.66864102 0.66603756 0.66676588 ... 0.02458491 0.02479433 0.02615276],material,[ 100  102  104 ... 3194 3196 3198],149.1804417086241,2,"{'cosmic_spike': False, 'fluorescence': False}"
RS_3204,[0.1263458  0.12724149 0.12559869 ... 0.99700658 0.99705415 1.        ],material,[ 100  102  104 ... 3194 3196 3198],132.19019802550932,2,"{'cosmic_spike': False, 'fluorescence': False}"
RS_3205,[0.0007257  0.00042033 0.00103302 ... 0.00642687 0.00064861 0.00673229],material,[ 100  102  104 ... 3194 3196 3198],154.17910567532763,2,"{'cosmic_spike': False, 'fluorescence': False}"
RS_3206,[0.19454805 0.19960225 0.20070364 ... 0.39805554 0.40137365 0.40190966],material,[ 100  102  104 ... 3194 3196 3198],107.18694014878919,2,"{'cosmic_spike': False, 'fluorescence': True}"
RS_3207,[0.94025066 0.95027696 0.93799435 ... 0.02245719 0.01548683 0.01326413],material,[ 100  102  104 ... 3194 3196 3198],38.43037315678681,2,"{'cosmic_spike': False, 'fluorescence': False}"
RS_3208,[0.00127119 0.00236202 0.         ... 0.55519161 0.55494222 0.55556662],material,[ 100  102  104 ... 3194 3196 3198],114.14637935775077,2,"{'cosmic_spike': False, 'fluorescence': True}"
RS_3209,[0.69543449 0.69496252 0.69240378 ... 0.19842857 0.19933968 0.20034564],material,[ 100  102  104 ... 3194 3196 3198],111.1530515623866,2,"{'cosmic_spike': False, 'fluorescence': False}"
RS_3210,[0.89347179 0.87877265 0.87667153 ... 0.10765039 0.07440958 0.07458457],material,[ 100  102  104 ... 3194 3196 3198],27.909306553604356,2,"{'cosmic_spike': False, 'fluorescence': False}"
RS_3211,"[0.00000000e+00 1.47550791e-04 1.02484660e-03 ... 9.99324576e-01
 9.99273869e-01 1.00000000e+00]",material,[ 100  102  104 ... 3194 3196 3198],172.51055234553004,2,"{'cosmic_spike': False, 'fluorescence': False}"
RS_3212,[0.         0.00053844 0.00234217 ... 0.49498962 0.49478429 0.49370672],material,[ 100  102  104 ... 3194 3196 3198],155.39087052625146,2,"{'cosmic_spike': False, 'fluorescence': True}"
RS_3213,[0.23920541 0.23811233 0.23806695 ... 0.99732434 0.99908704 1.        ],material,[ 100  102  104 ... 3194 3196 3198],162.36721445773634,2,"{'cosmic_spike': False, 'fluorescence': False}"
RS_3214,"[0.00000000e+00 4.78212550e-04 8.45800874e-04 ... 9.97821793e-01
 9.98083498e-01 1.00000000e+00]",material,[ 100  102  104 ... 3194 3196 3198],125.08225137700587,2,"{'cosmic_spike': False, 'fluorescence': False}"
RS_3215,[0.10097537 0.10435882 0.11049447 ... 0.00584494 0.00112106 0.        ],material,[ 100  102  104 ... 3194 3196 3198],112.13680744696222,2,"{'cosmic_spike': False, 'fluorescence': False}"
RS_3216,[0.00065323 0.         0.00148165 ... 0.64365064 0.64444464 0.64518456],material,[ 100  102  104 ... 3194 3196 3198],145.66522872100586,2,"{'cosmic_spike': False, 'fluorescence': False}"
RS_3217,[1.         0.99815234 0.99767266 ... 0.14495269 0.14747434 0.1479201 ],material,[ 100  102  104 ... 3194 3196 3198],196.0357848497224,2,"{'cosmic_spike': False, 'fluorescence': False}"
RS_3218,[0.00251102 0.         0.00052676 ... 0.48288387 0.48160204 0.4816629 ],material,[ 100  102  104 ... 3194 3196 3198],128.79103833758447,2,"{'cosmic_spike': False, 'fluorescence': False}"
RS_3219,"[5.65859413e-01 5.69152370e-01 5.68713738e-01 ... 2.32688124e-04
 2.03720967e-03 0.00000000e+00]",material,[ 100  102  104 ... 3194 3196 3198],58.91021335928545,2,"{'cosmic_spike': False, 'fluorescence': True}"
RS_3220,"[1.00000000e+00 9.99299428e-01 9.97092569e-01 ... 6.23531362e-04
 1.78734891e-03 6.41857731e-04]",material,[ 100  102  104 ... 3194 3196 3198],131.35137759465533,2,"{'cosmic_spike': False, 'fluorescence': False}"
RS_3221,[0.37658456 0.37686856 0.37352247 ... 0.7568089  0.76092713 0.7640522 ],material,[ 100  102  104 ... 3194 3196 3198],63.710456480833535,2,"{'cosmic_spike': False, 'fluorescence': False}"
RS_3222,"[0.00000000e+00 8.42631195e-04 1.19868811e-03 ... 8.92270341e-01
 8.93278587e-01 8.93778976e-01]",material,[ 100  102  104 ... 3194 3196 3198],56.66102740079156,2,"{'cosmic_spike': False, 'fluorescence': False}"
RS_3223,[0.69478673 0.69734573 0.6989653  ... 0.00334394 0.00076969 0.        ],material,[ 100  102  104 ... 3194 3196 3198],139.12243142236395,2,"{'cosmic_spike': False, 'fluorescence': False}"
RS_3224,[0.         0.00209042 0.00288186 ... 0.61003474 0.6103212  0.61022846],material,[ 100  102  104 ... 3194 3196 3198],100.13909959245713,2,"{'cosmic_spike': False, 'fluorescence': False}"
RS_3225,[0.51618176 0.5174819  0.51883661 ... 0.00334753 0.00263    0.        ],material,[ 100  102  104 ... 3194 3196 3198],164.97223570630928,2,"{'cosmic_spike': False, 'fluorescence': False}"
RS_3226,"[1.00000000e+00 9.99136798e-01 9.97287899e-01 ... 1.42778786e-03
 8.84193266e-04 0.00000000e+00]",material,[ 100  102  104 ... 3194 3196 3198],141.16824285591625,2,"{'cosmic_spike': False, 'fluorescence': False}"
RS_3227,[1.         0.99702064 0.99421977 ... 0.67034136 0.67177697 0.67448921],material,[ 100  102  104 ... 3194 3196 3198],175.1319618305483,2,"{'cosmic_spike': False, 'fluorescence': False}"
RS_3228,[0.41910202 0.41529086 0.41546631 ... 0.993992   0.99497928 1.        ],material,[ 100  102  104 ... 3194 3196 3198],86.04379356733176,2,"{'cosmic_spike': False, 'fluorescence': False}"
RS_3229,[0.66004354 0.66892801 0.66323349 ... 0.00245469 0.0136291  0.        ],material,[ 100  102  104 ... 3194 3196 3198],37.10264060096998,2,"{'cosmic_spike': False, 'fluorescence': False}"
RS_3230,[0.15609721 0.15665838 0.15892646 ... 0.00242975 0.00179958 0.00022888],material,[ 100  102  104 ... 3194 3196 3198],165.8815595264723,2,"{'cosmic_spike': False, 'fluorescence': False}"
RS_3231,[0.00761264 0.00536777 0.01952886 ... 0.84884258 0.85822386 0.87723629],material,[ 100  102  104 ... 3194 3196 3198],27.13534672424901,2,"{'cosmic_spike': False, 'fluorescence': True}"
RS_3232,[0.03759616 0.07117963 0.04946697 ... 0.0677358  0.08713713 0.07100523],material,[ 100  102  104 ... 3194 3196 3198],34.97466994946056,2,"{'cosmic_spike': False, 'fluorescence': False}"
RS_3233,"[0.00000000e+00 1.55054660e-04 2.01486448e-03 ... 2.90722378e-01
 2.91529230e-01 2.89954540e-01]",material,[ 100  102  104 ... 3194 3196 3198],146.80485543769942,2,"{'cosmic_spike': True, 'fluorescence': False}"
RS_3234,"[8.36442629e-01 8.41422745e-01 8.46637309e-01 ... 1.67964453e-03
 0.00000000e+00 9.06443369e-05]",material,[ 100  102  104 ... 3194 3196 3198],76.81935618247186,2,"{'cosmic_spike': False, 'fluorescence': False}"
RS_3235,"[9.46603247e-02 9.47558500e-02 9.45748994e-02 ... 1.00115476e-04
 0.00000000e+00 7.11655705e-05]",material,[ 100  102  104 ... 3194 3196 3198],118.77615886524242,2,"{'cosmic_spike': False, 'fluorescence': True}"
RS_3236,[0.30417372 0.28941835 0.29550072 ... 0.         0.00566665 0.00584821],material,[ 100  102  104 ... 3194 3196 3198],46.51766646778866,2,"{'cosmic_spike': False, 'fluorescence': False}"
RS_3237,[0.0096094  0.00070476 0.         ... 0.64242302 0.64065981 0.63265552],material,[ 100  102  104 ... 3194 3196 3198],36.20551337874796,2,"{'cosmic_spike': False, 'fluorescence': False}"
RS_3238,[0.         0.00220186 0.00429464 ... 0.33655625 0.33340556 0.33535765],material,[ 100  102  104 ... 3194 3196 3198],99.2383115032992,2,"{'cosmic_spike': True, 'fluorescence': True}"
RS_3239,[1.         0.99822466 0.99310991 ... 0.84600003 0.84840684 0.85410994],material,[ 100  102  104 ... 3194 3196 3198],137.25032178538976,2,"{'cosmic_spike': False, 'fluorescence': False}"
RS_3240,[0.61001481 0.6391431  0.66781971 ... 0.0043433  0.00429762 0.        ],material,[ 100  102  104 ... 3194 3196 3198],90.0927928062648,2,"{'cosmic_spike': False, 'fluorescence': False}"
RS_3241,[0.98354046 0.9876785  0.99845168 ... 0.01887188 0.02567452 0.02254566],material,[ 100  102  104 ... 3194 3196 3198],33.51622733345802,2,"{'cosmic_spike': False, 'fluorescence': False}"
RS_3242,"[6.71463077e-01 6.75119351e-01 6.78670055e-01 ... 1.37833596e-03
 5.84245538e-04 0.00000000e+00]",material,[ 100  102  104 ... 3194 3196 3198],150.93338469445905,2,"{'cosmic_spike': False, 'fluorescence': True}"
RS_3243,[0.06082279 0.06671175 0.06106384 ... 0.38971807 0.38882991 0.39315227],material,[ 100  102  104 ... 3194 3196 3198],114.0818335826198,2,"{'cosmic_spike': False, 'fluorescence': False}"
RS_3244,[0.11814172 0.11937438 0.12333009 ... 0.00494304 0.00323749 0.        ],material,[ 100  102  104 ... 3194 3196 3198],189.484162783511,2,"{'cosmic_spike': False, 'fluorescence': False}"
RS_3245,[0.00191934 0.00237429 0.00568424 ... 0.62477038 0.62976386 0.62454008],material,[ 100  102  104 ... 3194 3196 3198],51.2556852053735,2,"{'cosmic_spike': False, 'fluorescence': True}"
RS_3246,[0.84221633 0.84724828 0.85245616 ... 0.59328873 0.59403266 0.59725234],material,[ 100  102  104 ... 3194 3196 3198],154.47077665557183,2,"{'cosmic_spike': False, 'fluorescence': False}"
RS_3247,"[9.98958094e-01 1.00000000e+00 9.98879491e-01 ... 2.16250098e-03
 2.26371191e-04 0.00000000e+00]",material,[ 100  102  104 ... 3194 3196 3198],75.20555384720035,2,"{'cosmic_spike': False, 'fluorescence': False}"
RS_3248,[0.426583   0.42554872 0.42431886 ... 0.1180282  0.12229561 0.12226816],material,[ 100  102  104 ... 3194 3196 3198],119.66492695530803,2,"{'cosmic_spike': False, 'fluorescence': False}"
RS_3249,[1.         0.99758804 0.99505415 ... 0.69535347 0.69844333 0.69774045],material,[ 100  102  104 ... 3194 3196 3198],58.91498387031136,2,"{'cosmic_spike': False, 'fluorescence': False}"
RS_3250,[0.75506891 0.75378547 0.75587675 ... 0.00244142 0.00144126 0.        ],material,[ 100  102  104 ... 3194 3196 3198],192.4059281067847,2,"{'cosmic_spike': False, 'fluorescence': False}"
RS_3251,[0.         0.00267593 0.0022535  ... 0.99705286 0.99981118 1.        ],material,[ 100  102  104 ... 3194 3196 3198],148.63747617231857,2,"{'cosmic_spike': False, 'fluorescence': False}"
RS_3252,[0.7630752  0.76664299 0.74616109 ... 0.01024434 0.         0.00729256],material,[ 100  102  104 ... 3194 3196 3198],28.98395361504263,2,"{'cosmic_spike': False, 'fluorescence': False}"
RS_3253,[0.91972699 0.91616548 0.91962567 ... 0.00125319 0.00210356 0.        ],material,[ 100  102  104 ... 3194 3196 3198],168.50478421948614,2,"{'cosmic_spike': False, 'fluorescence': False}"
RS_3254,"[8.23000815e-01 8.26827289e-01 8.31354600e-01 ... 1.06083402e-03
 5.03955695e-04 0.00000000e+00]",material,[ 100  102  104 ... 3194 3196 3198],94.38239101709146,2,"{'cosmic_spike': False, 'fluorescence': False}"
RS_3255,[0.35884941 0.35753648 0.3565342  ... 0.99601558 0.99878592 1.        ],material,[ 100  102  104 ... 3194 3196 3198],190.58442398547044,2,"{'cosmic_spike': False, 'fluorescence': False}"
RS_3256,"[9.62042428e-01 9.63524645e-01 9.61025396e-01 ... 5.01399181e-04
 1.15416752e-03 0.00000000e+00]",material,[ 100  102  104 ... 3194 3196 3198],109.46053850979807,2,"{'cosmic_spike': False, 'fluorescence': True}"
RS_3257,[0.71994146 0.72125047 0.72127723 ... 0.00657474 0.00748476 0.0069262 ],material,[ 100  102  104 ... 3194 3196 3198],46.664593165461014,2,"{'cosmic_spike': False, 'fluorescence': False}"
RS_3258,[0.44021712 0.44249313 0.44163935 ... 0.00154614 0.00246054 0.        ],material,[ 100  102  104 ... 3194 3196 3198],169.06328438084967,2,"{'cosmic_spike': False, 'fluorescence': False}"
RS_3259,"[9.32446642e-01 9.33169815e-01 9.31630167e-01 ... 9.18069728e-04
 1.02336455e-03 0.00000000e+00]",material,[ 100  102  104 ... 3194 3196 3198],167.7984597963484,2,"{'cosmic_spike': False, 'fluorescence': False}"
RS_3260,[0.99951407 1.         0.99832514 ... 0.00309211 0.00173579 0.        ],material,[ 100  102  104 ... 3194 3196 3198],174.02534193266058,2,"{'cosmic_spike': True, 'fluorescence': True}"
RS_3261,[0.42633945 0.42478039 0.42555909 ... 0.9951144  0.9975196  1.        ],material,[ 100  102  104 ... 3194 3196 3198],178.9749028727406,2,"{'cosmic_spike': False, 'fluorescence': False}"
RS_3262,[0.05270794 0.05562591 0.05677943 ... 0.00210924 0.00088482 0.        ],material,[ 100  102  104 ... 3194 3196 3198],113.18388700942187,2,"{'cosmic_spike': False, 'fluorescence': False}"
RS_3263,[0.03375422 0.03620166 0.03780236 ... 0.99926335 1.         0.99984836],material,[ 100  102  104 ... 3194 3196 3198],194.43241292671217,2,"{'cosmic_spike': False, 'fluorescence': False}"
RS_3264,[0.01079022 0.         0.00778282 ... 0.70355984 0.67392429 0.70228119],material,[ 100  102  104 ... 3194 3196 3198],31.170493035869587,2,"{'cosmic_spike': False, 'fluorescence': False}"
RS_3265,[0.51622554 0.51722698 0.51342429 ... 0.00191258 0.00190129 0.00147243],material,[ 100  102  104 ... 3194 3196 3198],72.8785913767118,2,"{'cosmic_spike': False, 'fluorescence': False}"
RS_3266,[0.         0.00201744 0.00108826 ... 0.78907002 0.78842188 0.78718813],material,[ 100  102  104 ... 3194 3196 3198],63.66029437669681,2,"{'cosmic_spike': False, 'fluorescence': False}"
RS_3267,[0.15378934 0.15642253 0.1572024  ... 0.00122641 0.00201897 0.        ],material,[ 100  102  104 ... 3194 3196 3198],55.102657708067994,2,"{'cosmic_spike': False, 'fluorescence': False}"
RS_3268,[0.00086209 0.         0.00280379 ... 0.3798576  0.37789731 0.37562316],material,[ 100  102  104 ... 3194 3196 3198],128.2160399969261,2,"{'cosmic_spike': False, 'fluorescence': False}"
RS_3269,"[8.94008124e-01 8.93665930e-01 8.92955907e-01 ... 1.08781820e-03
 1.49366895e-04 0.00000000e+00]",material,[ 100  102  104 ... 3194 3196 3198],150.35232758264604,2,"{'cosmic_spike': False, 'fluorescence': False}"
RS_3270,[0.98989414 0.99088018 0.9926485  ... 0.00138729 0.00121062 0.        ],material,[ 100  102  104 ... 3194 3196 3198],117.25622348867013,2,"{'cosmic_spike': False, 'fluorescence': True}"
RS_3271,[0.         0.00293731 0.00084158 ... 0.67543631 0.67727153 0.67795979],material,[ 100  102  104 ... 3194 3196 3198],189.37340201326367,2,"{'cosmic_spike': False, 'fluorescence': False}"
RS_3272,"[9.76854434e-01 9.75390030e-01 9.74576672e-01 ... 6.02488153e-05
 3.90487084e-04 4.55351241e-04]",material,[ 100  102  104 ... 3194 3196 3198],140.79719368653605,2,"{'cosmic_spike': False, 'fluorescence': False}"
RS_3273,"[0.00000000e+00 6.70085061e-04 1.69702829e-03 ... 9.07734689e-01
 9.07434261e-01 9.08302494e-01]",material,[ 100  102  104 ... 3194 3196 3198],155.99861303538353,2,"{'cosmic_spike': False, 'fluorescence': False}"
RS_3274,[0.26391708 0.26522625 0.26736146 ... 0.00286491 0.00103406 0.        ],material,[ 100  102  104 ... 3194 3196 3198],70.41092109708154,2,"{'cosmic_spike': False, 'fluorescence': False}"
RS_3275,[0.5248547  0.52230681 0.52193473 ... 0.9954397  0.99585917 1.        ],material,[ 100  102  104 ... 3194 3196 3198],189.81051130814402,2,"{'cosmic_spike': False, 'fluorescence': False}"
RS_3276,"[9.37627549e-01 9.36978420e-01 9.36946618e-01 ... 1.09675465e-03
 6.75370785e-04 0.00000000e+00]",material,[ 100  102  104 ... 3194 3196 3198],189.87619755232765,2,"{'cosmic_spike': False, 'fluorescence': False}"
RS_3277,[0.91960967 0.92011381 0.91943344 ... 0.00292939 0.00336267 0.00284225],material,[ 100  102  104 ... 3194 3196 3198],154.86657144869662,2,"{'cosmic_spike': False, 'fluorescence': False}"
RS_3278,"[3.74519218e-06 0.00000000e+00 3.76091870e-03 ... 2.89571767e-01
 2.88880454e-01 2.86500586e-01]",material,[ 100  102  104 ... 3194 3196 3198],162.7396625298174,2,"{'cosmic_spike': False, 'fluorescence': False}"
RS_3279,[0.01272232 0.         0.00491826 ... 0.53394583 0.53533268 0.53254842],material,[ 100  102  104 ... 3194 3196 3198],35.12655820877795,2,"{'cosmic_spike': False, 'fluorescence': False}"
RS_3280,[0.317172   0.31973376 0.31998999 ... 0.00399111 0.00050073 0.        ],material,[ 100  102  104 ... 3194 3196 3198],88.65184366292682,2,"{'cosmic_spike': False, 'fluorescence': False}"
RS_3281,"[8.14615190e-01 8.13775058e-01 8.13216125e-01 ... 7.47173237e-04
 0.00000000e+00 1.96751662e-04]",material,[ 100  102  104 ... 3194 3196 3198],73.64204968897451,2,"{'cosmic_spike': False, 'fluorescence': False}"
RS_3282,[0.90177124 0.88738805 0.89937555 ... 0.03702319 0.05265003 0.        ],material,[ 100  102  104 ... 3194 3196 3198],26.9085753033359,2,"{'cosmic_spike': False, 'fluorescence': False}"
RS_3283,[0.71367308 0.71154769 0.71266143 ... 0.0019361  0.00271535 0.        ],material,[ 100  102  104 ... 3194 3196 3198],199.6248736354011,2,"{'cosmic_spike': False, 'fluorescence': True}"
RS_3284,[0.91826841 0.9204094  0.9176171  ... 0.00371124 0.00367929 0.        ],material,[ 100  102  104 ... 3194 3196 3198],41.473707847434056,2,"{'cosmic_spike': False, 'fluorescence': False}"
RS_3285,[1.         0.99697831 0.99620757 ... 0.04599432 0.04597825 0.04585796],material,[ 100  102  104 ... 3194 3196 3198],72.04755663471099,2,"{'cosmic_spike': False, 'fluorescence': True}"
RS_3286,[0.22758797 0.21233126 0.19630718 ... 0.9695295  0.94844161 0.96166636],material,[ 100  102  104 ... 3194 3196 3198],21.15072573161742,2,"{'cosmic_spike': False, 'fluorescence': True}"
RS_3287,[0.97799852 0.98090632 0.99920166 ... 0.12184521 0.14826452 0.11782656],material,[ 100  102  104 ... 3194 3196 3198],25.292011406491667,2,"{'cosmic_spike': False, 'fluorescence': True}"
RS_3288,[1.         0.99875889 0.99701882 ... 0.10936671 0.11371499 0.11309615],material,[ 100  102  104 ... 3194 3196 3198],68.8531080140624,2,"{'cosmic_spike': False, 'fluorescence': True}"
RS_3289,[0.52720833 0.52966201 0.52980491 ... 0.00436617 0.00268387 0.        ],material,[ 100  102  104 ... 3194 3196 3198],63.22095688742413,2,"{'cosmic_spike': False, 'fluorescence': True}"
RS_3290,[0.         0.00121205 0.00252051 ... 0.83647017 0.83570499 0.8357322 ],material,[ 100  102  104 ... 3194 3196 3198],110.24613440065764,2,"{'cosmic_spike': False, 'fluorescence': False}"
RS_3291,[0.81826965 0.81828611 0.81725768 ... 0.00227404 0.00149124 0.00235261],material,[ 100  102  104 ... 3194 3196 3198],115.7545340751774,2,"{'cosmic_spike': False, 'fluorescence': False}"
RS_3292,[0.59741048 0.59165689 0.58905399 ... 0.66759655 0.66758241 0.67689677],material,[ 100  102  104 ... 3194 3196 3198],51.51553636349556,2,"{'cosmic_spike': False, 'fluorescence': True}"
RS_3293,[0.59955101 0.60734809 0.61219877 ... 0.04303213 0.04487169 0.04381708],material,[ 100  102  104 ... 3194 3196 3198],104.02697845588489,2,"{'cosmic_spike': False, 'fluorescence': True}"
RS_3294,[0.03830112 0.03831573 0.03792699 ... 0.1227571  0.12281806 0.12323169],material,[ 100  102  104 ... 3194 3196 3198],142.3402898454545,2,"{'cosmic_spike': False, 'fluorescence': False}"
RS_3295,[0.37925243 0.37828903 0.37685085 ... 0.99462771 0.99702608 1.        ],material,[ 100  102  104 ... 3194 3196 3198],98.5687548738422,2,"{'cosmic_spike': False, 'fluorescence': False}"
RS_3296,[0.39313325 0.39339328 0.39148884 ... 0.99701192 0.99862412 1.        ],material,[ 100  102  104 ... 3194 3196 3198],100.38664336518461,2,"{'cosmic_spike': False, 'fluorescence': True}"
RS_3297,[0.         0.00030674 0.00041349 ... 0.09326831 0.09327845 0.09321693],material,[ 100  102  104 ... 3194 3196 3198],121.43306955467314,2,"{'cosmic_spike': False, 'fluorescence': False}"
RS_3298,[0.00249658 0.         0.00250589 ... 0.6430643  0.6423784  0.64153921],material,[ 100  102  104 ... 3194 3196 3198],161.84699200120147,2,"{'cosmic_spike': False, 'fluorescence': True}"
RS_3299,[0.75491588 0.75476782 0.75207457 ... 0.00809837 0.00784886 0.00819129],material,[ 100  102  104 ... 3194 3196 3198],199.7470296387737,2,"{'cosmic_spike': False, 'fluorescence': False}"
RS_3300,[1.         0.99635348 0.99420148 ... 0.35149429 0.35185654 0.35240752],material,[ 100  102  104 ... 3194 3196 3198],183.14886516107,2,"{'cosmic_spike': False, 'fluorescence': False}"
RS_3301,[0.17304059 0.17302822 0.16923024 ... 0.57183123 0.57574114 0.58172835],material,[ 100  102  104 ... 3194 3196 3198],89.55385152114498,2,"{'cosmic_spike': False, 'fluorescence': False}"
RS_3302,"[7.45348910e-01 7.43157916e-01 7.44346877e-01 ... 1.53609170e-03
 2.68770566e-03 3.96701838e-04]",material,[ 100  102  104 ... 3194 3196 3198],157.91713867471498,2,"{'cosmic_spike': False, 'fluorescence': False}"
RS_3303,[0.         0.00294363 0.00386139 ... 0.56793832 0.56878762 0.56758663],material,[ 100  102  104 ... 3194 3196 3198],109.85688827736475,2,"{'cosmic_spike': False, 'fluorescence': False}"
RS_3304,[0.31043817 0.31083555 0.31137586 ... 0.32761764 0.32965841 0.33114649],material,[ 100  102  104 ... 3194 3196 3198],128.30438579066305,2,"{'cosmic_spike': False, 'fluorescence': True}"
RS_3305,[0.4927684  0.49248138 0.48779657 ... 0.99647521 0.9999604  1.        ],material,[ 100  102  104 ... 3194 3196 3198],177.24459220574363,2,"{'cosmic_spike': True, 'fluorescence': False}"
RS_3306,[0.09886978 0.09955894 0.09842278 ... 0.0009032  0.00134288 0.        ],material,[ 100  102  104 ... 3194 3196 3198],73.29483408973027,2,"{'cosmic_spike': False, 'fluorescence': True}"
RS_3307,[1.         0.9994772  0.99822074 ... 0.16749274 0.16839864 0.16757358],material,[ 100  102  104 ... 3194 3196 3198],170.74566899722092,2,"{'cosmic_spike': False, 'fluorescence': True}"
RS_3308,[0.86226758 0.86263515 0.86239146 ... 0.37239517 0.3745112  0.37482969],material,[ 100  102  104 ... 3194 3196 3198],87.64731727943635,2,"{'cosmic_spike': False, 'fluorescence': False}"
RS_3309,[0.         0.00153059 0.00370004 ... 0.87338588 0.87270135 0.87273604],material,[ 100  102  104 ... 3194 3196 3198],134.93036171732615,2,"{'cosmic_spike': False, 'fluorescence': True}"
RS_3310,[0.96417057 0.95964872 0.9609022  ... 0.00194155 0.00403537 0.00396654],material,[ 100  102  104 ... 3194 3196 3198],78.76206253474868,2,"{'cosmic_spike': False, 'fluorescence': True}"
RS_3311,[0.         0.03362824 0.03600029 ... 0.78261311 0.77344951 0.80201291],material,[ 100  102  104 ... 3194 3196 3198],23.25315113133881,2,"{'cosmic_spike': False, 'fluorescence': False}"
RS_3312,[0.72844304 0.7294977  0.72916004 ... 0.00227651 0.00123341 0.        ],material,[ 100  102  104 ... 3194 3196 3198],124.86409596061371,2,"{'cosmic_spike': False, 'fluorescence': False}"
RS_3313,[0.39918233 0.3965661  0.39728185 ... 0.4279912  0.43062856 0.43071894],material,[ 100  102  104 ... 3194 3196 3198],70.1057300405993,2,"{'cosmic_spike': False, 'fluorescence': False}"
RS_3314,[0.01590953 0.12135639 0.07418173 ... 0.77973063 0.7748195  0.69691155],material,[ 100  102  104 ... 3194 3196 3198],28.097199084782627,2,"{'cosmic_spike': False, 'fluorescence': False}"
RS_3315,[0.         0.00052835 0.00216123 ... 0.05054448 0.04830533 0.04698963],material,[ 100  102  104 ... 3194 3196 3198],179.26844939870355,2,"{'cosmic_spike': False, 'fluorescence': False}"
RS_3316,[0.01261819 0.01201364 0.01263534 ... 0.92234474 0.92498852 0.92645901],material,[ 100  102  104 ... 3194 3196 3198],65.39450560261724,2,"{'cosmic_spike': False, 'fluorescence': True}"
RS_3317,[0.72638223 0.72692629 0.72605408 ... 0.198988   0.20096649 0.20308721],material,[ 100  102  104 ... 3194 3196 3198],94.52807647962398,2,"{'cosmic_spike': False, 'fluorescence': True}"
RS_3318,[0.00068842 0.         0.006755   ... 0.53275768 0.52966614 0.5351687 ],material,[ 100  102  104 ... 3194 3196 3198],49.878006328244304,2,"{'cosmic_spike': False, 'fluorescence': False}"
RS_3319,[0.         0.00119432 0.00291667 ... 0.97327037 0.97226287 0.97503124],material,[ 100  102  104 ... 3194 3196 3198],85.36912677973795,2,"{'cosmic_spike': False, 'fluorescence': False}"
RS_3320,"[4.16406988e-01 4.17483809e-01 4.17801543e-01 ... 3.02675887e-03
 0.00000000e+00 2.82168421e-04]",material,[ 100  102  104 ... 3194 3196 3198],177.3278040143502,2,"{'cosmic_spike': False, 'fluorescence': False}"
RS_3321,"[5.18781803e-01 5.21264768e-01 5.21481532e-01 ... 4.32106274e-04
 0.00000000e+00 1.03722224e-03]",material,[ 100  102  104 ... 3194 3196 3198],136.61080519856193,2,"{'cosmic_spike': False, 'fluorescence': False}"
RS_3322,[0.         0.00242359 0.00244592 ... 0.54268783 0.54164724 0.54221696],material,[ 100  102  104 ... 3194 3196 3198],173.51173089645258,2,"{'cosmic_spike': False, 'fluorescence': False}"
RS_3323,[0.00668995 0.00605869 0.00508529 ... 0.81415192 0.81388166 0.81509293],material,[ 100  102  104 ... 3194 3196 3198],144.43808783411853,2,"{'cosmic_spike': False, 'fluorescence': False}"
RS_3324,[0.99963678 1.         0.99889532 ... 0.00119183 0.0013274  0.        ],material,[ 100  102  104 ... 3194 3196 3198],91.74522001502353,2,"{'cosmic_spike': False, 'fluorescence': False}"
RS_3325,"[0.00000000e+00 3.78787682e-04 1.00498446e-04 ... 9.98554363e-01
 9.99408524e-01 1.00000000e+00]",material,[ 100  102  104 ... 3194 3196 3198],184.5660556410975,2,"{'cosmic_spike': False, 'fluorescence': False}"
RS_3326,[1.         0.99809875 0.99511569 ... 0.32755484 0.32885368 0.32951166],material,[ 100  102  104 ... 3194 3196 3198],73.90356914569341,2,"{'cosmic_spike': False, 'fluorescence': False}"
RS_3327,"[0.00000000e+00 4.55599799e-04 1.31688455e-03 ... 9.97728284e-01
 9.99684601e-01 1.00000000e+00]",material,[ 100  102  104 ... 3194 3196 3198],130.13411676808568,2,"{'cosmic_spike': False, 'fluorescence': False}"
RS_3328,[0.         0.00110085 0.00172958 ... 0.37527193 0.37409694 0.37382086],material,[ 100  102  104 ... 3194 3196 3198],158.82263643233173,2,"{'cosmic_spike': False, 'fluorescence': False}"
RS_3329,[1.         0.99721678 0.99471815 ... 0.12693097 0.126538   0.1287241 ],material,[ 100  102  104 ... 3194 3196 3198],115.98073023263797,2,"{'cosmic_spike': False, 'fluorescence': False}"
RS_3330,[0.9239629  0.88221029 0.94130217 ... 0.95429125 0.87111715 0.91877072],material,[ 100  102  104 ... 3194 3196 3198],25.445232694330443,2,"{'cosmic_spike': False, 'fluorescence': False}"
RS_3331,"[0.00000000e+00 7.42300890e-04 2.14234541e-03 ... 8.33112903e-01
 8.33599916e-01 8.33741442e-01]",material,[ 100  102  104 ... 3194 3196 3198],179.66869257026647,2,"{'cosmic_spike': False, 'fluorescence': False}"
RS_3332,[0.         0.00322848 0.00242788 ... 0.59772427 0.60232141 0.59974908],material,[ 100  102  104 ... 3194 3196 3198],110.18142671167766,2,"{'cosmic_spike': False, 'fluorescence': False}"
RS_3333,[0.06040582 0.06322276 0.0711923  ... 0.20774199 0.16300566 0.20517009],material,[ 100  102  104 ... 3194 3196 3198],21.043623386433072,2,"{'cosmic_spike': False, 'fluorescence': False}"
RS_3334,[0.31097121 0.31124172 0.30882332 ... 0.99823512 1.         0.99956945],material,[ 100  102  104 ... 3194 3196 3198],153.8727640206689,2,"{'cosmic_spike': False, 'fluorescence': False}"
RS_3335,[0.19437349 0.1938348  0.19501265 ... 0.00081927 0.00054599 0.        ],material,[ 100  102  104 ... 3194 3196 3198],141.62309359772868,2,"{'cosmic_spike': False, 'fluorescence': False}"
RS_3336,"[0.00000000e+00 6.29735347e-04 2.16998802e-03 ... 9.97728782e-01
 9.98239023e-01 9.96542309e-01]",material,[ 100  102  104 ... 3194 3196 3198],102.20672880766254,2,"{'cosmic_spike': False, 'fluorescence': False}"
RS_3337,[1.         0.99777748 0.99649035 ... 0.00294691 0.00351646 0.00281024],material,[ 100  102  104 ... 3194 3196 3198],142.42047776417536,2,"{'cosmic_spike': False, 'fluorescence': True}"
RS_3338,"[9.12912497e-01 9.14075633e-01 9.16829160e-01 ... 1.51189710e-04
 0.00000000e+00 1.15823914e-03]",material,[ 100  102  104 ... 3194 3196 3198],111.96283158954657,2,"{'cosmic_spike': False, 'fluorescence': False}"
RS_3339,[0.11493336 0.1154906  0.11607088 ... 0.000492   0.0002618  0.        ],material,[ 100  102  104 ... 3194 3196 3198],153.7004038858075,2,"{'cosmic_spike': False, 'fluorescence': False}"
RS_3340,[0.97336307 0.9717683  0.97095986 ... 0.00150899 0.00203447 0.00132196],material,[ 100  102  104 ... 3194 3196 3198],181.25500623173883,2,"{'cosmic_spike': False, 'fluorescence': True}"
RS_3341,[0.         0.00183254 0.00204943 ... 0.32835985 0.32732622 0.32602107],material,[ 100  102  104 ... 3194 3196 3198],111.63599186646059,2,"{'cosmic_spike': False, 'fluorescence': True}"
RS_3342,[0.03584484 0.03548884 0.03390054 ... 0.99435072 1.         0.99988683],material,[ 100  102  104 ... 3194 3196 3198],63.68622826324629,2,"{'cosmic_spike': False, 'fluorescence': False}"
RS_3343,[0.43697776 0.42952667 0.43111868 ... 0.00433479 0.00129437 0.        ],material,[ 100  102  104 ... 3194 3196 3198],34.673836148485194,2,"{'cosmic_spike': False, 'fluorescence': False}"
RS_3344,[0.49544859 0.49738813 0.49674884 ... 0.00235561 0.00165993 0.        ],material,[ 100  102  104 ... 3194 3196 3198],168.4373073404104,2,"{'cosmic_spike': False, 'fluorescence': False}"
RS_3345,[0.10122809 0.10445526 0.10483284 ... 0.00335327 0.00227889 0.        ],material,[ 100  102  104 ... 3194 3196 3198],93.15172952346968,2,"{'cosmic_spike': False, 'fluorescence': False}"
RS_3346,"[6.72901475e-05 0.00000000e+00 2.88056003e-03 ... 2.79411437e-01
 2.79556012e-01 2.78740606e-01]",material,[ 100  102  104 ... 3194 3196 3198],109.01783101233332,2,"{'cosmic_spike': False, 'fluorescence': True}"
RS_3347,"[0.00000000e+00 4.65550795e-04 9.25770985e-04 ... 9.98367885e-01
 9.98780229e-01 1.00000000e+00]",material,[ 100  102  104 ... 3194 3196 3198],126.63573902974119,2,"{'cosmic_spike': False, 'fluorescence': False}"
RS_3348,[0.47392124 0.47583199 0.47730642 ... 0.99452466 0.99745024 1.        ],material,[ 100  102  104 ... 3194 3196 3198],54.96917051092373,2,"{'cosmic_spike': False, 'fluorescence': True}"
RS_3349,[1.         0.99928513 0.99876984 ... 0.00324355 0.00271597 0.00360449],material,[ 100  102  104 ... 3194 3196 3198],109.21111717426565,2,"{'cosmic_spike': False, 'fluorescence': False}"
RS_3350,[0.6339721  0.63354692 0.63473292 ... 0.00262459 0.00197861 0.        ],material,[ 100  102  104 ... 3194 3196 3198],140.29319131212725,2,"{'cosmic_spike': False, 'fluorescence': True}"
RS_3351,[0.45304586 0.45530296 0.45079013 ... 0.00163787 0.         0.00125132],material,[ 100  102  104 ... 3194 3196 3198],53.95946935260657,2,"{'cosmic_spike': False, 'fluorescence': False}"
RS_3352,[0.13428653 0.13897499 0.13369852 ... 0.82026599 0.8185559  0.8199205 ],material,[ 100  102  104 ... 3194 3196 3198],160.04116816990745,2,"{'cosmic_spike': False, 'fluorescence': False}"
RS_3353,"[9.17381144e-01 9.27503473e-01 9.39688818e-01 ... 1.81854579e-03
 4.29774680e-04 0.00000000e+00]",material,[ 100  102  104 ... 3194 3196 3198],107.70881044989866,2,"{'cosmic_spike': False, 'fluorescence': True}"
RS_3354,[1.         0.99974728 0.99616771 ... 0.21641776 0.21655603 0.21615317],material,[ 100  102  104 ... 3194 3196 3198],159.0245034502665,2,"{'cosmic_spike': False, 'fluorescence': True}"
RS_3355,[0.         0.00133828 0.00329116 ... 0.06809089 0.06586589 0.06577204],material,[ 100  102  104 ... 3194 3196 3198],156.23098963978924,2,"{'cosmic_spike': False, 'fluorescence': False}"
RS_3356,[0.20973555 0.21297774 0.21257794 ... 0.15561001 0.1607435  0.15908638],material,[ 100  102  104 ... 3194 3196 3198],83.64116257511029,2,"{'cosmic_spike': False, 'fluorescence': False}"
RS_3357,[0.         0.00097631 0.00063482 ... 0.55997303 0.55805516 0.55847601],material,[ 100  102  104 ... 3194 3196 3198],182.892027184579,2,"{'cosmic_spike': False, 'fluorescence': False}"
RS_3358,"[2.03289378e-01 2.03100175e-01 2.04383215e-01 ... 4.16459631e-03
 0.00000000e+00 3.07486812e-05]",material,[ 100  102  104 ... 3194 3196 3198],110.41659410338386,2,"{'cosmic_spike': False, 'fluorescence': True}"
RS_3359,[0.55892991 0.55777802 0.55789454 ... 0.00470975 0.00342166 0.        ],material,[ 100  102  104 ... 3194 3196 3198],70.28832102861787,2,"{'cosmic_spike': False, 'fluorescence': False}"
RS_3360,[0.20538392 0.21380731 0.22444284 ... 0.00315596 0.00283637 0.        ],material,[ 100  102  104 ... 3194 3196 3198],185.0872279227486,2,"{'cosmic_spike': False, 'fluorescence': True}"
RS_3361,[0.         0.00277167 0.00426336 ... 0.51053309 0.50942334 0.50638872],material,[ 100  102  104 ... 3194 3196 3198],102.32286313420633,2,"{'cosmic_spike': False, 'fluorescence': True}"
RS_3362,[0.98645732 0.99530491 0.99924527 ... 0.00154547 0.00103492 0.        ],material,[ 100  102  104 ... 3194 3196 3198],85.17365107690651,2,"{'cosmic_spike': False, 'fluorescence': False}"
RS_3363,"[1.65619099e-03 1.07319513e-03 1.36351111e-04 ... 5.57746302e-01
 5.58063383e-01 5.57830991e-01]",material,[ 100  102  104 ... 3194 3196 3198],108.3350794121115,2,"{'cosmic_spike': False, 'fluorescence': False}"
RS_3364,[0.04199619 0.01725494 0.0355113  ... 0.33462426 0.34591122 0.32487574],material,[ 100  102  104 ... 3194 3196 3198],33.74025993546478,2,"{'cosmic_spike': False, 'fluorescence': False}"
RS_3365,[0.0114923  0.00398572 0.         ... 0.14217491 0.15185126 0.14918232],material,[ 100  102  104 ... 3194 3196 3198],25.655216649628173,2,"{'cosmic_spike': False, 'fluorescence': False}"
RS_3366,[0.         0.00240676 0.00162111 ... 0.19138331 0.19097195 0.18956053],material,[ 100  102  104 ... 3194 3196 3198],73.93268501937484,2,"{'cosmic_spike': False, 'fluorescence': False}"
RS_3367,[0.6196073  0.62062977 0.62187257 ... 0.00300077 0.00157717 0.        ],material,[ 100  102  104 ... 3194 3196 3198],196.3289743069128,2,"{'cosmic_spike': False, 'fluorescence': False}"
RS_3368,"[0.00000000e+00 2.63794954e-04 2.97330407e-04 ... 9.47488104e-01
 9.49032148e-01 9.50575497e-01]",material,[ 100  102  104 ... 3194 3196 3198],95.49675503106829,2,"{'cosmic_spike': False, 'fluorescence': False}"
RS_3369,[0.00333966 0.         0.0041434  ... 0.70976463 0.70999649 0.70860259],material,[ 100  102  104 ... 3194 3196 3198],173.77352055714255,2,"{'cosmic_spike': False, 'fluorescence': False}"
RS_3370,[0.69722533 0.68094522 0.71688898 ... 0.2789682  0.23596159 0.29725012],material,[ 100  102  104 ... 3194 3196 3198],30.049730446484244,2,"{'cosmic_spike': False, 'fluorescence': False}"
RS_3371,[0.73226862 0.72369672 0.73267862 ... 0.01217691 0.01463238 0.01174565],material,[ 100  102  104 ... 3194 3196 3198],35.87382431559118,2,"{'cosmic_spike': False, 'fluorescence': False}"
RS_3372,[0.64799584 0.65027103 0.65113375 ... 0.00251101 0.00186078 0.        ],material,[ 100  102  104 ... 3194 3196 3198],70.48808037351952,2,"{'cosmic_spike': False, 'fluorescence': False}"
RS_3373,[0.05361194 0.0645327  0.01698887 ... 0.94707142 0.97928721 0.94994154],material,[ 100  102  104 ... 3194 3196 3198],28.63133598916608,2,"{'cosmic_spike': False, 'fluorescence': False}"
RS_3374,[0.92701732 0.94102858 0.95253544 ... 0.00186237 0.         0.00446648],material,[ 100  102  104 ... 3194 3196 3198],96.45306978961055,2,"{'cosmic_spike': True, 'fluorescence': True}"
RS_3375,"[7.14092849e-01 7.15068365e-01 7.15129113e-01 ... 2.23313621e-03
 0.00000000e+00 2.40259324e-04]",material,[ 100  102  104 ... 3194 3196 3198],47.74132272042063,2,"{'cosmic_spike': False, 'fluorescence': False}"
RS_3376,[0.82139261 0.82069632 0.81834253 ... 0.03609325 0.036177   0.03585132],material,[ 100  102  104 ... 3194 3196 3198],137.05316056711803,2,"{'cosmic_spike': False, 'fluorescence': True}"
RS_3377,[0.         0.00376764 0.00850724 ... 0.45503061 0.45192212 0.44659715],material,[ 100  102  104 ... 3194 3196 3198],48.39068867853008,2,"{'cosmic_spike': False, 'fluorescence': False}"
RS_3378,[0.6518692  0.65205363 0.6529247  ... 0.00267896 0.00070318 0.        ],material,[ 100  102  104 ... 3194 3196 3198],83.76680034228289,2,"{'cosmic_spike': False, 'fluorescence': True}"
RS_3379,[0.         0.0020716  0.00091367 ... 0.80351277 0.80615462 0.80694912],material,[ 100  102  104 ... 3194 3196 3198],51.60292315971593,2,"{'cosmic_spike': False, 'fluorescence': True}"
RS_3380,[0.36859197 0.36711084 0.36462342 ... 0.99526142 0.99828146 1.        ],material,[ 100  102  104 ... 3194 3196 3198],89.44385784349694,2,"{'cosmic_spike': False, 'fluorescence': False}"
RS_3381,[0.41212629 0.41148496 0.41068738 ... 0.99564118 0.99801845 1.        ],material,[ 100  102  104 ... 3194 3196 3198],103.17299333165772,2,"{'cosmic_spike': False, 'fluorescence': False}"
RS_3382,[0.33595804 0.33427873 0.33568936 ... 0.00789934 0.00571647 0.        ],material,[ 100  102  104 ... 3194 3196 3198],170.95986163114384,2,"{'cosmic_spike': False, 'fluorescence': False}"
RS_3383,"[2.67381462e-02 2.68809782e-02 2.68168176e-02 ... 2.95498008e-05
 0.00000000e+00 1.80326343e-04]",material,[ 100  102  104 ... 3194 3196 3198],145.4579153988433,2,"{'cosmic_spike': False, 'fluorescence': False}"
RS_3384,[0.48476514 0.48414047 0.47761141 ... 0.13544275 0.13801537 0.14151605],material,[ 100  102  104 ... 3194 3196 3198],106.67023708766129,2,"{'cosmic_spike': False, 'fluorescence': False}"
RS_3385,"[0.00000000e+00 4.33874842e-04 7.29771623e-04 ... 7.34809149e-01
 7.33723282e-01 7.37696641e-01]",material,[ 100  102  104 ... 3194 3196 3198],131.98844129225978,2,"{'cosmic_spike': False, 'fluorescence': False}"
RS_3386,"[1.03538588e-01 1.03635140e-01 1.03547853e-01 ... 2.36400439e-04
 7.63349189e-05 0.00000000e+00]",material,[ 100  102  104 ... 3194 3196 3198],157.35004203157484,2,"{'cosmic_spike': False, 'fluorescence': True}"
RS_3387,"[1.75520114e-03 4.47442029e-04 1.16658816e-03 ... 9.98757737e-01
 9.99220833e-01 1.00000000e+00]",material,[ 100  102  104 ... 3194 3196 3198],121.80883053449567,2,"{'cosmic_spike': False, 'fluorescence': True}"
RS_3388,"[0.00000000e+00 4.22498418e-04 4.48749874e-03 ... 6.26880554e-01
 6.28145717e-01 6.26139454e-01]",material,[ 100  102  104 ... 3194 3196 3198],190.44289610275737,2,"{'cosmic_spike': False, 'fluorescence': False}"
RS_3389,[0.67634637 0.67689969 0.67920126 ... 0.00165077 0.00243322 0.        ],material,[ 100  102  104 ... 3194 3196 3198],154.0515951380192,2,"{'cosmic_spike': False, 'fluorescence': False}"
RS_3390,[0.2214213  0.23415907 0.28769997 ... 0.08802445 0.05994818 0.13857114],material,[ 100  102  104 ... 3194 3196 3198],23.19261499325619,2,"{'cosmic_spike': False, 'fluorescence': True}"
RS_3391,[1.         0.99991131 0.99848655 ... 0.00212021 0.00102059 0.        ],material,[ 100  102  104 ... 3194 3196 3198],168.8011551534619,2,"{'cosmic_spike': False, 'fluorescence': False}"
RS_3392,[0.39847231 0.39890561 0.39929307 ... 0.00199092 0.00190133 0.        ],material,[ 100  102  104 ... 3194 3196 3198],160.89398993221798,2,"{'cosmic_spike': False, 'fluorescence': False}"
RS_3393,[0.20357176 0.25742601 0.25415679 ... 0.9813414  0.97946824 0.94267852],material,[ 100  102  104 ... 3194 3196 3198],25.71283305982919,2,"{'cosmic_spike': False, 'fluorescence': False}"
RS_3394,[0.39526882 0.39778997 0.39555863 ... 0.0009585  0.00320403 0.00053492],material,[ 100  102  104 ... 3194 3196 3198],117.49791952607119,2,"{'cosmic_spike': False, 'fluorescence': False}"
RS_3395,[0.86278691 0.86514592 0.86630479 ... 0.00299957 0.00158069 0.        ],material,[ 100  102  104 ... 3194 3196 3198],145.88743730502304,2,"{'cosmic_spike': False, 'fluorescence': False}"
RS_3396,"[0.00000000e+00 5.75103928e-04 4.33278816e-04 ... 9.98135861e-01
 9.98971160e-01 1.00000000e+00]",material,[ 100  102  104 ... 3194 3196 3198],102.72439813387484,2,"{'cosmic_spike': False, 'fluorescence': False}"
RS_3397,[0.34557549 0.34414861 0.34307796 ... 0.95184691 0.95375158 0.95544782],material,[ 100  102  104 ... 3194 3196 3198],102.82795132963821,2,"{'cosmic_spike': False, 'fluorescence': True}"
RS_3398,[0.9995832  1.         0.99951328 ... 0.00248622 0.00109855 0.        ],material,[ 100  102  104 ... 3194 3196 3198],160.95645138548576,2,"{'cosmic_spike': False, 'fluorescence': False}"
RS_3399,[0.         0.00146296 0.00207881 ... 0.98028437 0.98112624 0.98163169],material,[ 100  102  104 ... 3194 3196 3198],64.92546472062392,2,"{'cosmic_spike': True, 'fluorescence': True}"
RS_3400,[0.7566525  0.75681235 0.7599833  ... 0.0041059  0.00294799 0.        ],material,[ 100  102  104 ... 3194 3196 3198],87.19161338280597,2,"{'cosmic_spike': False, 'fluorescence': False}"
RS_3401,[0.47770703 0.48426049 0.46321418 ... 0.93262018 0.91625558 0.99520321],material,[ 100  102  104 ... 3194 3196 3198],21.282842969933423,2,"{'cosmic_spike': False, 'fluorescence': False}"
RS_3402,[0.14826063 0.14745185 0.13229388 ... 0.63800113 0.66686053 0.66500278],material,[ 100  102  104 ... 3194 3196 3198],28.431338486689036,2,"{'cosmic_spike': False, 'fluorescence': False}"
RS_3403,[0.94451323 0.9436212  0.94342666 ... 0.00229381 0.00104291 0.        ],material,[ 100  102  104 ... 3194 3196 3198],115.81934030435787,2,"{'cosmic_spike': False, 'fluorescence': True}"
RS_3404,[0.60321735 0.60268813 0.60083601 ... 0.49592316 0.49498731 0.49843719],material,[ 100  102  104 ... 3194 3196 3198],180.777292146781,2,"{'cosmic_spike': False, 'fluorescence': True}"
RS_3405,"[8.48066356e-01 8.75566185e-01 9.05004193e-01 ... 8.52321531e-04
 0.00000000e+00 1.94622142e-04]",material,[ 100  102  104 ... 3194 3196 3198],135.80946328016563,2,"{'cosmic_spike': False, 'fluorescence': False}"
RS_3406,[0.         0.00377016 0.01062792 ... 0.94517478 0.94504718 0.94449415],material,[ 100  102  104 ... 3194 3196 3198],59.09737953229201,2,"{'cosmic_spike': False, 'fluorescence': False}"
RS_3407,[0.62531358 0.67630099 0.63216487 ... 0.02612394 0.00218369 0.01401236],material,[ 100  102  104 ... 3194 3196 3198],29.55026979739328,2,"{'cosmic_spike': False, 'fluorescence': True}"
RS_3408,"[8.65591028e-01 8.66698900e-01 8.65794198e-01 ... 1.60535833e-03
 0.00000000e+00 4.72811574e-04]",material,[ 100  102  104 ... 3194 3196 3198],196.4364992494275,2,"{'cosmic_spike': False, 'fluorescence': False}"
RS_3409,[1.         0.99604635 0.99713743 ... 0.50628661 0.50787264 0.50956627],material,[ 100  102  104 ... 3194 3196 3198],85.69022766325936,2,"{'cosmic_spike': False, 'fluorescence': True}"
RS_3410,"[1.00000000e+00 9.98093013e-01 9.98627180e-01 ... 9.11763342e-04
 9.11174879e-04 4.33391909e-04]",material,[ 100  102  104 ... 3194 3196 3198],126.34828944983411,2,"{'cosmic_spike': True, 'fluorescence': False}"
RS_3411,[0.26487879 0.26500396 0.26621614 ... 0.99385236 0.99962858 1.        ],material,[ 100  102  104 ... 3194 3196 3198],48.16993616917875,2,"{'cosmic_spike': False, 'fluorescence': True}"
RS_3412,[0.45632864 0.45752147 0.45823165 ... 0.00243345 0.00292582 0.        ],material,[ 100  102  104 ... 3194 3196 3198],145.22516315642423,2,"{'cosmic_spike': False, 'fluorescence': False}"
RS_3413,[0.35433564 0.34423331 0.35378483 ... 0.99320393 1.         0.9841311 ],material,[ 100  102  104 ... 3194 3196 3198],27.02331930770708,2,"{'cosmic_spike': False, 'fluorescence': False}"
RS_3414,[0.         0.00438037 0.00646508 ... 0.60420598 0.60324747 0.60375455],material,[ 100  102  104 ... 3194 3196 3198],87.8212855440099,2,"{'cosmic_spike': False, 'fluorescence': True}"
RS_3415,[1.         0.99745532 0.99407393 ... 0.67412877 0.6754363  0.67849629],material,[ 100  102  104 ... 3194 3196 3198],69.85071076129842,2,"{'cosmic_spike': False, 'fluorescence': False}"
RS_3416,[0.30643124 0.3039028  0.30197934 ... 0.99451307 0.9968179  1.        ],material,[ 100  102  104 ... 3194 3196 3198],85.28853490363109,2,"{'cosmic_spike': False, 'fluorescence': False}"
RS_3417,[0.36061795 0.35953885 0.35670766 ... 0.99564917 0.99571669 1.        ],material,[ 100  102  104 ... 3194 3196 3198],110.34018624205969,2,"{'cosmic_spike': False, 'fluorescence': True}"
RS_3418,[0.00213014 0.00217528 0.00039441 ... 0.22254967 0.22145466 0.2205986 ],material,[ 100  102  104 ... 3194 3196 3198],161.21375791970456,2,"{'cosmic_spike': False, 'fluorescence': False}"
RS_3419,"[6.44269115e-04 0.00000000e+00 1.41881738e-03 ... 9.64126535e-01
 9.64380766e-01 9.64594893e-01]",material,[ 100  102  104 ... 3194 3196 3198],114.12858648937431,2,"{'cosmic_spike': False, 'fluorescence': True}"
RS_3420,"[0.00000000e+00 5.62992981e-04 2.99407891e-04 ... 9.98203239e-01
 9.98039384e-01 1.00000000e+00]",material,[ 100  102  104 ... 3194 3196 3198],143.3467171189153,2,"{'cosmic_spike': False, 'fluorescence': False}"
RS_3421,[0.1958359  0.20980784 0.22173915 ... 0.99663268 0.99768662 1.        ],material,[ 100  102  104 ... 3194 3196 3198],44.743846651966706,2,"{'cosmic_spike': False, 'fluorescence': False}"
RS_3422,[0.00213746 0.00620712 0.00745955 ... 0.5375946  0.52931299 0.52779328],material,[ 100  102  104 ... 3194 3196 3198],36.467417721089106,2,"{'cosmic_spike': False, 'fluorescence': False}"
RS_3423,[0.36963523 0.36777856 0.37172397 ... 0.00599401 0.00707539 0.        ],material,[ 100  102  104 ... 3194 3196 3198],48.7250423249236,2,"{'cosmic_spike': False, 'fluorescence': False}"
RS_3424,[0.32603534 0.32386151 0.32461793 ... 0.00964712 0.         0.0012432 ],material,[ 100  102  104 ... 3194 3196 3198],169.37785621318056,2,"{'cosmic_spike': False, 'fluorescence': False}"
RS_3425,[0.45809734 0.45648605 0.45545581 ... 0.76234309 0.76335691 0.7670349 ],material,[ 100  102  104 ... 3194 3196 3198],147.76927686547043,2,"{'cosmic_spike': False, 'fluorescence': True}"
RS_3426,[0.30832599 0.30833822 0.30834825 ... 0.00092016 0.00044016 0.        ],material,[ 100  102  104 ... 3194 3196 3198],57.73692587868368,2,"{'cosmic_spike': False, 'fluorescence': False}"
RS_3427,[0.63515985 0.63537928 0.63443153 ... 0.00231154 0.00374022 0.00340058],material,[ 100  102  104 ... 3194 3196 3198],65.72760534717133,2,"{'cosmic_spike': False, 'fluorescence': False}"
RS_3428,[0.90441557 0.92736731 0.92682794 ... 0.02897895 0.02161034 0.02023261],material,[ 100  102  104 ... 3194 3196 3198],22.45211321834318,2,"{'cosmic_spike': False, 'fluorescence': False}"
RS_3429,[0.78032551 0.77892524 0.77734362 ... 0.99650938 0.9986085  1.        ],material,[ 100  102  104 ... 3194 3196 3198],62.75817907611759,2,"{'cosmic_spike': False, 'fluorescence': False}"
RS_3430,[0.30496579 0.30503114 0.3024159  ... 0.99517693 0.99755159 1.        ],material,[ 100  102  104 ... 3194 3196 3198],196.58719557405465,2,"{'cosmic_spike': False, 'fluorescence': False}"
RS_3431,[0.52302942 0.52127089 0.51693072 ... 0.99827849 0.99779331 1.        ],material,[ 100  102  104 ... 3194 3196 3198],90.36372473439133,2,"{'cosmic_spike': True, 'fluorescence': True}"
RS_3432,[0.99937393 1.         0.99826258 ... 0.00229976 0.00140977 0.        ],material,[ 100  102  104 ... 3194 3196 3198],88.89734546079447,2,"{'cosmic_spike': False, 'fluorescence': False}"
RS_3433,"[9.99527599e-01 1.00000000e+00 9.99001459e-01 ... 1.65853641e-03
 3.49913939e-04 0.00000000e+00]",material,[ 100  102  104 ... 3194 3196 3198],133.1589042255173,2,"{'cosmic_spike': False, 'fluorescence': True}"
RS_3434,[0.98104942 0.99485033 1.         ... 0.0174032  0.01704639 0.01341327],material,[ 100  102  104 ... 3194 3196 3198],26.525343420013886,2,"{'cosmic_spike': False, 'fluorescence': True}"
RS_3435,[0.81211022 0.80987923 0.80881002 ... 0.99513397 0.99697182 1.        ],material,[ 100  102  104 ... 3194 3196 3198],111.98126147460351,2,"{'cosmic_spike': False, 'fluorescence': False}"
RS_3436,"[0.00000000e+00 4.29843174e-04 8.89553475e-04 ... 9.97972891e-01
 9.99468253e-01 1.00000000e+00]",material,[ 100  102  104 ... 3194 3196 3198],167.6902050522563,2,"{'cosmic_spike': False, 'fluorescence': False}"
RS_3437,[0.7577407  0.75721389 0.75874856 ... 0.00244995 0.00083751 0.        ],material,[ 100  102  104 ... 3194 3196 3198],66.68008854379661,2,"{'cosmic_spike': False, 'fluorescence': False}"
RS_3438,"[8.08127935e-01 8.07402458e-01 8.07609605e-01 ... 1.94776168e-03
 7.29456264e-04 0.00000000e+00]",material,[ 100  102  104 ... 3194 3196 3198],88.67066559580542,2,"{'cosmic_spike': False, 'fluorescence': False}"
RS_3439,[0.04597054 0.04563258 0.04569379 ... 0.13489823 0.13500991 0.13559941],material,[ 100  102  104 ... 3194 3196 3198],158.73844479983802,2,"{'cosmic_spike': False, 'fluorescence': True}"
RS_3440,[0.13775556 0.13787827 0.13818662 ... 0.00067597 0.00030753 0.        ],material,[ 100  102  104 ... 3194 3196 3198],181.9904530428044,2,"{'cosmic_spike': False, 'fluorescence': False}"
RS_3441,[0.59788989 0.59927507 0.59976414 ... 0.0041788  0.00248935 0.        ],material,[ 100  102  104 ... 3194 3196 3198],149.51279972996178,2,"{'cosmic_spike': False, 'fluorescence': True}"
RS_3442,[1.         0.99861108 0.99847922 ... 0.48733379 0.48989964 0.48997385],material,[ 100  102  104 ... 3194 3196 3198],165.388277839677,2,"{'cosmic_spike': False, 'fluorescence': False}"
RS_3443,[1.         0.99718245 0.99590903 ... 0.06299647 0.06279761 0.06443997],material,[ 100  102  104 ... 3194 3196 3198],181.2985758833047,2,"{'cosmic_spike': False, 'fluorescence': False}"
RS_3444,[0.87936611 0.87987025 0.87738409 ... 0.00205609 0.00186583 0.00097657],material,[ 100  102  104 ... 3194 3196 3198],199.83827780655997,2,"{'cosmic_spike': False, 'fluorescence': False}"
RS_3445,[0.13438384 0.13236837 0.15039844 ... 0.784535   0.79869449 0.80011253],material,[ 100  102  104 ... 3194 3196 3198],27.75394397454594,2,"{'cosmic_spike': False, 'fluorescence': False}"
RS_3446,[0.37785399 0.377162   0.37758518 ... 0.99672037 0.99887499 1.        ],material,[ 100  102  104 ... 3194 3196 3198],197.07587365977716,2,"{'cosmic_spike': False, 'fluorescence': False}"
RS_3447,[1.         0.99866276 0.99569353 ... 0.02430075 0.02552437 0.02601282],material,[ 100  102  104 ... 3194 3196 3198],70.50620699762763,2,"{'cosmic_spike': False, 'fluorescence': False}"
RS_3448,[1.         0.99669951 0.9956955  ... 0.29318144 0.29335327 0.29486781],material,[ 100  102  104 ... 3194 3196 3198],72.03290223059443,2,"{'cosmic_spike': False, 'fluorescence': False}"
RS_3449,[0.636722   0.63440456 0.63342603 ... 0.99387173 0.99668647 1.        ],material,[ 100  102  104 ... 3194 3196 3198],127.13782863701586,2,"{'cosmic_spike': False, 'fluorescence': False}"
RS_3450,[0.         0.00132179 0.00299755 ... 0.41081465 0.40949828 0.4081179 ],material,[ 100  102  104 ... 3194 3196 3198],123.35693340736934,2,"{'cosmic_spike': False, 'fluorescence': False}"
RS_3451,"[1.64300423e-04 0.00000000e+00 3.62413302e-03 ... 4.67287696e-01
 4.66818898e-01 4.65151163e-01]",material,[ 100  102  104 ... 3194 3196 3198],107.9895777440671,2,"{'cosmic_spike': False, 'fluorescence': True}"
RS_3452,[1.         0.9984887  0.99494789 ... 0.74887845 0.74915986 0.75179816],material,[ 100  102  104 ... 3194 3196 3198],171.96547562970179,2,"{'cosmic_spike': False, 'fluorescence': True}"
RS_3453,[0.05955246 0.07159119 0.08288293 ... 0.88921525 0.88660884 0.89147639],material,[ 100  102  104 ... 3194 3196 3198],46.70597012194457,2,"{'cosmic_spike': False, 'fluorescence': True}"
RS_3454,"[7.44696915e-01 7.48927021e-01 7.47104054e-01 ... 1.14161077e-03
 1.71027517e-03 2.25825768e-04]",material,[ 100  102  104 ... 3194 3196 3198],160.73562159813332,2,"{'cosmic_spike': False, 'fluorescence': False}"
RS_3455,[0.06367225 0.06800955 0.07586629 ... 0.32756598 0.32932907 0.3268134 ],material,[ 100  102  104 ... 3194 3196 3198],100.1037997242741,2,"{'cosmic_spike': False, 'fluorescence': False}"
RS_3456,[0.         0.00022907 0.00058948 ... 0.02409123 0.0242701  0.02385154],material,[ 100  102  104 ... 3194 3196 3198],168.93130757989664,2,"{'cosmic_spike': False, 'fluorescence': False}"
RS_3457,[0.18329714 0.1818249  0.1833294  ... 0.14910654 0.14601865 0.14992664],material,[ 100  102  104 ... 3194 3196 3198],147.90445764835653,2,"{'cosmic_spike': False, 'fluorescence': False}"
RS_3458,[0.94637269 0.94690106 0.94771564 ... 0.00189277 0.00165407 0.        ],material,[ 100  102  104 ... 3194 3196 3198],67.83687191953169,2,"{'cosmic_spike': False, 'fluorescence': False}"
RS_3459,[0.         0.0016515  0.00282754 ... 0.29548764 0.29395642 0.29283265],material,[ 100  102  104 ... 3194 3196 3198],195.26865647602943,2,"{'cosmic_spike': False, 'fluorescence': False}"
RS_3460,[0.37341416 0.37495263 0.37605467 ... 0.00302384 0.00208076 0.        ],material,[ 100  102  104 ... 3194 3196 3198],81.91687962659603,2,"{'cosmic_spike': False, 'fluorescence': False}"
RS_3461,"[7.16640984e-01 7.16922981e-01 7.18237859e-01 ... 1.18411399e-03
 2.55113373e-04 0.00000000e+00]",material,[ 100  102  104 ... 3194 3196 3198],109.31432173128577,2,"{'cosmic_spike': False, 'fluorescence': False}"
RS_3462,[0.69852972 0.69824398 0.69980068 ... 0.         0.00226317 0.00124489],material,[ 100  102  104 ... 3194 3196 3198],111.95266202583583,2,"{'cosmic_spike': False, 'fluorescence': False}"
RS_3463,[0.99900136 1.         0.9920172  ... 0.83865337 0.83908687 0.84175653],material,[ 100  102  104 ... 3194 3196 3198],153.47481349362232,2,"{'cosmic_spike': False, 'fluorescence': True}"
RS_3464,[0.         0.00150244 0.00273227 ... 0.95864145 0.95891456 0.95860836],material,[ 100  102  104 ... 3194 3196 3198],87.25711870224694,2,"{'cosmic_spike': False, 'fluorescence': False}"
RS_3465,[0.06703696 0.06857433 0.066402   ... 0.93156264 0.93337606 0.93432424],material,[ 100  102  104 ... 3194 3196 3198],188.18971949433802,2,"{'cosmic_spike': False, 'fluorescence': False}"
RS_3466,[0.         0.00263089 0.00302442 ... 0.84644814 0.8435684  0.84411999],material,[ 100  102  104 ... 3194 3196 3198],181.5237040153901,2,"{'cosmic_spike': False, 'fluorescence': True}"
RS_3467,[0.32121267 0.32165615 0.32795413 ... 0.00440744 0.00643169 0.        ],material,[ 100  102  104 ... 3194 3196 3198],46.27268908180699,2,"{'cosmic_spike': True, 'fluorescence': False}"
RS_3468,[0.10358737 0.10047321 0.10391659 ... 0.99755234 0.99884172 1.        ],material,[ 100  102  104 ... 3194 3196 3198],178.15541661097637,2,"{'cosmic_spike': False, 'fluorescence': False}"
RS_3469,[0.81969992 0.81993688 0.82032457 ... 0.00215257 0.00109267 0.        ],material,[ 100  102  104 ... 3194 3196 3198],68.11822718978783,2,"{'cosmic_spike': False, 'fluorescence': False}"
RS_3470,[0.9118011  0.91051346 0.90699517 ... 0.99108927 0.99000667 1.        ],material,[ 100  102  104 ... 3194 3196 3198],157.859315927047,2,"{'cosmic_spike': False, 'fluorescence': True}"
RS_3471,[0.         0.00694262 0.0046983  ... 0.51667695 0.51660946 0.51594564],material,[ 100  102  104 ... 3194 3196 3198],116.37594589660245,2,"{'cosmic_spike': True, 'fluorescence': True}"
RS_3472,[0.99894217 1.         0.99518063 ... 0.47428392 0.47222687 0.47475414],material,[ 100  102  104 ... 3194 3196 3198],46.203039113818704,2,"{'cosmic_spike': False, 'fluorescence': False}"
RS_3473,"[1.37642692e-04 0.00000000e+00 2.18325727e-03 ... 9.23195930e-01
 9.23664289e-01 9.22835986e-01]",material,[ 100  102  104 ... 3194 3196 3198],180.09773972313855,2,"{'cosmic_spike': False, 'fluorescence': False}"
RS_3474,[0.0989188  0.10187329 0.10437756 ... 0.00192428 0.00136936 0.        ],material,[ 100  102  104 ... 3194 3196 3198],61.166524177383124,2,"{'cosmic_spike': False, 'fluorescence': False}"
RS_3475,[0.07322338 0.         0.01482515 ... 0.38099848 0.42938497 0.44629667],material,[ 100  102  104 ... 3194 3196 3198],29.062534300457173,2,"{'cosmic_spike': False, 'fluorescence': True}"
RS_3476,[0.41688558 0.418112   0.41972038 ... 0.00499319 0.00186036 0.        ],material,[ 100  102  104 ... 3194 3196 3198],106.68323801996593,2,"{'cosmic_spike': True, 'fluorescence': True}"
RS_3477,[0.98000397 0.97787299 0.97644212 ... 0.16012542 0.16252715 0.15936975],material,[ 100  102  104 ... 3194 3196 3198],191.2801402747369,2,"{'cosmic_spike': False, 'fluorescence': True}"
RS_3478,[0.82329368 0.82400356 0.82346535 ... 0.0020416  0.00226597 0.        ],material,[ 100  102  104 ... 3194 3196 3198],179.4495114402615,2,"{'cosmic_spike': False, 'fluorescence': False}"
RS_3479,[0.20111375 0.20040743 0.19904145 ... 0.54229402 0.54143978 0.54258128],material,[ 100  102  104 ... 3194 3196 3198],103.50477414702232,2,"{'cosmic_spike': False, 'fluorescence': False}"
RS_3480,"[6.79582090e-01 6.80691218e-01 6.82595844e-01 ... 2.22916007e-03
 0.00000000e+00 2.64742984e-04]",material,[ 100  102  104 ... 3194 3196 3198],55.183448476850295,2,"{'cosmic_spike': False, 'fluorescence': True}"
RS_3481,[0.55520193 0.55572313 0.55419039 ... 0.00307262 0.00175677 0.        ],material,[ 100  102  104 ... 3194 3196 3198],170.53607526344143,2,"{'cosmic_spike': False, 'fluorescence': False}"
RS_3482,[0.24558576 0.26103176 0.28109745 ... 0.86727587 0.86936396 0.87073202],material,[ 100  102  104 ... 3194 3196 3198],152.90354594345405,2,"{'cosmic_spike': False, 'fluorescence': False}"
RS_3483,[0.         0.00233111 0.00418891 ... 0.72018277 0.72020618 0.71910231],material,[ 100  102  104 ... 3194 3196 3198],125.6159886774766,2,"{'cosmic_spike': False, 'fluorescence': False}"
RS_3484,"[3.21237023e-04 3.14816164e-04 4.79502253e-05 ... 8.60501929e-02
 8.54833062e-02 8.56678807e-02]",material,[ 100  102  104 ... 3194 3196 3198],126.2041182789039,2,"{'cosmic_spike': False, 'fluorescence': False}"
RS_3485,[0.02554784 0.01634726 0.06200739 ... 0.84686237 0.87694583 0.83776762],material,[ 100  102  104 ... 3194 3196 3198],20.790011432628063,2,"{'cosmic_spike': False, 'fluorescence': True}"
RS_3486,[0.04279341 0.04309584 0.04151211 ... 0.95579549 0.95439302 0.95661773],material,[ 100  102  104 ... 3194 3196 3198],181.66200932571437,2,"{'cosmic_spike': False, 'fluorescence': True}"
RS_3487,[0.03618794 0.04031135 0.04084258 ... 0.00331188 0.00119969 0.        ],material,[ 100  102  104 ... 3194 3196 3198],139.2430956487052,2,"{'cosmic_spike': False, 'fluorescence': False}"
RS_3488,[1.         0.99833354 0.99578422 ... 0.34205176 0.33876695 0.34255517],material,[ 100  102  104 ... 3194 3196 3198],130.01494397393301,2,"{'cosmic_spike': False, 'fluorescence': False}"
RS_3489,[1.         0.99863736 0.99740413 ... 0.00507521 0.00427407 0.00347363],material,[ 100  102  104 ... 3194 3196 3198],83.83937506006706,2,"{'cosmic_spike': True, 'fluorescence': False}"
RS_3490,[0.38708591 0.40005146 0.40961529 ... 0.00130104 0.         0.00073051],material,[ 100  102  104 ... 3194 3196 3198],64.12819122053872,2,"{'cosmic_spike': False, 'fluorescence': False}"
RS_3491,"[0.00000000e+00 1.42174973e-04 3.11963360e-03 ... 4.14865110e-01
 4.15640205e-01 4.14960715e-01]",material,[ 100  102  104 ... 3194 3196 3198],103.08950022825553,2,"{'cosmic_spike': False, 'fluorescence': False}"
RS_3492,"[4.76016227e-04 7.13130471e-05 2.50317982e-03 ... 2.79922123e-01
 2.79099456e-01 2.80576689e-01]",material,[ 100  102  104 ... 3194 3196 3198],85.62309836037134,2,"{'cosmic_spike': False, 'fluorescence': False}"
RS_3493,[0.00142388 0.00158221 0.00115321 ... 0.79802884 0.8004438  0.80157692],material,[ 100  102  104 ... 3194 3196 3198],157.58998491725504,2,"{'cosmic_spike': False, 'fluorescence': False}"
RS_3494,[0.91605581 0.93255028 0.92239085 ... 0.03258288 0.02412142 0.00562815],material,[ 100  102  104 ... 3194 3196 3198],43.455813937610934,2,"{'cosmic_spike': False, 'fluorescence': False}"
RS_3495,[0.         0.00199416 0.00519104 ... 0.2238115  0.22385777 0.22146518],material,[ 100  102  104 ... 3194 3196 3198],100.07153769878738,2,"{'cosmic_spike': False, 'fluorescence': False}"
RS_3496,"[1.00000000e+00 9.99982972e-01 9.98692325e-01 ... 2.41174229e-03
 0.00000000e+00 2.37736294e-04]",material,[ 100  102  104 ... 3194 3196 3198],128.357734284444,2,"{'cosmic_spike': False, 'fluorescence': False}"
RS_3497,[0.08128503 0.08889276 0.0853499  ... 0.00464355 0.00932008 0.        ],material,[ 100  102  104 ... 3194 3196 3198],34.6380337621355,2,"{'cosmic_spike': False, 'fluorescence': False}"
RS_3498,[0.07252088 0.0724453  0.07230257 ... 0.01022795 0.01038579 0.01036413],material,[ 100  102  104 ... 3194 3196 3198],138.87727636220856,2,"{'cosmic_spike': False, 'fluorescence': False}"
RS_3499,[0.21796201 0.21877555 0.21784362 ... 0.00453325 0.0069395  0.        ],material,[ 100  102  104 ... 3194 3196 3198],170.2436656103071,2,"{'cosmic_spike': True, 'fluorescence': False}"
